edge_id,u,v,key,timestamp_label,timestamp_iso,query_timestamp_iso,day_name,period,osm_length_m,osm_time_s,google_distance_m,google_time_s,multiplier,status,notes,source,log_stress,route_ratio,route_confidence,qc_exclusion_reasons,qc_included,value_provenance
7509933977_2317306668_0,7509933977,2317306668,0,mon_01,2026-06-01T01:00:00+07:00,2026-06-08T01:00:00+07:00,mon,night,231.87097871402517,40.427550622379,448,100,2.4735606896907623,ok,,google,0.9056586873420784,1.9321089792463184,0.26787782390884046,route_ratio_above_max,False,observed_google
7509933977_2317306668_0,7509933977,2317306668,0,mon_07,2026-06-01T07:00:00+07:00,2026-06-01T07:00:00+07:00,mon,am,231.87097871402517,40.427550622379,448,98,2.4240894758969467,ok,,google,0.8854559800245588,1.9321089792463184,0.26787782390884046,route_ratio_above_max,False,observed_google
7509933977_2317306668_0,7509933977,2317306668,0,mon_17,2026-06-01T17:00:00+07:00,2026-06-01T17:00:00+07:00,mon,pm,231.87097871402517,40.427550622379,448,102,2.5230319034845774,ok,,google,0.9254613146382581,1.9321089792463184,0.26787782390884046,route_ratio_above_max,False,observed_google
7509933977_2317306668_0,7509933977,2317306668,0,tue_01,2026-06-02T01:00:00+07:00,2026-06-02T01:00:00+07:00,tue,night,231.87097871402517,40.427550622379,448,100,2.4735606896907623,ok,,google,0.9056586873420784,1.9321089792463184,0.26787782390884046,route_ratio_above_max,False,observed_google
7509933977_2317306668_0,7509933977,2317306668,0,tue_07,2026-06-02T07:00:00+07:00,2026-06-02T07:00:00+07:00,tue,am,231.87097871402517,40.427550622379,448,102,2.5230319034845774,ok,,google,0.9254613146382581,1.9321089792463184,0.26787782390884046,route_ratio_above_max,False,observed_google
7509933977_2317306668_0,7509933977,2317306668,0,tue_17,2026-06-02T17:00:00+07:00,2026-06-02T17:00:00+07:00,tue,pm,231.87097871402517,40.427550622379,448,104,2.5725031172783925,ok,,google,0.9448794004953597,1.9321089792463184,0.26787782390884046,route_ratio_above_max,False,observed_google
7509933977_2317306668_0,7509933977,2317306668,0,wed_01,2026-06-03T01:00:00+07:00,2026-06-03T01:00:00+07:00,wed,night,231.87097871402517,40.427550622379,448,100,2.4735606896907623,ok,,google,0.9056586873420784,1.9321089792463184,0.26787782390884046,route_ratio_above_max,False,observed_google
7509933977_2317306668_0,7509933977,2317306668,0,wed_07,2026-06-03T07:00:00+07:00,2026-06-03T07:00:00+07:00,wed,am,231.87097871402517,40.427550622379,335,100,2.4735606896907623,ok,,google,0.9056586873420784,1.4447689911774926,0.47907463372510506,,True,observed_google
7509933977_2317306668_0,7509933977,2317306668,0,wed_17,2026-06-03T17:00:00+07:00,2026-06-03T17:00:00+07:00,wed,pm,231.87097871402517,40.427550622379,448,103,2.547767510381485,ok,,google,0.9352174895836228,1.9321089792463184,0.26787782390884046,route_ratio_above_max,False,observed_google
7509933977_2317306668_0,7509933977,2317306668,0,thu_01,2026-06-04T01:00:00+07:00,2026-06-04T01:00:00+07:00,thu,night,231.87097871402517,40.427550622379,448,100,2.4735606896907623,ok,,google,0.9056586873420784,1.9321089792463184,0.26787782390884046,route_ratio_above_max,False,observed_google
7509933977_2317306668_0,7509933977,2317306668,0,thu_07,2026-06-04T07:00:00+07:00,2026-06-04T07:00:00+07:00,thu,am,231.87097871402517,40.427550622379,448,103,2.547767510381485,ok,,google,0.9352174895836228,1.9321089792463184,0.26787782390884046,route_ratio_above_max,False,observed_google
7509933977_2317306668_0,7509933977,2317306668,0,thu_17,2026-06-04T17:00:00+07:00,2026-06-04T17:00:00+07:00,thu,pm,231.87097871402517,40.427550622379,448,103,2.547767510381485,ok,,google,0.9352174895836228,1.9321089792463184,0.26787782390884046,route_ratio_above_max,False,observed_google
7509933977_2317306668_0,7509933977,2317306668,0,fri_01,2026-06-05T01:00:00+07:00,2026-06-05T01:00:00+07:00,fri,night,231.87097871402517,40.427550622379,448,100,2.4735606896907623,ok,,google,0.9056586873420784,1.9321089792463184,0.26787782390884046,route_ratio_above_max,False,observed_google
7509933977_2317306668_0,7509933977,2317306668,0,fri_07,2026-06-05T07:00:00+07:00,2026-06-05T07:00:00+07:00,fri,am,231.87097871402517,40.427550622379,335,102,2.5230319034845774,ok,,google,0.9254613146382581,1.4447689911774926,0.47907463372510506,,True,observed_google
7509933977_2317306668_0,7509933977,2317306668,0,fri_17,2026-06-05T17:00:00+07:00,2026-06-05T17:00:00+07:00,fri,pm,231.87097871402517,40.427550622379,448,104,2.5725031172783925,ok,,google,0.9448794004953597,1.9321089792463184,0.26787782390884046,route_ratio_above_max,False,observed_google
7509933977_2317306668_0,7509933977,2317306668,0,sat_01,2026-06-06T01:00:00+07:00,2026-06-06T01:00:00+07:00,sat,night,231.87097871402517,40.427550622379,448,100,2.4735606896907623,ok,,google,0.9056586873420784,1.9321089792463184,0.26787782390884046,route_ratio_above_max,False,observed_google
7509933977_2317306668_0,7509933977,2317306668,0,sat_07,2026-06-06T07:00:00+07:00,2026-06-06T07:00:00+07:00,sat,am,231.87097871402517,40.427550622379,448,100,2.4735606896907623,ok,,google,0.9056586873420784,1.9321089792463184,0.26787782390884046,route_ratio_above_max,False,observed_google
7509933977_2317306668_0,7509933977,2317306668,0,sat_17,2026-06-06T17:00:00+07:00,2026-06-06T17:00:00+07:00,sat,pm,231.87097871402517,40.427550622379,448,102,2.5230319034845774,ok,,google,0.9254613146382581,1.9321089792463184,0.26787782390884046,route_ratio_above_max,False,observed_google
7509933977_2317306668_0,7509933977,2317306668,0,sun_01,2026-06-07T01:00:00+07:00,2026-06-07T01:00:00+07:00,sun,night,231.87097871402517,40.427550622379,448,100,2.4735606896907623,ok,,google,0.9056586873420784,1.9321089792463184,0.26787782390884046,route_ratio_above_max,False,observed_google
7509933977_2317306668_0,7509933977,2317306668,0,sun_07,2026-06-07T07:00:00+07:00,2026-06-07T07:00:00+07:00,sun,am,231.87097871402517,40.427550622379,448,101,2.49829629658767,ok,,google,0.9156090181952465,1.9321089792463184,0.26787782390884046,route_ratio_above_max,False,observed_google
7509933977_2317306668_0,7509933977,2317306668,0,sun_17,2026-06-07T17:00:00+07:00,2026-06-07T17:00:00+07:00,sun,pm,231.87097871402517,40.427550622379,448,102,2.5230319034845774,ok,,google,0.9254613146382581,1.9321089792463184,0.26787782390884046,route_ratio_above_max,False,observed_google
1438388885_1667734212_0,1438388885,1667734212,0,mon_01,2026-06-01T01:00:00+07:00,2026-06-08T01:00:00+07:00,mon,night,197.1583938678922,34.37528488009539,195,52,1.512714736223466,ok,,google,0.41390587520807554,0.9890524880754585,0.9782248241682551,,True,observed_google
1438388885_1667734212_0,1438388885,1667734212,0,mon_07,2026-06-01T07:00:00+07:00,2026-06-01T07:00:00+07:00,mon,am,197.1583938678922,34.37528488009539,195,41,1.1927173881761943,ok,,google,0.17623422333095604,0.9890524880754585,0.9782248241682551,,True,observed_google
1438388885_1667734212_0,1438388885,1667734212,0,mon_17,2026-06-01T17:00:00+07:00,2026-06-01T17:00:00+07:00,mon,pm,197.1583938678922,34.37528488009539,195,50,1.454533400214871,ok,,google,0.3746851620547943,0.9890524880754585,0.9782248241682551,,True,observed_google
1438388885_1667734212_0,1438388885,1667734212,0,tue_01,2026-06-02T01:00:00+07:00,2026-06-02T01:00:00+07:00,tue,night,197.1583938678922,34.37528488009539,195,37,1.0763547161590046,ok,,google,0.07358006927087263,0.9890524880754585,0.9782248241682551,,True,observed_google
1438388885_1667734212_0,1438388885,1667734212,0,tue_07,2026-06-02T07:00:00+07:00,2026-06-02T07:00:00+07:00,tue,am,197.1583938678922,34.37528488009539,195,46,1.3381707281976811,ok,,google,0.2913035531157432,0.9890524880754585,0.9782248241682551,,True,observed_google
1438388885_1667734212_0,1438388885,1667734212,0,tue_17,2026-06-02T17:00:00+07:00,2026-06-02T17:00:00+07:00,tue,pm,197.1583938678922,34.37528488009539,195,53,1.5418054042277634,ok,,google,0.43295407017877,0.9890524880754585,0.9782248241682551,,True,observed_google
1438388885_1667734212_0,1438388885,1667734212,0,wed_01,2026-06-03T01:00:00+07:00,2026-06-03T01:00:00+07:00,wed,night,197.1583938678922,34.37528488009539,195,51,1.4836240682191686,ok,,google,0.39448778935097406,0.9890524880754585,0.9782248241682551,,True,observed_google
1438388885_1667734212_0,1438388885,1667734212,0,wed_07,2026-06-03T07:00:00+07:00,2026-06-03T07:00:00+07:00,wed,am,197.1583938678922,34.37528488009539,195,46,1.3381707281976811,ok,,google,0.2913035531157432,0.9890524880754585,0.9782248241682551,,True,observed_google
1438388885_1667734212_0,1438388885,1667734212,0,wed_17,2026-06-03T17:00:00+07:00,2026-06-03T17:00:00+07:00,wed,pm,197.1583938678922,34.37528488009539,195,50,1.454533400214871,ok,,google,0.3746851620547943,0.9890524880754585,0.9782248241682551,,True,observed_google
1438388885_1667734212_0,1438388885,1667734212,0,thu_01,2026-06-04T01:00:00+07:00,2026-06-04T01:00:00+07:00,thu,night,197.1583938678922,34.37528488009539,195,45,1.309080060193384,ok,,google,0.26932464639696807,0.9890524880754585,0.9782248241682551,,True,observed_google
1438388885_1667734212_0,1438388885,1667734212,0,thu_07,2026-06-04T07:00:00+07:00,2026-06-04T07:00:00+07:00,thu,am,197.1583938678922,34.37528488009539,195,46,1.3381707281976811,ok,,google,0.2913035531157432,0.9890524880754585,0.9782248241682551,,True,observed_google
1438388885_1667734212_0,1438388885,1667734212,0,thu_17,2026-06-04T17:00:00+07:00,2026-06-04T17:00:00+07:00,thu,pm,197.1583938678922,34.37528488009539,195,53,1.5418054042277634,ok,,google,0.43295407017877,0.9890524880754585,0.9782248241682551,,True,observed_google
1438388885_1667734212_0,1438388885,1667734212,0,fri_01,2026-06-05T01:00:00+07:00,2026-06-05T01:00:00+07:00,fri,night,197.1583938678922,34.37528488009539,195,49,1.4254427322105736,ok,,google,0.3544824547372748,0.9890524880754585,0.9782248241682551,,True,observed_google
1438388885_1667734212_0,1438388885,1667734212,0,fri_07,2026-06-05T07:00:00+07:00,2026-06-05T07:00:00+07:00,fri,am,197.1583938678922,34.37528488009539,195,43,1.250898724184789,ok,,google,0.2238622723202106,0.9890524880754585,0.9782248241682551,,True,observed_google
1438388885_1667734212_0,1438388885,1667734212,0,fri_17,2026-06-05T17:00:00+07:00,2026-06-05T17:00:00+07:00,fri,pm,197.1583938678922,34.37528488009539,195,46,1.3381707281976811,ok,,google,0.2913035531157432,0.9890524880754585,0.9782248241682551,,True,observed_google
1438388885_1667734212_0,1438388885,1667734212,0,sat_01,2026-06-06T01:00:00+07:00,2026-06-06T01:00:00+07:00,sat,night,197.1583938678922,34.37528488009539,195,40,1.1636267201718968,ok,,google,0.15154161074058448,0.9890524880754585,0.9782248241682551,,True,observed_google
1438388885_1667734212_0,1438388885,1667734212,0,sat_07,2026-06-06T07:00:00+07:00,2026-06-06T07:00:00+07:00,sat,am,197.1583938678922,34.37528488009539,195,45,1.309080060193384,ok,,google,0.26932464639696807,0.9890524880754585,0.9782248241682551,,True,observed_google
1438388885_1667734212_0,1438388885,1667734212,0,sat_17,2026-06-06T17:00:00+07:00,2026-06-06T17:00:00+07:00,sat,pm,197.1583938678922,34.37528488009539,195,49,1.4254427322105736,ok,,google,0.3544824547372748,0.9890524880754585,0.9782248241682551,,True,observed_google
1438388885_1667734212_0,1438388885,1667734212,0,sun_01,2026-06-07T01:00:00+07:00,2026-06-07T01:00:00+07:00,sun,night,197.1583938678922,34.37528488009539,195,46,1.3381707281976811,ok,,google,0.2913035531157432,0.9890524880754585,0.9782248241682551,,True,observed_google
1438388885_1667734212_0,1438388885,1667734212,0,sun_07,2026-06-07T07:00:00+07:00,2026-06-07T07:00:00+07:00,sun,am,197.1583938678922,34.37528488009539,195,46,1.3381707281976811,ok,,google,0.2913035531157432,0.9890524880754585,0.9782248241682551,,True,observed_google
1438388885_1667734212_0,1438388885,1667734212,0,sun_17,2026-06-07T17:00:00+07:00,2026-06-07T17:00:00+07:00,sun,pm,197.1583938678922,34.37528488009539,195,50,1.454533400214871,ok,,google,0.3746851620547943,0.9890524880754585,0.9782248241682551,,True,observed_google
4161973266_4161973280_0,4161973266,4161973280,0,mon_01,2026-06-01T01:00:00+07:00,2026-06-08T01:00:00+07:00,mon,night,90.62113968260532,15.80012614038536,91,21,1.329103313063032,ok,,google,0.2845045141536767,1.0041807057240906,0.991690732686181,,True,observed_google
4161973266_4161973280_0,4161973266,4161973280,0,mon_07,2026-06-01T07:00:00+07:00,2026-06-01T07:00:00+07:00,mon,am,90.62113968260532,15.80012614038536,91,24,1.5189752149291795,ok,,google,0.41803590677819935,1.0041807057240906,0.991690732686181,,True,observed_google
4161973266_4161973280_0,4161973266,4161973280,0,mon_17,2026-06-01T17:00:00+07:00,2026-06-01T17:00:00+07:00,mon,pm,90.62113968260532,15.80012614038536,91,25,1.582265848884562,ok,,google,0.4588579012984545,1.0041807057240906,0.991690732686181,,True,observed_google
4161973266_4161973280_0,4161973266,4161973280,0,tue_01,2026-06-02T01:00:00+07:00,2026-06-02T01:00:00+07:00,tue,night,90.62113968260532,15.80012614038536,91,21,1.329103313063032,ok,,google,0.2845045141536767,1.0041807057240906,0.991690732686181,,True,observed_google
4161973266_4161973280_0,4161973266,4161973280,0,tue_07,2026-06-02T07:00:00+07:00,2026-06-02T07:00:00+07:00,tue,am,90.62113968260532,15.80012614038536,91,20,1.2658126791076496,ok,,google,0.23571434998424473,1.0041807057240906,0.991690732686181,,True,observed_google
4161973266_4161973280_0,4161973266,4161973280,0,tue_17,2026-06-02T17:00:00+07:00,2026-06-02T17:00:00+07:00,tue,pm,90.62113968260532,15.80012614038536,91,29,1.835428384706092,ok,,google,0.6072779064167277,1.0041807057240906,0.991690732686181,,True,observed_google
4161973266_4161973280_0,4161973266,4161973280,0,wed_01,2026-06-03T01:00:00+07:00,2026-06-03T01:00:00+07:00,wed,night,90.62113968260532,15.80012614038536,91,21,1.329103313063032,ok,,google,0.2845045141536767,1.0041807057240906,0.991690732686181,,True,observed_google
4161973266_4161973280_0,4161973266,4161973280,0,wed_07,2026-06-03T07:00:00+07:00,2026-06-03T07:00:00+07:00,wed,am,90.62113968260532,15.80012614038536,91,23,1.455684580973797,ok,,google,0.37547629235940344,1.0041807057240906,0.991690732686181,,True,observed_google
4161973266_4161973280_0,4161973266,4161973280,0,wed_17,2026-06-03T17:00:00+07:00,2026-06-03T17:00:00+07:00,wed,pm,90.62113968260532,15.80012614038536,91,21,1.329103313063032,ok,,google,0.2845045141536767,1.0041807057240906,0.991690732686181,,True,observed_google
4161973266_4161973280_0,4161973266,4161973280,0,thu_01,2026-06-04T01:00:00+07:00,2026-06-04T01:00:00+07:00,thu,night,90.62113968260532,15.80012614038536,91,21,1.329103313063032,ok,,google,0.2845045141536767,1.0041807057240906,0.991690732686181,,True,observed_google
4161973266_4161973280_0,4161973266,4161973280,0,thu_07,2026-06-04T07:00:00+07:00,2026-06-04T07:00:00+07:00,thu,am,90.62113968260532,15.80012614038536,91,21,1.329103313063032,ok,,google,0.2845045141536767,1.0041807057240906,0.991690732686181,,True,observed_google
4161973266_4161973280_0,4161973266,4161973280,0,thu_17,2026-06-04T17:00:00+07:00,2026-06-04T17:00:00+07:00,thu,pm,90.62113968260532,15.80012614038536,91,23,1.455684580973797,ok,,google,0.37547629235940344,1.0041807057240906,0.991690732686181,,True,observed_google
4161973266_4161973280_0,4161973266,4161973280,0,fri_01,2026-06-05T01:00:00+07:00,2026-06-05T01:00:00+07:00,fri,night,90.62113968260532,15.80012614038536,91,21,1.329103313063032,ok,,google,0.2845045141536767,1.0041807057240906,0.991690732686181,,True,observed_google
4161973266_4161973280_0,4161973266,4161973280,0,fri_07,2026-06-05T07:00:00+07:00,2026-06-05T07:00:00+07:00,fri,am,90.62113968260532,15.80012614038536,91,29,1.835428384706092,ok,,google,0.6072779064167277,1.0041807057240906,0.991690732686181,,True,observed_google
4161973266_4161973280_0,4161973266,4161973280,0,fri_17,2026-06-05T17:00:00+07:00,2026-06-05T17:00:00+07:00,fri,pm,90.62113968260532,15.80012614038536,91,23,1.455684580973797,ok,,google,0.37547629235940344,1.0041807057240906,0.991690732686181,,True,observed_google
4161973266_4161973280_0,4161973266,4161973280,0,sat_01,2026-06-06T01:00:00+07:00,2026-06-06T01:00:00+07:00,sat,night,90.62113968260532,15.80012614038536,91,21,1.329103313063032,ok,,google,0.2845045141536767,1.0041807057240906,0.991690732686181,,True,observed_google
4161973266_4161973280_0,4161973266,4161973280,0,sat_07,2026-06-06T07:00:00+07:00,2026-06-06T07:00:00+07:00,sat,am,90.62113968260532,15.80012614038536,91,25,1.582265848884562,ok,,google,0.4588579012984545,1.0041807057240906,0.991690732686181,,True,observed_google
4161973266_4161973280_0,4161973266,4161973280,0,sat_17,2026-06-06T17:00:00+07:00,2026-06-06T17:00:00+07:00,sat,pm,90.62113968260532,15.80012614038536,91,25,1.582265848884562,ok,,google,0.4588579012984545,1.0041807057240906,0.991690732686181,,True,observed_google
4161973266_4161973280_0,4161973266,4161973280,0,sun_01,2026-06-07T01:00:00+07:00,2026-06-07T01:00:00+07:00,sun,night,90.62113968260532,15.80012614038536,91,21,1.329103313063032,ok,,google,0.2845045141536767,1.0041807057240906,0.991690732686181,,True,observed_google
4161973266_4161973280_0,4161973266,4161973280,0,sun_07,2026-06-07T07:00:00+07:00,2026-06-07T07:00:00+07:00,sun,am,90.62113968260532,15.80012614038536,91,20,1.2658126791076496,ok,,google,0.23571434998424473,1.0041807057240906,0.991690732686181,,True,observed_google
4161973266_4161973280_0,4161973266,4161973280,0,sun_17,2026-06-07T17:00:00+07:00,2026-06-07T17:00:00+07:00,sun,pm,90.62113968260532,15.80012614038536,91,21,1.329103313063032,ok,,google,0.2845045141536767,1.0041807057240906,0.991690732686181,,True,observed_google
5197936381_3443083768_0,5197936381,3443083768,0,mon_01,2026-06-01T01:00:00+07:00,2026-06-08T01:00:00+07:00,mon,night,56.53273375047726,9.85668826773556,59,20,2.029079083840675,ok,,google,0.7075820368414595,1.0436431441722365,0.9181126070963376,,True,observed_google
5197936381_3443083768_0,5197936381,3443083768,0,mon_07,2026-06-01T07:00:00+07:00,2026-06-01T07:00:00+07:00,mon,am,56.53273375047726,9.85668826773556,59,19,1.9276251296486413,ok,,google,0.656288742453909,1.0436431441722365,0.9181126070963376,,True,observed_google
5197936381_3443083768_0,5197936381,3443083768,0,mon_17,2026-06-01T17:00:00+07:00,2026-06-01T17:00:00+07:00,mon,pm,56.53273375047726,9.85668826773556,59,25,2.536348854800844,ok,,google,0.9307255881556692,1.0436431441722365,0.9181126070963376,,True,observed_google
5197936381_3443083768_0,5197936381,3443083768,0,tue_01,2026-06-02T01:00:00+07:00,2026-06-02T01:00:00+07:00,tue,night,56.53273375047726,9.85668826773556,59,22,2.2319869922247424,ok,,google,0.8028922166457843,1.0436431441722365,0.9181126070963376,,True,observed_google
5197936381_3443083768_0,5197936381,3443083768,0,tue_07,2026-06-02T07:00:00+07:00,2026-06-02T07:00:00+07:00,tue,am,56.53273375047726,9.85668826773556,59,23,2.333440946416776,ok,,google,0.8473439792166181,1.0436431441722365,0.9181126070963376,,True,observed_google
5197936381_3443083768_0,5197936381,3443083768,0,tue_17,2026-06-02T17:00:00+07:00,2026-06-02T17:00:00+07:00,tue,pm,56.53273375047726,9.85668826773556,59,26,2.6378028089928773,ok,,google,0.9699463013089504,1.0436431441722365,0.9181126070963376,,True,observed_google
5197936381_3443083768_0,5197936381,3443083768,0,wed_01,2026-06-03T01:00:00+07:00,2026-06-03T01:00:00+07:00,wed,night,56.53273375047726,9.85668826773556,59,19,1.9276251296486413,ok,,google,0.656288742453909,1.0436431441722365,0.9181126070963376,,True,observed_google
5197936381_3443083768_0,5197936381,3443083768,0,wed_07,2026-06-03T07:00:00+07:00,2026-06-03T07:00:00+07:00,wed,am,56.53273375047726,9.85668826773556,59,24,2.43489490060881,ok,,google,0.8899035936354142,1.0436431441722365,0.9181126070963376,,True,observed_google
5197936381_3443083768_0,5197936381,3443083768,0,wed_17,2026-06-03T17:00:00+07:00,2026-06-03T17:00:00+07:00,wed,pm,56.53273375047726,9.85668826773556,59,24,2.43489490060881,ok,,google,0.8899035936354142,1.0436431441722365,0.9181126070963376,,True,observed_google
5197936381_3443083768_0,5197936381,3443083768,0,thu_01,2026-06-04T01:00:00+07:00,2026-06-04T01:00:00+07:00,thu,night,56.53273375047726,9.85668826773556,59,22,2.2319869922247424,ok,,google,0.8028922166457843,1.0436431441722365,0.9181126070963376,,True,observed_google
5197936381_3443083768_0,5197936381,3443083768,0,thu_07,2026-06-04T07:00:00+07:00,2026-06-04T07:00:00+07:00,thu,am,56.53273375047726,9.85668826773556,59,25,2.536348854800844,ok,,google,0.9307255881556692,1.0436431441722365,0.9181126070963376,,True,observed_google
5197936381_3443083768_0,5197936381,3443083768,0,thu_17,2026-06-04T17:00:00+07:00,2026-06-04T17:00:00+07:00,thu,pm,56.53273375047726,9.85668826773556,59,26,2.6378028089928773,ok,,google,0.9699463013089504,1.0436431441722365,0.9181126070963376,,True,observed_google
5197936381_3443083768_0,5197936381,3443083768,0,fri_01,2026-06-05T01:00:00+07:00,2026-06-05T01:00:00+07:00,fri,night,56.53273375047726,9.85668826773556,59,22,2.2319869922247424,ok,,google,0.8028922166457843,1.0436431441722365,0.9181126070963376,,True,observed_google
5197936381_3443083768_0,5197936381,3443083768,0,fri_07,2026-06-05T07:00:00+07:00,2026-06-05T07:00:00+07:00,fri,am,56.53273375047726,9.85668826773556,59,27,2.7392567631849114,ok,,google,1.0076866292917976,1.0436431441722365,0.9181126070963376,,True,observed_google
5197936381_3443083768_0,5197936381,3443083768,0,fri_17,2026-06-05T17:00:00+07:00,2026-06-05T17:00:00+07:00,fri,pm,56.53273375047726,9.85668826773556,59,25,2.536348854800844,ok,,google,0.9307255881556692,1.0436431441722365,0.9181126070963376,,True,observed_google
5197936381_3443083768_0,5197936381,3443083768,0,sat_01,2026-06-06T01:00:00+07:00,2026-06-06T01:00:00+07:00,sat,night,56.53273375047726,9.85668826773556,59,22,2.2319869922247424,ok,,google,0.8028922166457843,1.0436431441722365,0.9181126070963376,,True,observed_google
5197936381_3443083768_0,5197936381,3443083768,0,sat_07,2026-06-06T07:00:00+07:00,2026-06-06T07:00:00+07:00,sat,am,56.53273375047726,9.85668826773556,59,23,2.333440946416776,ok,,google,0.8473439792166181,1.0436431441722365,0.9181126070963376,,True,observed_google
5197936381_3443083768_0,5197936381,3443083768,0,sat_17,2026-06-06T17:00:00+07:00,2026-06-06T17:00:00+07:00,sat,pm,56.53273375047726,9.85668826773556,59,26,2.6378028089928773,ok,,google,0.9699463013089504,1.0436431441722365,0.9181126070963376,,True,observed_google
5197936381_3443083768_0,5197936381,3443083768,0,sun_01,2026-06-07T01:00:00+07:00,2026-06-07T01:00:00+07:00,sun,night,56.53273375047726,9.85668826773556,59,19,1.9276251296486413,ok,,google,0.656288742453909,1.0436431441722365,0.9181126070963376,,True,observed_google
5197936381_3443083768_0,5197936381,3443083768,0,sun_07,2026-06-07T07:00:00+07:00,2026-06-07T07:00:00+07:00,sun,am,56.53273375047726,9.85668826773556,59,25,2.536348854800844,ok,,google,0.9307255881556692,1.0436431441722365,0.9181126070963376,,True,observed_google
5197936381_3443083768_0,5197936381,3443083768,0,sun_17,2026-06-07T17:00:00+07:00,2026-06-07T17:00:00+07:00,sun,pm,56.53273375047726,9.85668826773556,59,23,2.333440946416776,ok,,google,0.8473439792166181,1.0436431441722365,0.9181126070963376,,True,observed_google
29377272_5504550388_0,29377272,5504550388,0,mon_01,2026-06-01T01:00:00+07:00,2026-06-08T01:00:00+07:00,mon,night,161.09057961719463,28.086729949480265,1148,247,8.79418858814394,ok,,google,2.174091115621232,7.126425410648058,0.01969048947526051,route_ratio_above_max,False,observed_google
29377272_5504550388_0,29377272,5504550388,0,mon_07,2026-06-01T07:00:00+07:00,2026-06-01T07:00:00+07:00,mon,am,161.09057961719463,28.086729949480265,1148,254,9.043416604811988,ok,,google,2.2020370460117915,7.126425410648058,0.01969048947526051,route_ratio_above_max,False,observed_google
29377272_5504550388_0,29377272,5504550388,0,mon_17,2026-06-01T17:00:00+07:00,2026-06-01T17:00:00+07:00,mon,pm,161.09057961719463,28.086729949480265,1148,267,9.506268635766933,ok,,google,2.2519514373935046,7.126425410648058,0.01969048947526051,route_ratio_above_max,False,observed_google
29377272_5504550388_0,29377272,5504550388,0,tue_01,2026-06-02T01:00:00+07:00,2026-06-02T01:00:00+07:00,tue,night,161.09057961719463,28.086729949480265,1148,224,7.975296533377501,ok,,google,2.076348830848295,7.126425410648058,0.01969048947526051,route_ratio_above_max,False,observed_google
29377272_5504550388_0,29377272,5504550388,0,tue_07,2026-06-02T07:00:00+07:00,2026-06-02T07:00:00+07:00,tue,am,161.09057961719463,28.086729949480265,1148,236,8.402544561951297,ok,,google,2.128534584018865,7.126425410648058,0.01969048947526051,route_ratio_above_max,False,observed_google
29377272_5504550388_0,29377272,5504550388,0,tue_17,2026-06-02T17:00:00+07:00,2026-06-02T17:00:00+07:00,tue,pm,161.09057961719463,28.086729949480265,1148,270,9.61308064291038,ok,,google,2.2631247379916295,7.126425410648058,0.01969048947526051,route_ratio_above_max,False,observed_google
29377272_5504550388_0,29377272,5504550388,0,wed_01,2026-06-03T01:00:00+07:00,2026-06-03T01:00:00+07:00,wed,night,161.09057961719463,28.086729949480265,1148,227,8.08210854052095,ok,,google,2.089652796474658,7.126425410648058,0.01969048947526051,route_ratio_above_max,False,observed_google
29377272_5504550388_0,29377272,5504550388,0,wed_07,2026-06-03T07:00:00+07:00,2026-06-03T07:00:00+07:00,wed,am,161.09057961719463,28.086729949480265,1148,246,8.758584585762792,ok,,google,2.170034314925618,7.126425410648058,0.01969048947526051,route_ratio_above_max,False,observed_google
29377272_5504550388_0,29377272,5504550388,0,wed_17,2026-06-03T17:00:00+07:00,2026-06-03T17:00:00+07:00,wed,pm,161.09057961719463,28.086729949480265,1148,258,9.185832614336586,ok,,google,2.2176623639148723,7.126425410648058,0.01969048947526051,route_ratio_above_max,False,observed_google
29377272_5504550388_0,29377272,5504550388,0,thu_01,2026-06-04T01:00:00+07:00,2026-06-04T01:00:00+07:00,thu,night,161.09057961719463,28.086729949480265,1148,230,8.188920547664399,ok,,google,2.1027820879164505,7.126425410648058,0.01969048947526051,route_ratio_above_max,False,observed_google
29377272_5504550388_0,29377272,5504550388,0,thu_07,2026-06-04T07:00:00+07:00,2026-06-04T07:00:00+07:00,thu,am,161.09057961719463,28.086729949480265,1148,251,8.93660459766854,ok,,google,2.190155718125039,7.126425410648058,0.01969048947526051,route_ratio_above_max,False,observed_google
29377272_5504550388_0,29377272,5504550388,0,thu_17,2026-06-04T17:00:00+07:00,2026-06-04T17:00:00+07:00,thu,pm,161.09057961719463,28.086729949480265,1148,275,9.791100654816129,ok,,google,2.281473876659826,7.126425410648058,0.01969048947526051,route_ratio_above_max,False,observed_google
29377272_5504550388_0,29377272,5504550388,0,fri_01,2026-06-05T01:00:00+07:00,2026-06-05T01:00:00+07:00,fri,night,161.09057961719463,28.086729949480265,1148,222,7.904088528615202,ok,,google,2.0673801608655342,7.126425410648058,0.01969048947526051,route_ratio_above_max,False,observed_google
29377272_5504550388_0,29377272,5504550388,0,fri_07,2026-06-05T07:00:00+07:00,2026-06-05T07:00:00+07:00,fri,am,161.09057961719463,28.086729949480265,1148,242,8.616168576238193,ok,,google,2.153640505149941,7.126425410648058,0.01969048947526051,route_ratio_above_max,False,observed_google
29377272_5504550388_0,29377272,5504550388,0,fri_17,2026-06-05T17:00:00+07:00,2026-06-05T17:00:00+07:00,fri,pm,161.09057961719463,28.086729949480265,1148,262,9.328248623861183,ok,,google,2.233047282754352,7.126425410648058,0.01969048947526051,route_ratio_above_max,False,observed_google
29377272_5504550388_0,29377272,5504550388,0,sat_01,2026-06-06T01:00:00+07:00,2026-06-06T01:00:00+07:00,sat,night,161.09057961719463,28.086729949480265,1148,226,8.0465045381398,ok,,google,2.0852377782655407,7.126425410648058,0.01969048947526051,route_ratio_above_max,False,observed_google
29377272_5504550388_0,29377272,5504550388,0,sat_07,2026-06-06T07:00:00+07:00,2026-06-06T07:00:00+07:00,sat,am,161.09057961719463,28.086729949480265,1148,239,8.509356569094745,ok,,google,2.1411663309247655,7.126425410648058,0.01969048947526051,route_ratio_above_max,False,observed_google
29377272_5504550388_0,29377272,5504550388,0,sat_17,2026-06-06T17:00:00+07:00,2026-06-06T17:00:00+07:00,sat,pm,161.09057961719463,28.086729949480265,1148,254,9.043416604811988,ok,,google,2.2020370460117915,7.126425410648058,0.01969048947526051,route_ratio_above_max,False,observed_google
29377272_5504550388_0,29377272,5504550388,0,sun_01,2026-06-07T01:00:00+07:00,2026-06-07T01:00:00+07:00,sun,night,161.09057961719463,28.086729949480265,1148,226,8.0465045381398,ok,,google,2.0852377782655407,7.126425410648058,0.01969048947526051,route_ratio_above_max,False,observed_google
29377272_5504550388_0,29377272,5504550388,0,sun_07,2026-06-07T07:00:00+07:00,2026-06-07T07:00:00+07:00,sun,am,161.09057961719463,28.086729949480265,1148,257,9.150228611955436,ok,,google,2.2137788638884746,7.126425410648058,0.01969048947526051,route_ratio_above_max,False,observed_google
29377272_5504550388_0,29377272,5504550388,0,sun_17,2026-06-07T17:00:00+07:00,2026-06-07T17:00:00+07:00,sun,pm,161.09057961719463,28.086729949480265,1148,248,8.829792590525091,ok,,google,2.178131525158237,7.126425410648058,0.01969048947526051,route_ratio_above_max,False,observed_google
25773222_1849960309_0,25773222,1849960309,0,mon_01,2026-06-01T01:00:00+07:00,2026-06-08T01:00:00+07:00,mon,night,50.68167472720019,8.8365347919968,47,11,1.2448318553515616,ok,,google,0.2190004648532751,0.9273568849684385,0.8599907920983656,,True,observed_google
25773222_1849960309_0,25773222,1849960309,0,mon_07,2026-06-01T07:00:00+07:00,2026-06-01T07:00:00+07:00,mon,am,50.68167472720019,8.8365347919968,47,13,1.4711649199609362,ok,,google,0.38605454951644114,0.9273568849684385,0.8599907920983656,,True,observed_google
25773222_1849960309_0,25773222,1849960309,0,mon_17,2026-06-01T17:00:00+07:00,2026-06-01T17:00:00+07:00,mon,pm,50.68167472720019,8.8365347919968,47,14,1.5843314522656238,ok,,google,0.46016252167016314,0.9273568849684385,0.8599907920983656,,True,observed_google
25773222_1849960309_0,25773222,1849960309,0,tue_01,2026-06-02T01:00:00+07:00,2026-06-02T01:00:00+07:00,tue,night,50.68167472720019,8.8365347919968,47,11,1.2448318553515616,ok,,google,0.2190004648532751,0.9273568849684385,0.8599907920983656,,True,observed_google
25773222_1849960309_0,25773222,1849960309,0,tue_07,2026-06-02T07:00:00+07:00,2026-06-02T07:00:00+07:00,tue,am,50.68167472720019,8.8365347919968,47,14,1.5843314522656238,ok,,google,0.46016252167016314,0.9273568849684385,0.8599907920983656,,True,observed_google
25773222_1849960309_0,25773222,1849960309,0,tue_17,2026-06-02T17:00:00+07:00,2026-06-02T17:00:00+07:00,tue,pm,50.68167472720019,8.8365347919968,47,11,1.2448318553515616,ok,,google,0.2190004648532751,0.9273568849684385,0.8599907920983656,,True,observed_google
25773222_1849960309_0,25773222,1849960309,0,wed_01,2026-06-03T01:00:00+07:00,2026-06-03T01:00:00+07:00,wed,night,50.68167472720019,8.8365347919968,47,3,0.3394995969140622,ok,,google,-1.0802825192769858,0.9273568849684385,0.8599907920983656,,True,observed_google
25773222_1849960309_0,25773222,1849960309,0,wed_07,2026-06-03T07:00:00+07:00,2026-06-03T07:00:00+07:00,wed,am,50.68167472720019,8.8365347919968,47,12,1.357998387656249,ok,,google,0.3060118418429048,0.9273568849684385,0.8599907920983656,,True,observed_google
25773222_1849960309_0,25773222,1849960309,0,wed_17,2026-06-03T17:00:00+07:00,2026-06-03T17:00:00+07:00,wed,pm,50.68167472720019,8.8365347919968,47,13,1.4711649199609362,ok,,google,0.38605454951644114,0.9273568849684385,0.8599907920983656,,True,observed_google
25773222_1849960309_0,25773222,1849960309,0,thu_01,2026-06-04T01:00:00+07:00,2026-06-04T01:00:00+07:00,thu,night,50.68167472720019,8.8365347919968,47,11,1.2448318553515616,ok,,google,0.2190004648532751,0.9273568849684385,0.8599907920983656,,True,observed_google
25773222_1849960309_0,25773222,1849960309,0,thu_07,2026-06-04T07:00:00+07:00,2026-06-04T07:00:00+07:00,thu,am,50.68167472720019,8.8365347919968,47,14,1.5843314522656238,ok,,google,0.46016252167016314,0.9273568849684385,0.8599907920983656,,True,observed_google
25773222_1849960309_0,25773222,1849960309,0,thu_17,2026-06-04T17:00:00+07:00,2026-06-04T17:00:00+07:00,thu,pm,50.68167472720019,8.8365347919968,47,13,1.4711649199609362,ok,,google,0.38605454951644114,0.9273568849684385,0.8599907920983656,,True,observed_google
25773222_1849960309_0,25773222,1849960309,0,fri_01,2026-06-05T01:00:00+07:00,2026-06-05T01:00:00+07:00,fri,night,50.68167472720019,8.8365347919968,47,3,0.3394995969140622,ok,,google,-1.0802825192769858,0.9273568849684385,0.8599907920983656,,True,observed_google
25773222_1849960309_0,25773222,1849960309,0,fri_07,2026-06-05T07:00:00+07:00,2026-06-05T07:00:00+07:00,fri,am,50.68167472720019,8.8365347919968,47,12,1.357998387656249,ok,,google,0.3060118418429048,0.9273568849684385,0.8599907920983656,,True,observed_google
25773222_1849960309_0,25773222,1849960309,0,fri_17,2026-06-05T17:00:00+07:00,2026-06-05T17:00:00+07:00,fri,pm,50.68167472720019,8.8365347919968,47,13,1.4711649199609362,ok,,google,0.38605454951644114,0.9273568849684385,0.8599907920983656,,True,observed_google
25773222_1849960309_0,25773222,1849960309,0,sat_01,2026-06-06T01:00:00+07:00,2026-06-06T01:00:00+07:00,sat,night,50.68167472720019,8.8365347919968,47,11,1.2448318553515616,ok,,google,0.2190004648532751,0.9273568849684385,0.8599907920983656,,True,observed_google
25773222_1849960309_0,25773222,1849960309,0,sat_07,2026-06-06T07:00:00+07:00,2026-06-06T07:00:00+07:00,sat,am,50.68167472720019,8.8365347919968,47,14,1.5843314522656238,ok,,google,0.46016252167016314,0.9273568849684385,0.8599907920983656,,True,observed_google
25773222_1849960309_0,25773222,1849960309,0,sat_17,2026-06-06T17:00:00+07:00,2026-06-06T17:00:00+07:00,sat,pm,50.68167472720019,8.8365347919968,47,15,1.697497984570311,ok,,google,0.5291553931571145,0.9273568849684385,0.8599907920983656,,True,observed_google
25773222_1849960309_0,25773222,1849960309,0,sun_01,2026-06-07T01:00:00+07:00,2026-06-07T01:00:00+07:00,sun,night,50.68167472720019,8.8365347919968,47,11,1.2448318553515616,ok,,google,0.2190004648532751,0.9273568849684385,0.8599907920983656,,True,observed_google
25773222_1849960309_0,25773222,1849960309,0,sun_07,2026-06-07T07:00:00+07:00,2026-06-07T07:00:00+07:00,sun,am,50.68167472720019,8.8365347919968,47,14,1.5843314522656238,ok,,google,0.46016252167016314,0.9273568849684385,0.8599907920983656,,True,observed_google
25773222_1849960309_0,25773222,1849960309,0,sun_17,2026-06-07T17:00:00+07:00,2026-06-07T17:00:00+07:00,sun,pm,50.68167472720019,8.8365347919968,47,16,1.8106645168749984,ok,,google,0.5936939142946858,0.9273568849684385,0.8599907920983656,,True,observed_google
5353648414_5353648411_0,5353648414,5353648411,0,mon_01,2026-06-01T01:00:00+07:00,2026-06-08T01:00:00+07:00,mon,night,157.0759786809256,27.386769637587,154,42,1.5335872231662204,ok,,google,0.4276095814458263,0.9804172559881104,0.9612179958392559,,True,observed_google
5353648414_5353648411_0,5353648414,5353648411,0,mon_07,2026-06-01T07:00:00+07:00,2026-06-01T07:00:00+07:00,mon,am,157.0759786809256,27.386769637587,154,42,1.5335872231662204,ok,,google,0.4276095814458263,0.9804172559881104,0.9612179958392559,,True,observed_google
5353648414_5353648411_0,5353648414,5353648411,0,mon_17,2026-06-01T17:00:00+07:00,2026-06-01T17:00:00+07:00,mon,pm,157.0759786809256,27.386769637587,154,42,1.5335872231662204,ok,,google,0.4276095814458263,0.9804172559881104,0.9612179958392559,,True,observed_google
5353648414_5353648411_0,5353648414,5353648411,0,tue_01,2026-06-02T01:00:00+07:00,2026-06-02T01:00:00+07:00,tue,night,157.0759786809256,27.386769637587,154,42,1.5335872231662204,ok,,google,0.4276095814458263,0.9804172559881104,0.9612179958392559,,True,observed_google
5353648414_5353648411_0,5353648414,5353648411,0,tue_07,2026-06-02T07:00:00+07:00,2026-06-02T07:00:00+07:00,tue,am,157.0759786809256,27.386769637587,154,42,1.5335872231662204,ok,,google,0.4276095814458263,0.9804172559881104,0.9612179958392559,,True,observed_google
5353648414_5353648411_0,5353648414,5353648411,0,tue_17,2026-06-02T17:00:00+07:00,2026-06-02T17:00:00+07:00,tue,pm,157.0759786809256,27.386769637587,154,42,1.5335872231662204,ok,,google,0.4276095814458263,0.9804172559881104,0.9612179958392559,,True,observed_google
5353648414_5353648411_0,5353648414,5353648411,0,wed_01,2026-06-03T01:00:00+07:00,2026-06-03T01:00:00+07:00,wed,night,157.0759786809256,27.386769637587,154,42,1.5335872231662204,ok,,google,0.4276095814458263,0.9804172559881104,0.9612179958392559,,True,observed_google
5353648414_5353648411_0,5353648414,5353648411,0,wed_07,2026-06-03T07:00:00+07:00,2026-06-03T07:00:00+07:00,wed,am,157.0759786809256,27.386769637587,154,42,1.5335872231662204,ok,,google,0.4276095814458263,0.9804172559881104,0.9612179958392559,,True,observed_google
5353648414_5353648411_0,5353648414,5353648411,0,wed_17,2026-06-03T17:00:00+07:00,2026-06-03T17:00:00+07:00,wed,pm,157.0759786809256,27.386769637587,154,42,1.5335872231662204,ok,,google,0.4276095814458263,0.9804172559881104,0.9612179958392559,,True,observed_google
5353648414_5353648411_0,5353648414,5353648411,0,thu_01,2026-06-04T01:00:00+07:00,2026-06-04T01:00:00+07:00,thu,night,157.0759786809256,27.386769637587,154,42,1.5335872231662204,ok,,google,0.4276095814458263,0.9804172559881104,0.9612179958392559,,True,observed_google
5353648414_5353648411_0,5353648414,5353648411,0,thu_07,2026-06-04T07:00:00+07:00,2026-06-04T07:00:00+07:00,thu,am,157.0759786809256,27.386769637587,154,42,1.5335872231662204,ok,,google,0.4276095814458263,0.9804172559881104,0.9612179958392559,,True,observed_google
5353648414_5353648411_0,5353648414,5353648411,0,thu_17,2026-06-04T17:00:00+07:00,2026-06-04T17:00:00+07:00,thu,pm,157.0759786809256,27.386769637587,154,42,1.5335872231662204,ok,,google,0.4276095814458263,0.9804172559881104,0.9612179958392559,,True,observed_google
5353648414_5353648411_0,5353648414,5353648411,0,fri_01,2026-06-05T01:00:00+07:00,2026-06-05T01:00:00+07:00,fri,night,157.0759786809256,27.386769637587,154,42,1.5335872231662204,ok,,google,0.4276095814458263,0.9804172559881104,0.9612179958392559,,True,observed_google
5353648414_5353648411_0,5353648414,5353648411,0,fri_07,2026-06-05T07:00:00+07:00,2026-06-05T07:00:00+07:00,fri,am,157.0759786809256,27.386769637587,154,42,1.5335872231662204,ok,,google,0.4276095814458263,0.9804172559881104,0.9612179958392559,,True,observed_google
5353648414_5353648411_0,5353648414,5353648411,0,fri_17,2026-06-05T17:00:00+07:00,2026-06-05T17:00:00+07:00,fri,pm,157.0759786809256,27.386769637587,154,42,1.5335872231662204,ok,,google,0.4276095814458263,0.9804172559881104,0.9612179958392559,,True,observed_google
5353648414_5353648411_0,5353648414,5353648411,0,sat_01,2026-06-06T01:00:00+07:00,2026-06-06T01:00:00+07:00,sat,night,157.0759786809256,27.386769637587,154,42,1.5335872231662204,ok,,google,0.4276095814458263,0.9804172559881104,0.9612179958392559,,True,observed_google
5353648414_5353648411_0,5353648414,5353648411,0,sat_07,2026-06-06T07:00:00+07:00,2026-06-06T07:00:00+07:00,sat,am,157.0759786809256,27.386769637587,154,42,1.5335872231662204,ok,,google,0.4276095814458263,0.9804172559881104,0.9612179958392559,,True,observed_google
5353648414_5353648411_0,5353648414,5353648411,0,sat_17,2026-06-06T17:00:00+07:00,2026-06-06T17:00:00+07:00,sat,pm,157.0759786809256,27.386769637587,154,42,1.5335872231662204,ok,,google,0.4276095814458263,0.9804172559881104,0.9612179958392559,,True,observed_google
5353648414_5353648411_0,5353648414,5353648411,0,sun_01,2026-06-07T01:00:00+07:00,2026-06-07T01:00:00+07:00,sun,night,157.0759786809256,27.386769637587,154,42,1.5335872231662204,ok,,google,0.4276095814458263,0.9804172559881104,0.9612179958392559,,True,observed_google
5353648414_5353648411_0,5353648414,5353648411,0,sun_07,2026-06-07T07:00:00+07:00,2026-06-07T07:00:00+07:00,sun,am,157.0759786809256,27.386769637587,154,42,1.5335872231662204,ok,,google,0.4276095814458263,0.9804172559881104,0.9612179958392559,,True,observed_google
5353648414_5353648411_0,5353648414,5353648411,0,sun_17,2026-06-07T17:00:00+07:00,2026-06-07T17:00:00+07:00,sun,pm,157.0759786809256,27.386769637587,154,42,1.5335872231662204,ok,,google,0.4276095814458263,0.9804172559881104,0.9612179958392559,,True,observed_google
5463437276_5865368006_0,5463437276,5865368006,0,mon_01,2026-06-01T01:00:00+07:00,2026-06-08T01:00:00+07:00,mon,night,76.68267005357478,13.369903135974324,64,11,0.8227434326283457,ok,,google,-0.19511087341072728,0.8346083926822845,0.6965711691357064,,True,observed_google
5463437276_5865368006_0,5463437276,5865368006,0,mon_07,2026-06-01T07:00:00+07:00,2026-06-01T07:00:00+07:00,mon,am,76.68267005357478,13.369903135974324,64,11,0.8227434326283457,ok,,google,-0.19511087341072728,0.8346083926822845,0.6965711691357064,,True,observed_google
5463437276_5865368006_0,5463437276,5865368006,0,mon_17,2026-06-01T17:00:00+07:00,2026-06-01T17:00:00+07:00,mon,pm,76.68267005357478,13.369903135974324,64,11,0.8227434326283457,ok,,google,-0.19511087341072728,0.8346083926822845,0.6965711691357064,,True,observed_google
5463437276_5865368006_0,5463437276,5865368006,0,tue_01,2026-06-02T01:00:00+07:00,2026-06-02T01:00:00+07:00,tue,night,76.68267005357478,13.369903135974324,64,11,0.8227434326283457,ok,,google,-0.19511087341072728,0.8346083926822845,0.6965711691357064,,True,observed_google
5463437276_5865368006_0,5463437276,5865368006,0,tue_07,2026-06-02T07:00:00+07:00,2026-06-02T07:00:00+07:00,tue,am,76.68267005357478,13.369903135974324,64,11,0.8227434326283457,ok,,google,-0.19511087341072728,0.8346083926822845,0.6965711691357064,,True,observed_google
5463437276_5865368006_0,5463437276,5865368006,0,tue_17,2026-06-02T17:00:00+07:00,2026-06-02T17:00:00+07:00,tue,pm,76.68267005357478,13.369903135974324,64,11,0.8227434326283457,ok,,google,-0.19511087341072728,0.8346083926822845,0.6965711691357064,,True,observed_google
5463437276_5865368006_0,5463437276,5865368006,0,wed_01,2026-06-03T01:00:00+07:00,2026-06-03T01:00:00+07:00,wed,night,76.68267005357478,13.369903135974324,64,11,0.8227434326283457,ok,,google,-0.19511087341072728,0.8346083926822845,0.6965711691357064,,True,observed_google
5463437276_5865368006_0,5463437276,5865368006,0,wed_07,2026-06-03T07:00:00+07:00,2026-06-03T07:00:00+07:00,wed,am,76.68267005357478,13.369903135974324,64,11,0.8227434326283457,ok,,google,-0.19511087341072728,0.8346083926822845,0.6965711691357064,,True,observed_google
5463437276_5865368006_0,5463437276,5865368006,0,wed_17,2026-06-03T17:00:00+07:00,2026-06-03T17:00:00+07:00,wed,pm,76.68267005357478,13.369903135974324,64,11,0.8227434326283457,ok,,google,-0.19511087341072728,0.8346083926822845,0.6965711691357064,,True,observed_google
5463437276_5865368006_0,5463437276,5865368006,0,thu_01,2026-06-04T01:00:00+07:00,2026-06-04T01:00:00+07:00,thu,night,76.68267005357478,13.369903135974324,64,11,0.8227434326283457,ok,,google,-0.19511087341072728,0.8346083926822845,0.6965711691357064,,True,observed_google
5463437276_5865368006_0,5463437276,5865368006,0,thu_07,2026-06-04T07:00:00+07:00,2026-06-04T07:00:00+07:00,thu,am,76.68267005357478,13.369903135974324,64,11,0.8227434326283457,ok,,google,-0.19511087341072728,0.8346083926822845,0.6965711691357064,,True,observed_google
5463437276_5865368006_0,5463437276,5865368006,0,thu_17,2026-06-04T17:00:00+07:00,2026-06-04T17:00:00+07:00,thu,pm,76.68267005357478,13.369903135974324,64,11,0.8227434326283457,ok,,google,-0.19511087341072728,0.8346083926822845,0.6965711691357064,,True,observed_google
5463437276_5865368006_0,5463437276,5865368006,0,fri_01,2026-06-05T01:00:00+07:00,2026-06-05T01:00:00+07:00,fri,night,76.68267005357478,13.369903135974324,64,11,0.8227434326283457,ok,,google,-0.19511087341072728,0.8346083926822845,0.6965711691357064,,True,observed_google
5463437276_5865368006_0,5463437276,5865368006,0,fri_07,2026-06-05T07:00:00+07:00,2026-06-05T07:00:00+07:00,fri,am,76.68267005357478,13.369903135974324,64,11,0.8227434326283457,ok,,google,-0.19511087341072728,0.8346083926822845,0.6965711691357064,,True,observed_google
5463437276_5865368006_0,5463437276,5865368006,0,fri_17,2026-06-05T17:00:00+07:00,2026-06-05T17:00:00+07:00,fri,pm,76.68267005357478,13.369903135974324,64,11,0.8227434326283457,ok,,google,-0.19511087341072728,0.8346083926822845,0.6965711691357064,,True,observed_google
5463437276_5865368006_0,5463437276,5865368006,0,sat_01,2026-06-06T01:00:00+07:00,2026-06-06T01:00:00+07:00,sat,night,76.68267005357478,13.369903135974324,64,11,0.8227434326283457,ok,,google,-0.19511087341072728,0.8346083926822845,0.6965711691357064,,True,observed_google
5463437276_5865368006_0,5463437276,5865368006,0,sat_07,2026-06-06T07:00:00+07:00,2026-06-06T07:00:00+07:00,sat,am,76.68267005357478,13.369903135974324,64,11,0.8227434326283457,ok,,google,-0.19511087341072728,0.8346083926822845,0.6965711691357064,,True,observed_google
5463437276_5865368006_0,5463437276,5865368006,0,sat_17,2026-06-06T17:00:00+07:00,2026-06-06T17:00:00+07:00,sat,pm,76.68267005357478,13.369903135974324,64,11,0.8227434326283457,ok,,google,-0.19511087341072728,0.8346083926822845,0.6965711691357064,,True,observed_google
5463437276_5865368006_0,5463437276,5865368006,0,sun_01,2026-06-07T01:00:00+07:00,2026-06-07T01:00:00+07:00,sun,night,76.68267005357478,13.369903135974324,64,11,0.8227434326283457,ok,,google,-0.19511087341072728,0.8346083926822845,0.6965711691357064,,True,observed_google
5463437276_5865368006_0,5463437276,5865368006,0,sun_07,2026-06-07T07:00:00+07:00,2026-06-07T07:00:00+07:00,sun,am,76.68267005357478,13.369903135974324,64,11,0.8227434326283457,ok,,google,-0.19511087341072728,0.8346083926822845,0.6965711691357064,,True,observed_google
5463437276_5865368006_0,5463437276,5865368006,0,sun_17,2026-06-07T17:00:00+07:00,2026-06-07T17:00:00+07:00,sun,pm,76.68267005357478,13.369903135974324,64,11,0.8227434326283457,ok,,google,-0.19511087341072728,0.8346083926822845,0.6965711691357064,,True,observed_google
5472190068_5472190068_1,5472190068,5472190068,1,mon_01,2026-06-01T01:00:00+07:00,2026-06-08T01:00:00+07:00,mon,night,97.68314763027485,17.031412976639967,0,0,0.0,ok,,google,,,,invalid_google_distance;invalid_google_time;self_loop,False,observed_google
5472190068_5472190068_1,5472190068,5472190068,1,mon_07,2026-06-01T07:00:00+07:00,2026-06-01T07:00:00+07:00,mon,am,97.68314763027485,17.031412976639967,0,0,0.0,ok,,google,,,,invalid_google_distance;invalid_google_time;self_loop,False,observed_google
5472190068_5472190068_1,5472190068,5472190068,1,mon_17,2026-06-01T17:00:00+07:00,2026-06-01T17:00:00+07:00,mon,pm,97.68314763027485,17.031412976639967,0,0,0.0,ok,,google,,,,invalid_google_distance;invalid_google_time;self_loop,False,observed_google
5472190068_5472190068_1,5472190068,5472190068,1,tue_01,2026-06-02T01:00:00+07:00,2026-06-02T01:00:00+07:00,tue,night,97.68314763027485,17.031412976639967,0,0,0.0,ok,,google,,,,invalid_google_distance;invalid_google_time;self_loop,False,observed_google
5472190068_5472190068_1,5472190068,5472190068,1,tue_07,2026-06-02T07:00:00+07:00,2026-06-02T07:00:00+07:00,tue,am,97.68314763027485,17.031412976639967,0,0,0.0,ok,,google,,,,invalid_google_distance;invalid_google_time;self_loop,False,observed_google
5472190068_5472190068_1,5472190068,5472190068,1,tue_17,2026-06-02T17:00:00+07:00,2026-06-02T17:00:00+07:00,tue,pm,97.68314763027485,17.031412976639967,0,0,0.0,ok,,google,,,,invalid_google_distance;invalid_google_time;self_loop,False,observed_google
5472190068_5472190068_1,5472190068,5472190068,1,wed_01,2026-06-03T01:00:00+07:00,2026-06-03T01:00:00+07:00,wed,night,97.68314763027485,17.031412976639967,0,0,0.0,ok,,google,,,,invalid_google_distance;invalid_google_time;self_loop,False,observed_google
5472190068_5472190068_1,5472190068,5472190068,1,wed_07,2026-06-03T07:00:00+07:00,2026-06-03T07:00:00+07:00,wed,am,97.68314763027485,17.031412976639967,0,0,0.0,ok,,google,,,,invalid_google_distance;invalid_google_time;self_loop,False,observed_google
5472190068_5472190068_1,5472190068,5472190068,1,wed_17,2026-06-03T17:00:00+07:00,2026-06-03T17:00:00+07:00,wed,pm,97.68314763027485,17.031412976639967,0,0,0.0,ok,,google,,,,invalid_google_distance;invalid_google_time;self_loop,False,observed_google
5472190068_5472190068_1,5472190068,5472190068,1,thu_01,2026-06-04T01:00:00+07:00,2026-06-04T01:00:00+07:00,thu,night,97.68314763027485,17.031412976639967,0,0,0.0,ok,,google,,,,invalid_google_distance;invalid_google_time;self_loop,False,observed_google
5472190068_5472190068_1,5472190068,5472190068,1,thu_07,2026-06-04T07:00:00+07:00,2026-06-04T07:00:00+07:00,thu,am,97.68314763027485,17.031412976639967,0,0,0.0,ok,,google,,,,invalid_google_distance;invalid_google_time;self_loop,False,observed_google
5472190068_5472190068_1,5472190068,5472190068,1,thu_17,2026-06-04T17:00:00+07:00,2026-06-04T17:00:00+07:00,thu,pm,97.68314763027485,17.031412976639967,0,0,0.0,ok,,google,,,,invalid_google_distance;invalid_google_time;self_loop,False,observed_google
5472190068_5472190068_1,5472190068,5472190068,1,fri_01,2026-06-05T01:00:00+07:00,2026-06-05T01:00:00+07:00,fri,night,97.68314763027485,17.031412976639967,0,0,0.0,ok,,google,,,,invalid_google_distance;invalid_google_time;self_loop,False,observed_google
5472190068_5472190068_1,5472190068,5472190068,1,fri_07,2026-06-05T07:00:00+07:00,2026-06-05T07:00:00+07:00,fri,am,97.68314763027485,17.031412976639967,0,0,0.0,ok,,google,,,,invalid_google_distance;invalid_google_time;self_loop,False,observed_google
5472190068_5472190068_1,5472190068,5472190068,1,fri_17,2026-06-05T17:00:00+07:00,2026-06-05T17:00:00+07:00,fri,pm,97.68314763027485,17.031412976639967,0,0,0.0,ok,,google,,,,invalid_google_distance;invalid_google_time;self_loop,False,observed_google
5472190068_5472190068_1,5472190068,5472190068,1,sat_01,2026-06-06T01:00:00+07:00,2026-06-06T01:00:00+07:00,sat,night,97.68314763027485,17.031412976639967,0,0,0.0,ok,,google,,,,invalid_google_distance;invalid_google_time;self_loop,False,observed_google
5472190068_5472190068_1,5472190068,5472190068,1,sat_07,2026-06-06T07:00:00+07:00,2026-06-06T07:00:00+07:00,sat,am,97.68314763027485,17.031412976639967,0,0,0.0,ok,,google,,,,invalid_google_distance;invalid_google_time;self_loop,False,observed_google
5472190068_5472190068_1,5472190068,5472190068,1,sat_17,2026-06-06T17:00:00+07:00,2026-06-06T17:00:00+07:00,sat,pm,97.68314763027485,17.031412976639967,0,0,0.0,ok,,google,,,,invalid_google_distance;invalid_google_time;self_loop,False,observed_google
5472190068_5472190068_1,5472190068,5472190068,1,sun_01,2026-06-07T01:00:00+07:00,2026-06-07T01:00:00+07:00,sun,night,97.68314763027485,17.031412976639967,0,0,0.0,ok,,google,,,,invalid_google_distance;invalid_google_time;self_loop,False,observed_google
5472190068_5472190068_1,5472190068,5472190068,1,sun_07,2026-06-07T07:00:00+07:00,2026-06-07T07:00:00+07:00,sun,am,97.68314763027485,17.031412976639967,0,0,0.0,ok,,google,,,,invalid_google_distance;invalid_google_time;self_loop,False,observed_google
5472190068_5472190068_1,5472190068,5472190068,1,sun_17,2026-06-07T17:00:00+07:00,2026-06-07T17:00:00+07:00,sun,pm,97.68314763027485,17.031412976639967,0,0,0.0,ok,,google,,,,invalid_google_distance;invalid_google_time;self_loop,False,observed_google
9342504380_5355867082_0,9342504380,5355867082,0,mon_01,2026-06-01T01:00:00+07:00,2026-06-08T01:00:00+07:00,mon,night,61.32453090139757,10.692155573585527,39,8,0.7482120836104954,ok,,google,-0.2900688069572654,0.6359608369888272,0.4044461861835296,route_ratio_below_min,False,observed_google
9342504380_5355867082_0,9342504380,5355867082,0,mon_07,2026-06-01T07:00:00+07:00,2026-06-01T07:00:00+07:00,mon,am,61.32453090139757,10.692155573585527,39,8,0.7482120836104954,ok,,google,-0.2900688069572654,0.6359608369888272,0.4044461861835296,route_ratio_below_min,False,observed_google
9342504380_5355867082_0,9342504380,5355867082,0,mon_17,2026-06-01T17:00:00+07:00,2026-06-01T17:00:00+07:00,mon,pm,61.32453090139757,10.692155573585527,39,8,0.7482120836104954,ok,,google,-0.2900688069572654,0.6359608369888272,0.4044461861835296,route_ratio_below_min,False,observed_google
9342504380_5355867082_0,9342504380,5355867082,0,tue_01,2026-06-02T01:00:00+07:00,2026-06-02T01:00:00+07:00,tue,night,61.32453090139757,10.692155573585527,39,8,0.7482120836104954,ok,,google,-0.2900688069572654,0.6359608369888272,0.4044461861835296,route_ratio_below_min,False,observed_google
9342504380_5355867082_0,9342504380,5355867082,0,tue_07,2026-06-02T07:00:00+07:00,2026-06-02T07:00:00+07:00,tue,am,61.32453090139757,10.692155573585527,39,8,0.7482120836104954,ok,,google,-0.2900688069572654,0.6359608369888272,0.4044461861835296,route_ratio_below_min,False,observed_google
9342504380_5355867082_0,9342504380,5355867082,0,tue_17,2026-06-02T17:00:00+07:00,2026-06-02T17:00:00+07:00,tue,pm,61.32453090139757,10.692155573585527,39,8,0.7482120836104954,ok,,google,-0.2900688069572654,0.6359608369888272,0.4044461861835296,route_ratio_below_min,False,observed_google
9342504380_5355867082_0,9342504380,5355867082,0,wed_01,2026-06-03T01:00:00+07:00,2026-06-03T01:00:00+07:00,wed,night,61.32453090139757,10.692155573585527,39,8,0.7482120836104954,ok,,google,-0.2900688069572654,0.6359608369888272,0.4044461861835296,route_ratio_below_min,False,observed_google
9342504380_5355867082_0,9342504380,5355867082,0,wed_07,2026-06-03T07:00:00+07:00,2026-06-03T07:00:00+07:00,wed,am,61.32453090139757,10.692155573585527,39,8,0.7482120836104954,ok,,google,-0.2900688069572654,0.6359608369888272,0.4044461861835296,route_ratio_below_min,False,observed_google
9342504380_5355867082_0,9342504380,5355867082,0,wed_17,2026-06-03T17:00:00+07:00,2026-06-03T17:00:00+07:00,wed,pm,61.32453090139757,10.692155573585527,39,8,0.7482120836104954,ok,,google,-0.2900688069572654,0.6359608369888272,0.4044461861835296,route_ratio_below_min,False,observed_google
9342504380_5355867082_0,9342504380,5355867082,0,thu_01,2026-06-04T01:00:00+07:00,2026-06-04T01:00:00+07:00,thu,night,61.32453090139757,10.692155573585527,39,8,0.7482120836104954,ok,,google,-0.2900688069572654,0.6359608369888272,0.4044461861835296,route_ratio_below_min,False,observed_google
9342504380_5355867082_0,9342504380,5355867082,0,thu_07,2026-06-04T07:00:00+07:00,2026-06-04T07:00:00+07:00,thu,am,61.32453090139757,10.692155573585527,39,8,0.7482120836104954,ok,,google,-0.2900688069572654,0.6359608369888272,0.4044461861835296,route_ratio_below_min,False,observed_google
9342504380_5355867082_0,9342504380,5355867082,0,thu_17,2026-06-04T17:00:00+07:00,2026-06-04T17:00:00+07:00,thu,pm,61.32453090139757,10.692155573585527,39,8,0.7482120836104954,ok,,google,-0.2900688069572654,0.6359608369888272,0.4044461861835296,route_ratio_below_min,False,observed_google
9342504380_5355867082_0,9342504380,5355867082,0,fri_01,2026-06-05T01:00:00+07:00,2026-06-05T01:00:00+07:00,fri,night,61.32453090139757,10.692155573585527,39,8,0.7482120836104954,ok,,google,-0.2900688069572654,0.6359608369888272,0.4044461861835296,route_ratio_below_min,False,observed_google
9342504380_5355867082_0,9342504380,5355867082,0,fri_07,2026-06-05T07:00:00+07:00,2026-06-05T07:00:00+07:00,fri,am,61.32453090139757,10.692155573585527,39,8,0.7482120836104954,ok,,google,-0.2900688069572654,0.6359608369888272,0.4044461861835296,route_ratio_below_min,False,observed_google
9342504380_5355867082_0,9342504380,5355867082,0,fri_17,2026-06-05T17:00:00+07:00,2026-06-05T17:00:00+07:00,fri,pm,61.32453090139757,10.692155573585527,39,8,0.7482120836104954,ok,,google,-0.2900688069572654,0.6359608369888272,0.4044461861835296,route_ratio_below_min,False,observed_google
9342504380_5355867082_0,9342504380,5355867082,0,sat_01,2026-06-06T01:00:00+07:00,2026-06-06T01:00:00+07:00,sat,night,61.32453090139757,10.692155573585527,39,8,0.7482120836104954,ok,,google,-0.2900688069572654,0.6359608369888272,0.4044461861835296,route_ratio_below_min,False,observed_google
9342504380_5355867082_0,9342504380,5355867082,0,sat_07,2026-06-06T07:00:00+07:00,2026-06-06T07:00:00+07:00,sat,am,61.32453090139757,10.692155573585527,39,8,0.7482120836104954,ok,,google,-0.2900688069572654,0.6359608369888272,0.4044461861835296,route_ratio_below_min,False,observed_google
9342504380_5355867082_0,9342504380,5355867082,0,sat_17,2026-06-06T17:00:00+07:00,2026-06-06T17:00:00+07:00,sat,pm,61.32453090139757,10.692155573585527,39,8,0.7482120836104954,ok,,google,-0.2900688069572654,0.6359608369888272,0.4044461861835296,route_ratio_below_min,False,observed_google
9342504380_5355867082_0,9342504380,5355867082,0,sun_01,2026-06-07T01:00:00+07:00,2026-06-07T01:00:00+07:00,sun,night,61.32453090139757,10.692155573585527,39,8,0.7482120836104954,ok,,google,-0.2900688069572654,0.6359608369888272,0.4044461861835296,route_ratio_below_min,False,observed_google
9342504380_5355867082_0,9342504380,5355867082,0,sun_07,2026-06-07T07:00:00+07:00,2026-06-07T07:00:00+07:00,sun,am,61.32453090139757,10.692155573585527,39,8,0.7482120836104954,ok,,google,-0.2900688069572654,0.6359608369888272,0.4044461861835296,route_ratio_below_min,False,observed_google
9342504380_5355867082_0,9342504380,5355867082,0,sun_17,2026-06-07T17:00:00+07:00,2026-06-07T17:00:00+07:00,sun,pm,61.32453090139757,10.692155573585527,39,8,0.7482120836104954,ok,,google,-0.2900688069572654,0.6359608369888272,0.4044461861835296,route_ratio_below_min,False,observed_google
2255972088_2255972096_0,2255972088,2255972096,0,mon_01,2026-06-01T01:00:00+07:00,2026-06-08T01:00:00+07:00,mon,night,121.93347720215766,21.2595463627754,118,19,0.8937161534767377,ok,,google,-0.11236705592683306,0.9677407936490139,0.9365222436924233,,True,observed_google
2255972088_2255972096_0,2255972088,2255972096,0,mon_07,2026-06-01T07:00:00+07:00,2026-06-01T07:00:00+07:00,mon,am,121.93347720215766,21.2595463627754,118,19,0.8937161534767377,ok,,google,-0.11236705592683306,0.9677407936490139,0.9365222436924233,,True,observed_google
2255972088_2255972096_0,2255972088,2255972096,0,mon_17,2026-06-01T17:00:00+07:00,2026-06-01T17:00:00+07:00,mon,pm,121.93347720215766,21.2595463627754,118,19,0.8937161534767377,ok,,google,-0.11236705592683306,0.9677407936490139,0.9365222436924233,,True,observed_google
2255972088_2255972096_0,2255972088,2255972096,0,tue_01,2026-06-02T01:00:00+07:00,2026-06-02T01:00:00+07:00,tue,night,121.93347720215766,21.2595463627754,118,19,0.8937161534767377,ok,,google,-0.11236705592683306,0.9677407936490139,0.9365222436924233,,True,observed_google
2255972088_2255972096_0,2255972088,2255972096,0,tue_07,2026-06-02T07:00:00+07:00,2026-06-02T07:00:00+07:00,tue,am,121.93347720215766,21.2595463627754,118,19,0.8937161534767377,ok,,google,-0.11236705592683306,0.9677407936490139,0.9365222436924233,,True,observed_google
2255972088_2255972096_0,2255972088,2255972096,0,tue_17,2026-06-02T17:00:00+07:00,2026-06-02T17:00:00+07:00,tue,pm,121.93347720215766,21.2595463627754,118,19,0.8937161534767377,ok,,google,-0.11236705592683306,0.9677407936490139,0.9365222436924233,,True,observed_google
2255972088_2255972096_0,2255972088,2255972096,0,wed_01,2026-06-03T01:00:00+07:00,2026-06-03T01:00:00+07:00,wed,night,121.93347720215766,21.2595463627754,118,19,0.8937161534767377,ok,,google,-0.11236705592683306,0.9677407936490139,0.9365222436924233,,True,observed_google
2255972088_2255972096_0,2255972088,2255972096,0,wed_07,2026-06-03T07:00:00+07:00,2026-06-03T07:00:00+07:00,wed,am,121.93347720215766,21.2595463627754,118,19,0.8937161534767377,ok,,google,-0.11236705592683306,0.9677407936490139,0.9365222436924233,,True,observed_google
2255972088_2255972096_0,2255972088,2255972096,0,wed_17,2026-06-03T17:00:00+07:00,2026-06-03T17:00:00+07:00,wed,pm,121.93347720215766,21.2595463627754,118,19,0.8937161534767377,ok,,google,-0.11236705592683306,0.9677407936490139,0.9365222436924233,,True,observed_google
2255972088_2255972096_0,2255972088,2255972096,0,thu_01,2026-06-04T01:00:00+07:00,2026-06-04T01:00:00+07:00,thu,night,121.93347720215766,21.2595463627754,118,19,0.8937161534767377,ok,,google,-0.11236705592683306,0.9677407936490139,0.9365222436924233,,True,observed_google
2255972088_2255972096_0,2255972088,2255972096,0,thu_07,2026-06-04T07:00:00+07:00,2026-06-04T07:00:00+07:00,thu,am,121.93347720215766,21.2595463627754,118,19,0.8937161534767377,ok,,google,-0.11236705592683306,0.9677407936490139,0.9365222436924233,,True,observed_google
2255972088_2255972096_0,2255972088,2255972096,0,thu_17,2026-06-04T17:00:00+07:00,2026-06-04T17:00:00+07:00,thu,pm,121.93347720215766,21.2595463627754,118,19,0.8937161534767377,ok,,google,-0.11236705592683306,0.9677407936490139,0.9365222436924233,,True,observed_google
2255972088_2255972096_0,2255972088,2255972096,0,fri_01,2026-06-05T01:00:00+07:00,2026-06-05T01:00:00+07:00,fri,night,121.93347720215766,21.2595463627754,118,19,0.8937161534767377,ok,,google,-0.11236705592683306,0.9677407936490139,0.9365222436924233,,True,observed_google
2255972088_2255972096_0,2255972088,2255972096,0,fri_07,2026-06-05T07:00:00+07:00,2026-06-05T07:00:00+07:00,fri,am,121.93347720215766,21.2595463627754,118,19,0.8937161534767377,ok,,google,-0.11236705592683306,0.9677407936490139,0.9365222436924233,,True,observed_google
2255972088_2255972096_0,2255972088,2255972096,0,fri_17,2026-06-05T17:00:00+07:00,2026-06-05T17:00:00+07:00,fri,pm,121.93347720215766,21.2595463627754,118,19,0.8937161534767377,ok,,google,-0.11236705592683306,0.9677407936490139,0.9365222436924233,,True,observed_google
2255972088_2255972096_0,2255972088,2255972096,0,sat_01,2026-06-06T01:00:00+07:00,2026-06-06T01:00:00+07:00,sat,night,121.93347720215766,21.2595463627754,118,19,0.8937161534767377,ok,,google,-0.11236705592683306,0.9677407936490139,0.9365222436924233,,True,observed_google
2255972088_2255972096_0,2255972088,2255972096,0,sat_07,2026-06-06T07:00:00+07:00,2026-06-06T07:00:00+07:00,sat,am,121.93347720215766,21.2595463627754,118,19,0.8937161534767377,ok,,google,-0.11236705592683306,0.9677407936490139,0.9365222436924233,,True,observed_google
2255972088_2255972096_0,2255972088,2255972096,0,sat_17,2026-06-06T17:00:00+07:00,2026-06-06T17:00:00+07:00,sat,pm,121.93347720215766,21.2595463627754,118,19,0.8937161534767377,ok,,google,-0.11236705592683306,0.9677407936490139,0.9365222436924233,,True,observed_google
2255972088_2255972096_0,2255972088,2255972096,0,sun_01,2026-06-07T01:00:00+07:00,2026-06-07T01:00:00+07:00,sun,night,121.93347720215766,21.2595463627754,118,19,0.8937161534767377,ok,,google,-0.11236705592683306,0.9677407936490139,0.9365222436924233,,True,observed_google
2255972088_2255972096_0,2255972088,2255972096,0,sun_07,2026-06-07T07:00:00+07:00,2026-06-07T07:00:00+07:00,sun,am,121.93347720215766,21.2595463627754,118,19,0.8937161534767377,ok,,google,-0.11236705592683306,0.9677407936490139,0.9365222436924233,,True,observed_google
2255972088_2255972096_0,2255972088,2255972096,0,sun_17,2026-06-07T17:00:00+07:00,2026-06-07T17:00:00+07:00,sun,pm,121.93347720215766,21.2595463627754,118,19,0.8937161534767377,ok,,google,-0.11236705592683306,0.9677407936490139,0.9365222436924233,,True,observed_google
3445439295_3445439092_0,3445439295,3445439092,0,mon_01,2026-06-01T01:00:00+07:00,2026-06-08T01:00:00+07:00,mon,night,50.56787465884964,8.816693335124585,50,11,1.2476332772262135,ok,,google,0.2212483783889108,0.9887700508933638,0.9776662135436652,,True,observed_google
3445439295_3445439092_0,3445439295,3445439092,0,mon_07,2026-06-01T07:00:00+07:00,2026-06-01T07:00:00+07:00,mon,am,50.56787465884964,8.816693335124585,50,9,1.0207908631850835,ok,,google,0.020577682926759558,0.9887700508933638,0.9776662135436652,,True,observed_google
3445439295_3445439092_0,3445439295,3445439092,0,mon_17,2026-06-01T17:00:00+07:00,2026-06-01T17:00:00+07:00,mon,pm,50.56787465884964,8.816693335124585,50,22,2.495266554452427,ok,,google,0.9143955589488562,0.9887700508933638,0.9776662135436652,,True,observed_google
3445439295_3445439092_0,3445439295,3445439092,0,tue_01,2026-06-02T01:00:00+07:00,2026-06-02T01:00:00+07:00,tue,night,50.56787465884964,8.816693335124585,50,11,1.2476332772262135,ok,,google,0.2212483783889108,0.9887700508933638,0.9776662135436652,,True,observed_google
3445439295_3445439092_0,3445439295,3445439092,0,tue_07,2026-06-02T07:00:00+07:00,2026-06-02T07:00:00+07:00,tue,am,50.56787465884964,8.816693335124585,50,19,2.1550029333907323,ok,,google,0.7677920847569807,0.9887700508933638,0.9776662135436652,,True,observed_google
3445439295_3445439092_0,3445439295,3445439092,0,tue_17,2026-06-02T17:00:00+07:00,2026-06-02T17:00:00+07:00,tue,pm,50.56787465884964,8.816693335124585,50,11,1.2476332772262135,ok,,google,0.2212483783889108,0.9887700508933638,0.9776662135436652,,True,observed_google
3445439295_3445439092_0,3445439295,3445439092,0,wed_01,2026-06-03T01:00:00+07:00,2026-06-03T01:00:00+07:00,wed,night,50.56787465884964,8.816693335124585,50,11,1.2476332772262135,ok,,google,0.2212483783889108,0.9887700508933638,0.9776662135436652,,True,observed_google
3445439295_3445439092_0,3445439295,3445439092,0,wed_07,2026-06-03T07:00:00+07:00,2026-06-03T07:00:00+07:00,wed,am,50.56787465884964,8.816693335124585,50,11,1.2476332772262135,ok,,google,0.2212483783889108,0.9887700508933638,0.9776662135436652,,True,observed_google
3445439295_3445439092_0,3445439295,3445439092,0,wed_17,2026-06-03T17:00:00+07:00,2026-06-03T17:00:00+07:00,wed,pm,50.56787465884964,8.816693335124585,50,19,2.1550029333907323,ok,,google,0.7677920847569807,0.9887700508933638,0.9776662135436652,,True,observed_google
3445439295_3445439092_0,3445439295,3445439092,0,thu_01,2026-06-04T01:00:00+07:00,2026-06-04T01:00:00+07:00,thu,night,50.56787465884964,8.816693335124585,50,11,1.2476332772262135,ok,,google,0.2212483783889108,0.9887700508933638,0.9776662135436652,,True,observed_google
3445439295_3445439092_0,3445439295,3445439092,0,thu_07,2026-06-04T07:00:00+07:00,2026-06-04T07:00:00+07:00,thu,am,50.56787465884964,8.816693335124585,50,11,1.2476332772262135,ok,,google,0.2212483783889108,0.9887700508933638,0.9776662135436652,,True,observed_google
3445439295_3445439092_0,3445439295,3445439092,0,thu_17,2026-06-04T17:00:00+07:00,2026-06-04T17:00:00+07:00,thu,pm,50.56787465884964,8.816693335124585,50,22,2.495266554452427,ok,,google,0.9143955589488562,0.9887700508933638,0.9776662135436652,,True,observed_google
3445439295_3445439092_0,3445439295,3445439092,0,fri_01,2026-06-05T01:00:00+07:00,2026-06-05T01:00:00+07:00,fri,night,50.56787465884964,8.816693335124585,50,11,1.2476332772262135,ok,,google,0.2212483783889108,0.9887700508933638,0.9776662135436652,,True,observed_google
3445439295_3445439092_0,3445439295,3445439092,0,fri_07,2026-06-05T07:00:00+07:00,2026-06-05T07:00:00+07:00,fri,am,50.56787465884964,8.816693335124585,50,12,1.3610544842467784,ok,,google,0.3082597553785406,0.9887700508933638,0.9776662135436652,,True,observed_google
3445439295_3445439092_0,3445439295,3445439092,0,fri_17,2026-06-05T17:00:00+07:00,2026-06-05T17:00:00+07:00,fri,pm,50.56787465884964,8.816693335124585,50,13,1.4744756912673431,ok,,google,0.3883024630520769,0.9887700508933638,0.9776662135436652,,True,observed_google
3445439295_3445439092_0,3445439295,3445439092,0,sat_01,2026-06-06T01:00:00+07:00,2026-06-06T01:00:00+07:00,sat,night,50.56787465884964,8.816693335124585,50,11,1.2476332772262135,ok,,google,0.2212483783889108,0.9887700508933638,0.9776662135436652,,True,observed_google
3445439295_3445439092_0,3445439295,3445439092,0,sat_07,2026-06-06T07:00:00+07:00,2026-06-06T07:00:00+07:00,sat,am,50.56787465884964,8.816693335124585,50,11,1.2476332772262135,ok,,google,0.2212483783889108,0.9887700508933638,0.9776662135436652,,True,observed_google
3445439295_3445439092_0,3445439295,3445439092,0,sat_17,2026-06-06T17:00:00+07:00,2026-06-06T17:00:00+07:00,sat,pm,50.56787465884964,8.816693335124585,50,29,3.289215003596381,ok,,google,1.1906489355770142,0.9887700508933638,0.9776662135436652,,True,observed_google
3445439295_3445439092_0,3445439295,3445439092,0,sun_01,2026-06-07T01:00:00+07:00,2026-06-07T01:00:00+07:00,sun,night,50.56787465884964,8.816693335124585,50,11,1.2476332772262135,ok,,google,0.2212483783889108,0.9887700508933638,0.9776662135436652,,True,observed_google
3445439295_3445439092_0,3445439295,3445439092,0,sun_07,2026-06-07T07:00:00+07:00,2026-06-07T07:00:00+07:00,sun,am,50.56787465884964,8.816693335124585,50,11,1.2476332772262135,ok,,google,0.2212483783889108,0.9887700508933638,0.9776662135436652,,True,observed_google
3445439295_3445439092_0,3445439295,3445439092,0,sun_17,2026-06-07T17:00:00+07:00,2026-06-07T17:00:00+07:00,sun,pm,50.56787465884964,8.816693335124585,50,11,1.2476332772262135,ok,,google,0.2212483783889108,0.9887700508933638,0.9776662135436652,,True,observed_google
5394844924_5394843541_0,5394844924,5394843541,0,mon_01,2026-06-01T01:00:00+07:00,2026-06-08T01:00:00+07:00,mon,night,68.87519650510545,12.008641653989054,395,120,9.99280380392883,ok,,google,2.3018652143364533,5.735010860850614,0.030404055078461077,route_ratio_above_max,False,observed_google
5394844924_5394843541_0,5394844924,5394843541,0,mon_07,2026-06-01T07:00:00+07:00,2026-06-01T07:00:00+07:00,mon,am,68.87519650510545,12.008641653989054,395,120,9.99280380392883,ok,,google,2.3018652143364533,5.735010860850614,0.030404055078461077,route_ratio_above_max,False,observed_google
5394844924_5394843541_0,5394844924,5394843541,0,mon_17,2026-06-01T17:00:00+07:00,2026-06-01T17:00:00+07:00,mon,pm,68.87519650510545,12.008641653989054,395,120,9.99280380392883,ok,,google,2.3018652143364533,5.735010860850614,0.030404055078461077,route_ratio_above_max,False,observed_google
5394844924_5394843541_0,5394844924,5394843541,0,tue_01,2026-06-02T01:00:00+07:00,2026-06-02T01:00:00+07:00,tue,night,68.87519650510545,12.008641653989054,395,120,9.99280380392883,ok,,google,2.3018652143364533,5.735010860850614,0.030404055078461077,route_ratio_above_max,False,observed_google
5394844924_5394843541_0,5394844924,5394843541,0,tue_07,2026-06-02T07:00:00+07:00,2026-06-02T07:00:00+07:00,tue,am,68.87519650510545,12.008641653989054,395,120,9.99280380392883,ok,,google,2.3018652143364533,5.735010860850614,0.030404055078461077,route_ratio_above_max,False,observed_google
5394844924_5394843541_0,5394844924,5394843541,0,tue_17,2026-06-02T17:00:00+07:00,2026-06-02T17:00:00+07:00,tue,pm,68.87519650510545,12.008641653989054,395,120,9.99280380392883,ok,,google,2.3018652143364533,5.735010860850614,0.030404055078461077,route_ratio_above_max,False,observed_google
5394844924_5394843541_0,5394844924,5394843541,0,wed_01,2026-06-03T01:00:00+07:00,2026-06-03T01:00:00+07:00,wed,night,68.87519650510545,12.008641653989054,395,120,9.99280380392883,ok,,google,2.3018652143364533,5.735010860850614,0.030404055078461077,route_ratio_above_max,False,observed_google
5394844924_5394843541_0,5394844924,5394843541,0,wed_07,2026-06-03T07:00:00+07:00,2026-06-03T07:00:00+07:00,wed,am,68.87519650510545,12.008641653989054,395,120,9.99280380392883,ok,,google,2.3018652143364533,5.735010860850614,0.030404055078461077,route_ratio_above_max,False,observed_google
5394844924_5394843541_0,5394844924,5394843541,0,wed_17,2026-06-03T17:00:00+07:00,2026-06-03T17:00:00+07:00,wed,pm,68.87519650510545,12.008641653989054,395,120,9.99280380392883,ok,,google,2.3018652143364533,5.735010860850614,0.030404055078461077,route_ratio_above_max,False,observed_google
5394844924_5394843541_0,5394844924,5394843541,0,thu_01,2026-06-04T01:00:00+07:00,2026-06-04T01:00:00+07:00,thu,night,68.87519650510545,12.008641653989054,395,120,9.99280380392883,ok,,google,2.3018652143364533,5.735010860850614,0.030404055078461077,route_ratio_above_max,False,observed_google
5394844924_5394843541_0,5394844924,5394843541,0,thu_07,2026-06-04T07:00:00+07:00,2026-06-04T07:00:00+07:00,thu,am,68.87519650510545,12.008641653989054,395,120,9.99280380392883,ok,,google,2.3018652143364533,5.735010860850614,0.030404055078461077,route_ratio_above_max,False,observed_google
5394844924_5394843541_0,5394844924,5394843541,0,thu_17,2026-06-04T17:00:00+07:00,2026-06-04T17:00:00+07:00,thu,pm,68.87519650510545,12.008641653989054,395,120,9.99280380392883,ok,,google,2.3018652143364533,5.735010860850614,0.030404055078461077,route_ratio_above_max,False,observed_google
5394844924_5394843541_0,5394844924,5394843541,0,fri_01,2026-06-05T01:00:00+07:00,2026-06-05T01:00:00+07:00,fri,night,68.87519650510545,12.008641653989054,395,120,9.99280380392883,ok,,google,2.3018652143364533,5.735010860850614,0.030404055078461077,route_ratio_above_max,False,observed_google
5394844924_5394843541_0,5394844924,5394843541,0,fri_07,2026-06-05T07:00:00+07:00,2026-06-05T07:00:00+07:00,fri,am,68.87519650510545,12.008641653989054,395,120,9.99280380392883,ok,,google,2.3018652143364533,5.735010860850614,0.030404055078461077,route_ratio_above_max,False,observed_google
5394844924_5394843541_0,5394844924,5394843541,0,fri_17,2026-06-05T17:00:00+07:00,2026-06-05T17:00:00+07:00,fri,pm,68.87519650510545,12.008641653989054,395,120,9.99280380392883,ok,,google,2.3018652143364533,5.735010860850614,0.030404055078461077,route_ratio_above_max,False,observed_google
5394844924_5394843541_0,5394844924,5394843541,0,sat_01,2026-06-06T01:00:00+07:00,2026-06-06T01:00:00+07:00,sat,night,68.87519650510545,12.008641653989054,395,120,9.99280380392883,ok,,google,2.3018652143364533,5.735010860850614,0.030404055078461077,route_ratio_above_max,False,observed_google
5394844924_5394843541_0,5394844924,5394843541,0,sat_07,2026-06-06T07:00:00+07:00,2026-06-06T07:00:00+07:00,sat,am,68.87519650510545,12.008641653989054,395,120,9.99280380392883,ok,,google,2.3018652143364533,5.735010860850614,0.030404055078461077,route_ratio_above_max,False,observed_google
5394844924_5394843541_0,5394844924,5394843541,0,sat_17,2026-06-06T17:00:00+07:00,2026-06-06T17:00:00+07:00,sat,pm,68.87519650510545,12.008641653989054,395,120,9.99280380392883,ok,,google,2.3018652143364533,5.735010860850614,0.030404055078461077,route_ratio_above_max,False,observed_google
5394844924_5394843541_0,5394844924,5394843541,0,sun_01,2026-06-07T01:00:00+07:00,2026-06-07T01:00:00+07:00,sun,night,68.87519650510545,12.008641653989054,395,120,9.99280380392883,ok,,google,2.3018652143364533,5.735010860850614,0.030404055078461077,route_ratio_above_max,False,observed_google
5394844924_5394843541_0,5394844924,5394843541,0,sun_07,2026-06-07T07:00:00+07:00,2026-06-07T07:00:00+07:00,sun,am,68.87519650510545,12.008641653989054,395,120,9.99280380392883,ok,,google,2.3018652143364533,5.735010860850614,0.030404055078461077,route_ratio_above_max,False,observed_google
5394844924_5394843541_0,5394844924,5394843541,0,sun_17,2026-06-07T17:00:00+07:00,2026-06-07T17:00:00+07:00,sun,pm,68.87519650510545,12.008641653989054,395,120,9.99280380392883,ok,,google,2.3018652143364533,5.735010860850614,0.030404055078461077,route_ratio_above_max,False,observed_google
4141549884_7536989722_0,4141549884,7536989722,0,mon_01,2026-06-01T01:00:00+07:00,2026-06-08T01:00:00+07:00,mon,night,76.17655022489171,13.28165929835155,619,210,15.8112774377569,ok,,google,2.7607234473094016,8.125860230905198,0.015144721942383102,route_ratio_above_max,False,observed_google
4141549884_7536989722_0,4141549884,7536989722,0,mon_07,2026-06-01T07:00:00+07:00,2026-06-01T07:00:00+07:00,mon,am,76.17655022489171,13.28165929835155,619,210,15.8112774377569,ok,,google,2.7607234473094016,8.125860230905198,0.015144721942383102,route_ratio_above_max,False,observed_google
4141549884_7536989722_0,4141549884,7536989722,0,mon_17,2026-06-01T17:00:00+07:00,2026-06-01T17:00:00+07:00,mon,pm,76.17655022489171,13.28165929835155,619,210,15.8112774377569,ok,,google,2.7607234473094016,8.125860230905198,0.015144721942383102,route_ratio_above_max,False,observed_google
4141549884_7536989722_0,4141549884,7536989722,0,tue_01,2026-06-02T01:00:00+07:00,2026-06-02T01:00:00+07:00,tue,night,76.17655022489171,13.28165929835155,619,210,15.8112774377569,ok,,google,2.7607234473094016,8.125860230905198,0.015144721942383102,route_ratio_above_max,False,observed_google
4141549884_7536989722_0,4141549884,7536989722,0,tue_07,2026-06-02T07:00:00+07:00,2026-06-02T07:00:00+07:00,tue,am,76.17655022489171,13.28165929835155,619,210,15.8112774377569,ok,,google,2.7607234473094016,8.125860230905198,0.015144721942383102,route_ratio_above_max,False,observed_google
4141549884_7536989722_0,4141549884,7536989722,0,tue_17,2026-06-02T17:00:00+07:00,2026-06-02T17:00:00+07:00,tue,pm,76.17655022489171,13.28165929835155,619,210,15.8112774377569,ok,,google,2.7607234473094016,8.125860230905198,0.015144721942383102,route_ratio_above_max,False,observed_google
4141549884_7536989722_0,4141549884,7536989722,0,wed_01,2026-06-03T01:00:00+07:00,2026-06-03T01:00:00+07:00,wed,night,76.17655022489171,13.28165929835155,619,210,15.8112774377569,ok,,google,2.7607234473094016,8.125860230905198,0.015144721942383102,route_ratio_above_max,False,observed_google
4141549884_7536989722_0,4141549884,7536989722,0,wed_07,2026-06-03T07:00:00+07:00,2026-06-03T07:00:00+07:00,wed,am,76.17655022489171,13.28165929835155,619,210,15.8112774377569,ok,,google,2.7607234473094016,8.125860230905198,0.015144721942383102,route_ratio_above_max,False,observed_google
4141549884_7536989722_0,4141549884,7536989722,0,wed_17,2026-06-03T17:00:00+07:00,2026-06-03T17:00:00+07:00,wed,pm,76.17655022489171,13.28165929835155,619,210,15.8112774377569,ok,,google,2.7607234473094016,8.125860230905198,0.015144721942383102,route_ratio_above_max,False,observed_google
4141549884_7536989722_0,4141549884,7536989722,0,thu_01,2026-06-04T01:00:00+07:00,2026-06-04T01:00:00+07:00,thu,night,76.17655022489171,13.28165929835155,619,210,15.8112774377569,ok,,google,2.7607234473094016,8.125860230905198,0.015144721942383102,route_ratio_above_max,False,observed_google
4141549884_7536989722_0,4141549884,7536989722,0,thu_07,2026-06-04T07:00:00+07:00,2026-06-04T07:00:00+07:00,thu,am,76.17655022489171,13.28165929835155,619,210,15.8112774377569,ok,,google,2.7607234473094016,8.125860230905198,0.015144721942383102,route_ratio_above_max,False,observed_google
4141549884_7536989722_0,4141549884,7536989722,0,thu_17,2026-06-04T17:00:00+07:00,2026-06-04T17:00:00+07:00,thu,pm,76.17655022489171,13.28165929835155,619,210,15.8112774377569,ok,,google,2.7607234473094016,8.125860230905198,0.015144721942383102,route_ratio_above_max,False,observed_google
4141549884_7536989722_0,4141549884,7536989722,0,fri_01,2026-06-05T01:00:00+07:00,2026-06-05T01:00:00+07:00,fri,night,76.17655022489171,13.28165929835155,619,210,15.8112774377569,ok,,google,2.7607234473094016,8.125860230905198,0.015144721942383102,route_ratio_above_max,False,observed_google
4141549884_7536989722_0,4141549884,7536989722,0,fri_07,2026-06-05T07:00:00+07:00,2026-06-05T07:00:00+07:00,fri,am,76.17655022489171,13.28165929835155,619,210,15.8112774377569,ok,,google,2.7607234473094016,8.125860230905198,0.015144721942383102,route_ratio_above_max,False,observed_google
4141549884_7536989722_0,4141549884,7536989722,0,fri_17,2026-06-05T17:00:00+07:00,2026-06-05T17:00:00+07:00,fri,pm,76.17655022489171,13.28165929835155,619,210,15.8112774377569,ok,,google,2.7607234473094016,8.125860230905198,0.015144721942383102,route_ratio_above_max,False,observed_google
4141549884_7536989722_0,4141549884,7536989722,0,sat_01,2026-06-06T01:00:00+07:00,2026-06-06T01:00:00+07:00,sat,night,76.17655022489171,13.28165929835155,619,210,15.8112774377569,ok,,google,2.7607234473094016,8.125860230905198,0.015144721942383102,route_ratio_above_max,False,observed_google
4141549884_7536989722_0,4141549884,7536989722,0,sat_07,2026-06-06T07:00:00+07:00,2026-06-06T07:00:00+07:00,sat,am,76.17655022489171,13.28165929835155,619,210,15.8112774377569,ok,,google,2.7607234473094016,8.125860230905198,0.015144721942383102,route_ratio_above_max,False,observed_google
4141549884_7536989722_0,4141549884,7536989722,0,sat_17,2026-06-06T17:00:00+07:00,2026-06-06T17:00:00+07:00,sat,pm,76.17655022489171,13.28165929835155,619,210,15.8112774377569,ok,,google,2.7607234473094016,8.125860230905198,0.015144721942383102,route_ratio_above_max,False,observed_google
4141549884_7536989722_0,4141549884,7536989722,0,sun_01,2026-06-07T01:00:00+07:00,2026-06-07T01:00:00+07:00,sun,night,76.17655022489171,13.28165929835155,619,210,15.8112774377569,ok,,google,2.7607234473094016,8.125860230905198,0.015144721942383102,route_ratio_above_max,False,observed_google
4141549884_7536989722_0,4141549884,7536989722,0,sun_07,2026-06-07T07:00:00+07:00,2026-06-07T07:00:00+07:00,sun,am,76.17655022489171,13.28165929835155,619,210,15.8112774377569,ok,,google,2.7607234473094016,8.125860230905198,0.015144721942383102,route_ratio_above_max,False,observed_google
4141549884_7536989722_0,4141549884,7536989722,0,sun_17,2026-06-07T17:00:00+07:00,2026-06-07T17:00:00+07:00,sun,pm,76.17655022489171,13.28165929835155,619,210,15.8112774377569,ok,,google,2.7607234473094016,8.125860230905198,0.015144721942383102,route_ratio_above_max,False,observed_google
13286689381_7134815839_0,13286689381,7134815839,0,mon_01,2026-06-01T01:00:00+07:00,2026-06-08T01:00:00+07:00,mon,night,57.495966590340416,10.02463142565328,58,10,0.9975429095986266,ok,,google,-0.0024601140018489565,1.0087664133599288,0.9826950577162729,,True,observed_google
13286689381_7134815839_0,13286689381,7134815839,0,mon_07,2026-06-01T07:00:00+07:00,2026-06-01T07:00:00+07:00,mon,am,57.495966590340416,10.02463142565328,58,13,1.2968057824782144,ok,,google,0.259904150465642,1.0087664133599288,0.9826950577162729,,True,observed_google
13286689381_7134815839_0,13286689381,7134815839,0,mon_17,2026-06-01T17:00:00+07:00,2026-06-01T17:00:00+07:00,mon,pm,57.495966590340416,10.02463142565328,58,11,1.0972972005584891,ok,,google,0.0928500658024758,1.0087664133599288,0.9826950577162729,,True,observed_google
13286689381_7134815839_0,13286689381,7134815839,0,tue_01,2026-06-02T01:00:00+07:00,2026-06-02T01:00:00+07:00,tue,night,57.495966590340416,10.02463142565328,58,10,0.9975429095986266,ok,,google,-0.0024601140018489565,1.0087664133599288,0.9826950577162729,,True,observed_google
13286689381_7134815839_0,13286689381,7134815839,0,tue_07,2026-06-02T07:00:00+07:00,2026-06-02T07:00:00+07:00,tue,am,57.495966590340416,10.02463142565328,58,11,1.0972972005584891,ok,,google,0.0928500658024758,1.0087664133599288,0.9826950577162729,,True,observed_google
13286689381_7134815839_0,13286689381,7134815839,0,tue_17,2026-06-02T17:00:00+07:00,2026-06-02T17:00:00+07:00,tue,pm,57.495966590340416,10.02463142565328,58,12,1.197051491518352,ok,,google,0.17986144279210567,1.0087664133599288,0.9826950577162729,,True,observed_google
13286689381_7134815839_0,13286689381,7134815839,0,wed_01,2026-06-03T01:00:00+07:00,2026-06-03T01:00:00+07:00,wed,night,57.495966590340416,10.02463142565328,58,10,0.9975429095986266,ok,,google,-0.0024601140018489565,1.0087664133599288,0.9826950577162729,,True,observed_google
13286689381_7134815839_0,13286689381,7134815839,0,wed_07,2026-06-03T07:00:00+07:00,2026-06-03T07:00:00+07:00,wed,am,57.495966590340416,10.02463142565328,58,11,1.0972972005584891,ok,,google,0.0928500658024758,1.0087664133599288,0.9826950577162729,,True,observed_google
13286689381_7134815839_0,13286689381,7134815839,0,wed_17,2026-06-03T17:00:00+07:00,2026-06-03T17:00:00+07:00,wed,pm,57.495966590340416,10.02463142565328,58,11,1.0972972005584891,ok,,google,0.0928500658024758,1.0087664133599288,0.9826950577162729,,True,observed_google
13286689381_7134815839_0,13286689381,7134815839,0,thu_01,2026-06-04T01:00:00+07:00,2026-06-04T01:00:00+07:00,thu,night,57.495966590340416,10.02463142565328,58,10,0.9975429095986266,ok,,google,-0.0024601140018489565,1.0087664133599288,0.9826950577162729,,True,observed_google
13286689381_7134815839_0,13286689381,7134815839,0,thu_07,2026-06-04T07:00:00+07:00,2026-06-04T07:00:00+07:00,thu,am,57.495966590340416,10.02463142565328,58,10,0.9975429095986266,ok,,google,-0.0024601140018489565,1.0087664133599288,0.9826950577162729,,True,observed_google
13286689381_7134815839_0,13286689381,7134815839,0,thu_17,2026-06-04T17:00:00+07:00,2026-06-04T17:00:00+07:00,thu,pm,57.495966590340416,10.02463142565328,58,13,1.2968057824782144,ok,,google,0.259904150465642,1.0087664133599288,0.9826950577162729,,True,observed_google
13286689381_7134815839_0,13286689381,7134815839,0,fri_01,2026-06-05T01:00:00+07:00,2026-06-05T01:00:00+07:00,fri,night,57.495966590340416,10.02463142565328,58,9,0.8977886186387639,ok,,google,-0.10782062965967526,1.0087664133599288,0.9826950577162729,,True,observed_google
13286689381_7134815839_0,13286689381,7134815839,0,fri_07,2026-06-05T07:00:00+07:00,2026-06-05T07:00:00+07:00,fri,am,57.495966590340416,10.02463142565328,58,11,1.0972972005584891,ok,,google,0.0928500658024758,1.0087664133599288,0.9826950577162729,,True,observed_google
13286689381_7134815839_0,13286689381,7134815839,0,fri_17,2026-06-05T17:00:00+07:00,2026-06-05T17:00:00+07:00,fri,pm,57.495966590340416,10.02463142565328,58,13,1.2968057824782144,ok,,google,0.259904150465642,1.0087664133599288,0.9826950577162729,,True,observed_google
13286689381_7134815839_0,13286689381,7134815839,0,sat_01,2026-06-06T01:00:00+07:00,2026-06-06T01:00:00+07:00,sat,night,57.495966590340416,10.02463142565328,58,10,0.9975429095986266,ok,,google,-0.0024601140018489565,1.0087664133599288,0.9826950577162729,,True,observed_google
13286689381_7134815839_0,13286689381,7134815839,0,sat_07,2026-06-06T07:00:00+07:00,2026-06-06T07:00:00+07:00,sat,am,57.495966590340416,10.02463142565328,58,11,1.0972972005584891,ok,,google,0.0928500658024758,1.0087664133599288,0.9826950577162729,,True,observed_google
13286689381_7134815839_0,13286689381,7134815839,0,sat_17,2026-06-06T17:00:00+07:00,2026-06-06T17:00:00+07:00,sat,pm,57.495966590340416,10.02463142565328,58,11,1.0972972005584891,ok,,google,0.0928500658024758,1.0087664133599288,0.9826950577162729,,True,observed_google
13286689381_7134815839_0,13286689381,7134815839,0,sun_01,2026-06-07T01:00:00+07:00,2026-06-07T01:00:00+07:00,sun,night,57.495966590340416,10.02463142565328,58,9,0.8977886186387639,ok,,google,-0.10782062965967526,1.0087664133599288,0.9826950577162729,,True,observed_google
13286689381_7134815839_0,13286689381,7134815839,0,sun_07,2026-06-07T07:00:00+07:00,2026-06-07T07:00:00+07:00,sun,am,57.495966590340416,10.02463142565328,58,12,1.197051491518352,ok,,google,0.17986144279210567,1.0087664133599288,0.9826950577162729,,True,observed_google
13286689381_7134815839_0,13286689381,7134815839,0,sun_17,2026-06-07T17:00:00+07:00,2026-06-07T17:00:00+07:00,sun,pm,57.495966590340416,10.02463142565328,58,12,1.197051491518352,ok,,google,0.17986144279210567,1.0087664133599288,0.9826950577162729,,True,observed_google
3862534190_3862534189_0,3862534190,3862534189,0,mon_01,2026-06-01T01:00:00+07:00,2026-06-08T01:00:00+07:00,mon,night,67.48529321122304,11.766306946621713,71,27,2.294687714886795,ok,,google,0.8305967623091298,1.0520810775434617,0.9034447133117927,,True,observed_google
3862534190_3862534189_0,3862534190,3862534189,0,mon_07,2026-06-01T07:00:00+07:00,2026-06-01T07:00:00+07:00,mon,am,67.48529321122304,11.766306946621713,71,27,2.294687714886795,ok,,google,0.8305967623091298,1.0520810775434617,0.9034447133117927,,True,observed_google
3862534190_3862534189_0,3862534190,3862534189,0,mon_17,2026-06-01T17:00:00+07:00,2026-06-01T17:00:00+07:00,mon,pm,67.48529321122304,11.766306946621713,71,27,2.294687714886795,ok,,google,0.8305967623091298,1.0520810775434617,0.9034447133117927,,True,observed_google
3862534190_3862534189_0,3862534190,3862534189,0,tue_01,2026-06-02T01:00:00+07:00,2026-06-02T01:00:00+07:00,tue,night,67.48529321122304,11.766306946621713,71,27,2.294687714886795,ok,,google,0.8305967623091298,1.0520810775434617,0.9034447133117927,,True,observed_google
3862534190_3862534189_0,3862534190,3862534189,0,tue_07,2026-06-02T07:00:00+07:00,2026-06-02T07:00:00+07:00,tue,am,67.48529321122304,11.766306946621713,71,27,2.294687714886795,ok,,google,0.8305967623091298,1.0520810775434617,0.9034447133117927,,True,observed_google
3862534190_3862534189_0,3862534190,3862534189,0,tue_17,2026-06-02T17:00:00+07:00,2026-06-02T17:00:00+07:00,tue,pm,67.48529321122304,11.766306946621713,71,27,2.294687714886795,ok,,google,0.8305967623091298,1.0520810775434617,0.9034447133117927,,True,observed_google
3862534190_3862534189_0,3862534190,3862534189,0,wed_01,2026-06-03T01:00:00+07:00,2026-06-03T01:00:00+07:00,wed,night,67.48529321122304,11.766306946621713,71,27,2.294687714886795,ok,,google,0.8305967623091298,1.0520810775434617,0.9034447133117927,,True,observed_google
3862534190_3862534189_0,3862534190,3862534189,0,wed_07,2026-06-03T07:00:00+07:00,2026-06-03T07:00:00+07:00,wed,am,67.48529321122304,11.766306946621713,71,27,2.294687714886795,ok,,google,0.8305967623091298,1.0520810775434617,0.9034447133117927,,True,observed_google
3862534190_3862534189_0,3862534190,3862534189,0,wed_17,2026-06-03T17:00:00+07:00,2026-06-03T17:00:00+07:00,wed,pm,67.48529321122304,11.766306946621713,71,27,2.294687714886795,ok,,google,0.8305967623091298,1.0520810775434617,0.9034447133117927,,True,observed_google
3862534190_3862534189_0,3862534190,3862534189,0,thu_01,2026-06-04T01:00:00+07:00,2026-06-04T01:00:00+07:00,thu,night,67.48529321122304,11.766306946621713,71,27,2.294687714886795,ok,,google,0.8305967623091298,1.0520810775434617,0.9034447133117927,,True,observed_google
3862534190_3862534189_0,3862534190,3862534189,0,thu_07,2026-06-04T07:00:00+07:00,2026-06-04T07:00:00+07:00,thu,am,67.48529321122304,11.766306946621713,71,27,2.294687714886795,ok,,google,0.8305967623091298,1.0520810775434617,0.9034447133117927,,True,observed_google
3862534190_3862534189_0,3862534190,3862534189,0,thu_17,2026-06-04T17:00:00+07:00,2026-06-04T17:00:00+07:00,thu,pm,67.48529321122304,11.766306946621713,71,27,2.294687714886795,ok,,google,0.8305967623091298,1.0520810775434617,0.9034447133117927,,True,observed_google
3862534190_3862534189_0,3862534190,3862534189,0,fri_01,2026-06-05T01:00:00+07:00,2026-06-05T01:00:00+07:00,fri,night,67.48529321122304,11.766306946621713,71,27,2.294687714886795,ok,,google,0.8305967623091298,1.0520810775434617,0.9034447133117927,,True,observed_google
3862534190_3862534189_0,3862534190,3862534189,0,fri_07,2026-06-05T07:00:00+07:00,2026-06-05T07:00:00+07:00,fri,am,67.48529321122304,11.766306946621713,71,27,2.294687714886795,ok,,google,0.8305967623091298,1.0520810775434617,0.9034447133117927,,True,observed_google
3862534190_3862534189_0,3862534190,3862534189,0,fri_17,2026-06-05T17:00:00+07:00,2026-06-05T17:00:00+07:00,fri,pm,67.48529321122304,11.766306946621713,71,27,2.294687714886795,ok,,google,0.8305967623091298,1.0520810775434617,0.9034447133117927,,True,observed_google
3862534190_3862534189_0,3862534190,3862534189,0,sat_01,2026-06-06T01:00:00+07:00,2026-06-06T01:00:00+07:00,sat,night,67.48529321122304,11.766306946621713,71,27,2.294687714886795,ok,,google,0.8305967623091298,1.0520810775434617,0.9034447133117927,,True,observed_google
3862534190_3862534189_0,3862534190,3862534189,0,sat_07,2026-06-06T07:00:00+07:00,2026-06-06T07:00:00+07:00,sat,am,67.48529321122304,11.766306946621713,71,27,2.294687714886795,ok,,google,0.8305967623091298,1.0520810775434617,0.9034447133117927,,True,observed_google
3862534190_3862534189_0,3862534190,3862534189,0,sat_17,2026-06-06T17:00:00+07:00,2026-06-06T17:00:00+07:00,sat,pm,67.48529321122304,11.766306946621713,71,27,2.294687714886795,ok,,google,0.8305967623091298,1.0520810775434617,0.9034447133117927,,True,observed_google
3862534190_3862534189_0,3862534190,3862534189,0,sun_01,2026-06-07T01:00:00+07:00,2026-06-07T01:00:00+07:00,sun,night,67.48529321122304,11.766306946621713,71,27,2.294687714886795,ok,,google,0.8305967623091298,1.0520810775434617,0.9034447133117927,,True,observed_google
3862534190_3862534189_0,3862534190,3862534189,0,sun_07,2026-06-07T07:00:00+07:00,2026-06-07T07:00:00+07:00,sun,am,67.48529321122304,11.766306946621713,71,27,2.294687714886795,ok,,google,0.8305967623091298,1.0520810775434617,0.9034447133117927,,True,observed_google
3862534190_3862534189_0,3862534190,3862534189,0,sun_17,2026-06-07T17:00:00+07:00,2026-06-07T17:00:00+07:00,sun,pm,67.48529321122304,11.766306946621713,71,27,2.294687714886795,ok,,google,0.8305967623091298,1.0520810775434617,0.9034447133117927,,True,observed_google
5460962209_4116932146_0,5460962209,4116932146,0,mon_01,2026-06-01T01:00:00+07:00,2026-06-08T01:00:00+07:00,mon,night,58.91938310538738,10.272809285331718,877,186,18.106050140109645,ok,,google,2.896246144303233,14.884745117431656,0.004513538958379422,route_ratio_above_max,False,observed_google
5460962209_4116932146_0,5460962209,4116932146,0,mon_07,2026-06-01T07:00:00+07:00,2026-06-01T07:00:00+07:00,mon,am,58.91938310538738,10.272809285331718,877,204,19.858248540765416,ok,,google,2.9886194644342483,14.884745117431656,0.004513538958379422,route_ratio_above_max,False,observed_google
5460962209_4116932146_0,5460962209,4116932146,0,mon_17,2026-06-01T17:00:00+07:00,2026-06-01T17:00:00+07:00,mon,pm,58.91938310538738,10.272809285331718,877,242,23.55733405326093,ok,,google,3.159437196746718,14.884745117431656,0.004513538958379422,route_ratio_above_max,False,observed_google
5460962209_4116932146_0,5460962209,4116932146,0,tue_01,2026-06-02T01:00:00+07:00,2026-06-02T01:00:00+07:00,tue,night,58.91938310538738,10.272809285331718,877,184,17.91136142892567,ok,,google,2.8854352281990177,14.884745117431656,0.004513538958379422,route_ratio_above_max,False,observed_google
5460962209_4116932146_0,5460962209,4116932146,0,tue_07,2026-06-02T07:00:00+07:00,2026-06-02T07:00:00+07:00,tue,am,58.91938310538738,10.272809285331718,877,208,20.24762596313337,ok,,google,3.0080375502913497,14.884745117431656,0.004513538958379422,route_ratio_above_max,False,observed_google
5460962209_4116932146_0,5460962209,4116932146,0,tue_17,2026-06-02T17:00:00+07:00,2026-06-02T17:00:00+07:00,tue,pm,58.91938310538738,10.272809285331718,877,234,22.778579208525034,ok,,google,3.125820585947733,14.884745117431656,0.004513538958379422,route_ratio_above_max,False,observed_google
5460962209_4116932146_0,5460962209,4116932146,0,wed_01,2026-06-03T01:00:00+07:00,2026-06-03T01:00:00+07:00,wed,night,58.91938310538738,10.272809285331718,877,187,18.20339449570163,ok,,google,2.9016080874446186,14.884745117431656,0.004513538958379422,route_ratio_above_max,False,observed_google
5460962209_4116932146_0,5460962209,4116932146,0,wed_07,2026-06-03T07:00:00+07:00,2026-06-03T07:00:00+07:00,wed,am,58.91938310538738,10.272809285331718,877,210,20.44231467431734,ok,,google,3.0176070013075007,14.884745117431656,0.004513538958379422,route_ratio_above_max,False,observed_google
5460962209_4116932146_0,5460962209,4116932146,0,wed_17,2026-06-03T17:00:00+07:00,2026-06-03T17:00:00+07:00,wed,pm,58.91938310538738,10.272809285331718,877,226,21.999824363789138,ok,,google,3.0910344698623176,14.884745117431656,0.004513538958379422,route_ratio_above_max,False,observed_google
5460962209_4116932146_0,5460962209,4116932146,0,thu_01,2026-06-04T01:00:00+07:00,2026-06-04T01:00:00+07:00,thu,night,58.91938310538738,10.272809285331718,877,186,18.106050140109645,ok,,google,2.896246144303233,14.884745117431656,0.004513538958379422,route_ratio_above_max,False,observed_google
5460962209_4116932146_0,5460962209,4116932146,0,thu_07,2026-06-04T07:00:00+07:00,2026-06-04T07:00:00+07:00,thu,am,58.91938310538738,10.272809285331718,877,212,20.637003385501316,ok,,google,3.027085745262044,14.884745117431656,0.004513538958379422,route_ratio_above_max,False,observed_google
5460962209_4116932146_0,5460962209,4116932146,0,thu_17,2026-06-04T17:00:00+07:00,2026-06-04T17:00:00+07:00,thu,pm,58.91938310538738,10.272809285331718,877,228,22.194513074973116,ok,,google,3.099845099544473,14.884745117431656,0.004513538958379422,route_ratio_above_max,False,observed_google
5460962209_4116932146_0,5460962209,4116932146,0,fri_01,2026-06-05T01:00:00+07:00,2026-06-05T01:00:00+07:00,fri,night,58.91938310538738,10.272809285331718,877,188,18.30073885129362,ok,,google,2.906941433419981,14.884745117431656,0.004513538958379422,route_ratio_above_max,False,observed_google
5460962209_4116932146_0,5460962209,4116932146,0,fri_07,2026-06-05T07:00:00+07:00,2026-06-05T07:00:00+07:00,fri,am,58.91938310538738,10.272809285331718,877,209,20.344970318725352,ok,,google,3.0128337225548427,14.884745117431656,0.004513538958379422,route_ratio_above_max,False,observed_google
5460962209_4116932146_0,5460962209,4116932146,0,fri_17,2026-06-05T17:00:00+07:00,2026-06-05T17:00:00+07:00,fri,pm,58.91938310538738,10.272809285331718,877,243,23.65467840885292,ok,,google,3.16356091393058,14.884745117431656,0.004513538958379422,route_ratio_above_max,False,observed_google
5460962209_4116932146_0,5460962209,4116932146,0,sat_01,2026-06-06T01:00:00+07:00,2026-06-06T01:00:00+07:00,sat,night,58.91938310538738,10.272809285331718,877,185,18.008705784517655,ok,,google,2.8908552956683566,14.884745117431656,0.004513538958379422,route_ratio_above_max,False,observed_google
5460962209_4116932146_0,5460962209,4116932146,0,sat_07,2026-06-06T07:00:00+07:00,2026-06-06T07:00:00+07:00,sat,am,58.91938310538738,10.272809285331718,877,207,20.150281607541377,ok,,google,3.003218263855401,14.884745117431656,0.004513538958379422,route_ratio_above_max,False,observed_google
5460962209_4116932146_0,5460962209,4116932146,0,sat_17,2026-06-06T17:00:00+07:00,2026-06-06T17:00:00+07:00,sat,pm,58.91938310538738,10.272809285331718,877,236,22.97326791970901,ok,,google,3.134331275615642,14.884745117431656,0.004513538958379422,route_ratio_above_max,False,observed_google
5460962209_4116932146_0,5460962209,4116932146,0,sun_01,2026-06-07T01:00:00+07:00,2026-06-07T01:00:00+07:00,sun,night,58.91938310538738,10.272809285331718,877,189,18.398083206885605,ok,,google,2.9122464856496744,14.884745117431656,0.004513538958379422,route_ratio_above_max,False,observed_google
5460962209_4116932146_0,5460962209,4116932146,0,sun_07,2026-06-07T07:00:00+07:00,2026-06-07T07:00:00+07:00,sun,am,58.91938310538738,10.272809285331718,877,202,19.66355982958144,ok,,google,2.9787671679912364,14.884745117431656,0.004513538958379422,route_ratio_above_max,False,observed_google
5460962209_4116932146_0,5460962209,4116932146,0,sun_17,2026-06-07T17:00:00+07:00,2026-06-07T17:00:00+07:00,sun,pm,58.91938310538738,10.272809285331718,877,224,21.805135652605163,ok,,google,3.082145522445072,14.884745117431656,0.004513538958379422,route_ratio_above_max,False,observed_google
5458620347_5447111082_0,5458620347,5447111082,0,mon_01,2026-06-01T01:00:00+07:00,2026-06-08T01:00:00+07:00,mon,night,130.7904693209233,22.80379523440769,81,18,0.7893422921479558,ok,,google,-0.2365552218611532,0.6193111808571358,0.38354633873465993,route_ratio_below_min,False,observed_google
5458620347_5447111082_0,5458620347,5447111082,0,mon_07,2026-06-01T07:00:00+07:00,2026-06-01T07:00:00+07:00,mon,am,130.7904693209233,22.80379523440769,81,16,0.7016375930204052,ok,,google,-0.3543382575175366,0.6193111808571358,0.38354633873465993,route_ratio_below_min,False,observed_google
5458620347_5447111082_0,5458620347,5447111082,0,mon_17,2026-06-01T17:00:00+07:00,2026-06-01T17:00:00+07:00,mon,pm,130.7904693209233,22.80379523440769,81,22,0.9647516904030572,ok,,google,-0.03588452639900206,0.6193111808571358,0.38354633873465993,route_ratio_below_min,False,observed_google
5458620347_5447111082_0,5458620347,5447111082,0,tue_01,2026-06-02T01:00:00+07:00,2026-06-02T01:00:00+07:00,tue,night,130.7904693209233,22.80379523440769,81,18,0.7893422921479558,ok,,google,-0.2365552218611532,0.6193111808571358,0.38354633873465993,route_ratio_below_min,False,observed_google
5458620347_5447111082_0,5458620347,5447111082,0,tue_07,2026-06-02T07:00:00+07:00,2026-06-02T07:00:00+07:00,tue,am,130.7904693209233,22.80379523440769,81,23,1.0086040399668323,ok,,google,0.00856723617183182,0.6193111808571358,0.38354633873465993,route_ratio_below_min,False,observed_google
5458620347_5447111082_0,5458620347,5447111082,0,tue_17,2026-06-02T17:00:00+07:00,2026-06-02T17:00:00+07:00,tue,pm,130.7904693209233,22.80379523440769,81,23,1.0086040399668323,ok,,google,0.00856723617183182,0.6193111808571358,0.38354633873465993,route_ratio_below_min,False,observed_google
5458620347_5447111082_0,5458620347,5447111082,0,wed_01,2026-06-03T01:00:00+07:00,2026-06-03T01:00:00+07:00,wed,night,130.7904693209233,22.80379523440769,81,18,0.7893422921479558,ok,,google,-0.2365552218611532,0.6193111808571358,0.38354633873465993,route_ratio_below_min,False,observed_google
5458620347_5447111082_0,5458620347,5447111082,0,wed_07,2026-06-03T07:00:00+07:00,2026-06-03T07:00:00+07:00,wed,am,130.7904693209233,22.80379523440769,81,16,0.7016375930204052,ok,,google,-0.3543382575175366,0.6193111808571358,0.38354633873465993,route_ratio_below_min,False,observed_google
5458620347_5447111082_0,5458620347,5447111082,0,wed_17,2026-06-03T17:00:00+07:00,2026-06-03T17:00:00+07:00,wed,pm,130.7904693209233,22.80379523440769,81,28,1.227865787785709,ok,,google,0.20527753041788596,0.6193111808571358,0.38354633873465993,route_ratio_below_min,False,observed_google
5458620347_5447111082_0,5458620347,5447111082,0,thu_01,2026-06-04T01:00:00+07:00,2026-06-04T01:00:00+07:00,thu,night,130.7904693209233,22.80379523440769,81,18,0.7893422921479558,ok,,google,-0.2365552218611532,0.6193111808571358,0.38354633873465993,route_ratio_below_min,False,observed_google
5458620347_5447111082_0,5458620347,5447111082,0,thu_07,2026-06-04T07:00:00+07:00,2026-06-04T07:00:00+07:00,thu,am,130.7904693209233,22.80379523440769,81,22,0.9647516904030572,ok,,google,-0.03588452639900206,0.6193111808571358,0.38354633873465993,route_ratio_below_min,False,observed_google
5458620347_5447111082_0,5458620347,5447111082,0,thu_17,2026-06-04T17:00:00+07:00,2026-06-04T17:00:00+07:00,thu,pm,130.7904693209233,22.80379523440769,81,22,0.9647516904030572,ok,,google,-0.03588452639900206,0.6193111808571358,0.38354633873465993,route_ratio_below_min,False,observed_google
5458620347_5447111082_0,5458620347,5447111082,0,fri_01,2026-06-05T01:00:00+07:00,2026-06-05T01:00:00+07:00,fri,night,130.7904693209233,22.80379523440769,81,18,0.7893422921479558,ok,,google,-0.2365552218611532,0.6193111808571358,0.38354633873465993,route_ratio_below_min,False,observed_google
5458620347_5447111082_0,5458620347,5447111082,0,fri_07,2026-06-05T07:00:00+07:00,2026-06-05T07:00:00+07:00,fri,am,130.7904693209233,22.80379523440769,81,18,0.7893422921479558,ok,,google,-0.2365552218611532,0.6193111808571358,0.38354633873465993,route_ratio_below_min,False,observed_google
5458620347_5447111082_0,5458620347,5447111082,0,fri_17,2026-06-05T17:00:00+07:00,2026-06-05T17:00:00+07:00,fri,pm,130.7904693209233,22.80379523440769,81,19,0.8331946417117311,ok,,google,-0.1824880005908775,0.6193111808571358,0.38354633873465993,route_ratio_below_min,False,observed_google
5458620347_5447111082_0,5458620347,5447111082,0,sat_01,2026-06-06T01:00:00+07:00,2026-06-06T01:00:00+07:00,sat,night,130.7904693209233,22.80379523440769,81,18,0.7893422921479558,ok,,google,-0.2365552218611532,0.6193111808571358,0.38354633873465993,route_ratio_below_min,False,observed_google
5458620347_5447111082_0,5458620347,5447111082,0,sat_07,2026-06-06T07:00:00+07:00,2026-06-06T07:00:00+07:00,sat,am,130.7904693209233,22.80379523440769,81,18,0.7893422921479558,ok,,google,-0.2365552218611532,0.6193111808571358,0.38354633873465993,route_ratio_below_min,False,observed_google
5458620347_5447111082_0,5458620347,5447111082,0,sat_17,2026-06-06T17:00:00+07:00,2026-06-06T17:00:00+07:00,sat,pm,130.7904693209233,22.80379523440769,81,20,0.8770469912755064,ok,,google,-0.1311947062033269,0.6193111808571358,0.38354633873465993,route_ratio_below_min,False,observed_google
5458620347_5447111082_0,5458620347,5447111082,0,sun_01,2026-06-07T01:00:00+07:00,2026-06-07T01:00:00+07:00,sun,night,130.7904693209233,22.80379523440769,81,18,0.7893422921479558,ok,,google,-0.2365552218611532,0.6193111808571358,0.38354633873465993,route_ratio_below_min,False,observed_google
5458620347_5447111082_0,5458620347,5447111082,0,sun_07,2026-06-07T07:00:00+07:00,2026-06-07T07:00:00+07:00,sun,am,130.7904693209233,22.80379523440769,81,18,0.7893422921479558,ok,,google,-0.2365552218611532,0.6193111808571358,0.38354633873465993,route_ratio_below_min,False,observed_google
5458620347_5447111082_0,5458620347,5447111082,0,sun_17,2026-06-07T17:00:00+07:00,2026-06-07T17:00:00+07:00,sun,pm,130.7904693209233,22.80379523440769,81,19,0.8331946417117311,ok,,google,-0.1824880005908775,0.6193111808571358,0.38354633873465993,route_ratio_below_min,False,observed_google
7513405156_11807112156_0,7513405156,11807112156,0,mon_01,2026-06-01T01:00:00+07:00,2026-06-08T01:00:00+07:00,mon,night,81.06823313100979,14.134542049839038,82,16,1.13197866217266,ok,,google,0.12396712993253883,1.011493612639669,0.9774030968149545,,True,observed_google
7513405156_11807112156_0,7513405156,11807112156,0,mon_07,2026-06-01T07:00:00+07:00,2026-06-01T07:00:00+07:00,mon,am,81.06823313100979,14.134542049839038,82,16,1.13197866217266,ok,,google,0.12396712993253883,1.011493612639669,0.9774030968149545,,True,observed_google
7513405156_11807112156_0,7513405156,11807112156,0,mon_17,2026-06-01T17:00:00+07:00,2026-06-01T17:00:00+07:00,mon,pm,81.06823313100979,14.134542049839038,82,16,1.13197866217266,ok,,google,0.12396712993253883,1.011493612639669,0.9774030968149545,,True,observed_google
7513405156_11807112156_0,7513405156,11807112156,0,tue_01,2026-06-02T01:00:00+07:00,2026-06-02T01:00:00+07:00,tue,night,81.06823313100979,14.134542049839038,82,16,1.13197866217266,ok,,google,0.12396712993253883,1.011493612639669,0.9774030968149545,,True,observed_google
7513405156_11807112156_0,7513405156,11807112156,0,tue_07,2026-06-02T07:00:00+07:00,2026-06-02T07:00:00+07:00,tue,am,81.06823313100979,14.134542049839038,82,16,1.13197866217266,ok,,google,0.12396712993253883,1.011493612639669,0.9774030968149545,,True,observed_google
7513405156_11807112156_0,7513405156,11807112156,0,tue_17,2026-06-02T17:00:00+07:00,2026-06-02T17:00:00+07:00,tue,pm,81.06823313100979,14.134542049839038,82,16,1.13197866217266,ok,,google,0.12396712993253883,1.011493612639669,0.9774030968149545,,True,observed_google
7513405156_11807112156_0,7513405156,11807112156,0,wed_01,2026-06-03T01:00:00+07:00,2026-06-03T01:00:00+07:00,wed,night,81.06823313100979,14.134542049839038,82,16,1.13197866217266,ok,,google,0.12396712993253883,1.011493612639669,0.9774030968149545,,True,observed_google
7513405156_11807112156_0,7513405156,11807112156,0,wed_07,2026-06-03T07:00:00+07:00,2026-06-03T07:00:00+07:00,wed,am,81.06823313100979,14.134542049839038,82,16,1.13197866217266,ok,,google,0.12396712993253883,1.011493612639669,0.9774030968149545,,True,observed_google
7513405156_11807112156_0,7513405156,11807112156,0,wed_17,2026-06-03T17:00:00+07:00,2026-06-03T17:00:00+07:00,wed,pm,81.06823313100979,14.134542049839038,82,16,1.13197866217266,ok,,google,0.12396712993253883,1.011493612639669,0.9774030968149545,,True,observed_google
7513405156_11807112156_0,7513405156,11807112156,0,thu_01,2026-06-04T01:00:00+07:00,2026-06-04T01:00:00+07:00,thu,night,81.06823313100979,14.134542049839038,82,16,1.13197866217266,ok,,google,0.12396712993253883,1.011493612639669,0.9774030968149545,,True,observed_google
7513405156_11807112156_0,7513405156,11807112156,0,thu_07,2026-06-04T07:00:00+07:00,2026-06-04T07:00:00+07:00,thu,am,81.06823313100979,14.134542049839038,82,16,1.13197866217266,ok,,google,0.12396712993253883,1.011493612639669,0.9774030968149545,,True,observed_google
7513405156_11807112156_0,7513405156,11807112156,0,thu_17,2026-06-04T17:00:00+07:00,2026-06-04T17:00:00+07:00,thu,pm,81.06823313100979,14.134542049839038,82,16,1.13197866217266,ok,,google,0.12396712993253883,1.011493612639669,0.9774030968149545,,True,observed_google
7513405156_11807112156_0,7513405156,11807112156,0,fri_01,2026-06-05T01:00:00+07:00,2026-06-05T01:00:00+07:00,fri,night,81.06823313100979,14.134542049839038,82,16,1.13197866217266,ok,,google,0.12396712993253883,1.011493612639669,0.9774030968149545,,True,observed_google
7513405156_11807112156_0,7513405156,11807112156,0,fri_07,2026-06-05T07:00:00+07:00,2026-06-05T07:00:00+07:00,fri,am,81.06823313100979,14.134542049839038,82,16,1.13197866217266,ok,,google,0.12396712993253883,1.011493612639669,0.9774030968149545,,True,observed_google
7513405156_11807112156_0,7513405156,11807112156,0,fri_17,2026-06-05T17:00:00+07:00,2026-06-05T17:00:00+07:00,fri,pm,81.06823313100979,14.134542049839038,82,16,1.13197866217266,ok,,google,0.12396712993253883,1.011493612639669,0.9774030968149545,,True,observed_google
7513405156_11807112156_0,7513405156,11807112156,0,sat_01,2026-06-06T01:00:00+07:00,2026-06-06T01:00:00+07:00,sat,night,81.06823313100979,14.134542049839038,82,16,1.13197866217266,ok,,google,0.12396712993253883,1.011493612639669,0.9774030968149545,,True,observed_google
7513405156_11807112156_0,7513405156,11807112156,0,sat_07,2026-06-06T07:00:00+07:00,2026-06-06T07:00:00+07:00,sat,am,81.06823313100979,14.134542049839038,82,16,1.13197866217266,ok,,google,0.12396712993253883,1.011493612639669,0.9774030968149545,,True,observed_google
7513405156_11807112156_0,7513405156,11807112156,0,sat_17,2026-06-06T17:00:00+07:00,2026-06-06T17:00:00+07:00,sat,pm,81.06823313100979,14.134542049839038,82,16,1.13197866217266,ok,,google,0.12396712993253883,1.011493612639669,0.9774030968149545,,True,observed_google
7513405156_11807112156_0,7513405156,11807112156,0,sun_01,2026-06-07T01:00:00+07:00,2026-06-07T01:00:00+07:00,sun,night,81.06823313100979,14.134542049839038,82,16,1.13197866217266,ok,,google,0.12396712993253883,1.011493612639669,0.9774030968149545,,True,observed_google
7513405156_11807112156_0,7513405156,11807112156,0,sun_07,2026-06-07T07:00:00+07:00,2026-06-07T07:00:00+07:00,sun,am,81.06823313100979,14.134542049839038,82,16,1.13197866217266,ok,,google,0.12396712993253883,1.011493612639669,0.9774030968149545,,True,observed_google
7513405156_11807112156_0,7513405156,11807112156,0,sun_17,2026-06-07T17:00:00+07:00,2026-06-07T17:00:00+07:00,sun,pm,81.06823313100979,14.134542049839038,82,16,1.13197866217266,ok,,google,0.12396712993253883,1.011493612639669,0.9774030968149545,,True,observed_google
8775758239_5356438314_0,8775758239,5356438314,0,mon_01,2026-06-01T01:00:00+07:00,2026-06-08T01:00:00+07:00,mon,night,86.80180942524768,15.13421198338624,89,34,2.246565598349217,ok,,google,0.8094026493462356,1.0253242482997473,0.9512124882586815,,True,observed_google
8775758239_5356438314_0,8775758239,5356438314,0,mon_07,2026-06-01T07:00:00+07:00,2026-06-01T07:00:00+07:00,mon,am,86.80180942524768,15.13421198338624,89,34,2.246565598349217,ok,,google,0.8094026493462356,1.0253242482997473,0.9512124882586815,,True,observed_google
8775758239_5356438314_0,8775758239,5356438314,0,mon_17,2026-06-01T17:00:00+07:00,2026-06-01T17:00:00+07:00,mon,pm,86.80180942524768,15.13421198338624,89,34,2.246565598349217,ok,,google,0.8094026493462356,1.0253242482997473,0.9512124882586815,,True,observed_google
8775758239_5356438314_0,8775758239,5356438314,0,tue_01,2026-06-02T01:00:00+07:00,2026-06-02T01:00:00+07:00,tue,night,86.80180942524768,15.13421198338624,89,34,2.246565598349217,ok,,google,0.8094026493462356,1.0253242482997473,0.9512124882586815,,True,observed_google
8775758239_5356438314_0,8775758239,5356438314,0,tue_07,2026-06-02T07:00:00+07:00,2026-06-02T07:00:00+07:00,tue,am,86.80180942524768,15.13421198338624,89,34,2.246565598349217,ok,,google,0.8094026493462356,1.0253242482997473,0.9512124882586815,,True,observed_google
8775758239_5356438314_0,8775758239,5356438314,0,tue_17,2026-06-02T17:00:00+07:00,2026-06-02T17:00:00+07:00,tue,pm,86.80180942524768,15.13421198338624,89,34,2.246565598349217,ok,,google,0.8094026493462356,1.0253242482997473,0.9512124882586815,,True,observed_google
8775758239_5356438314_0,8775758239,5356438314,0,wed_01,2026-06-03T01:00:00+07:00,2026-06-03T01:00:00+07:00,wed,night,86.80180942524768,15.13421198338624,89,34,2.246565598349217,ok,,google,0.8094026493462356,1.0253242482997473,0.9512124882586815,,True,observed_google
8775758239_5356438314_0,8775758239,5356438314,0,wed_07,2026-06-03T07:00:00+07:00,2026-06-03T07:00:00+07:00,wed,am,86.80180942524768,15.13421198338624,89,34,2.246565598349217,ok,,google,0.8094026493462356,1.0253242482997473,0.9512124882586815,,True,observed_google
8775758239_5356438314_0,8775758239,5356438314,0,wed_17,2026-06-03T17:00:00+07:00,2026-06-03T17:00:00+07:00,wed,pm,86.80180942524768,15.13421198338624,89,34,2.246565598349217,ok,,google,0.8094026493462356,1.0253242482997473,0.9512124882586815,,True,observed_google
8775758239_5356438314_0,8775758239,5356438314,0,thu_01,2026-06-04T01:00:00+07:00,2026-06-04T01:00:00+07:00,thu,night,86.80180942524768,15.13421198338624,89,34,2.246565598349217,ok,,google,0.8094026493462356,1.0253242482997473,0.9512124882586815,,True,observed_google
8775758239_5356438314_0,8775758239,5356438314,0,thu_07,2026-06-04T07:00:00+07:00,2026-06-04T07:00:00+07:00,thu,am,86.80180942524768,15.13421198338624,89,34,2.246565598349217,ok,,google,0.8094026493462356,1.0253242482997473,0.9512124882586815,,True,observed_google
8775758239_5356438314_0,8775758239,5356438314,0,thu_17,2026-06-04T17:00:00+07:00,2026-06-04T17:00:00+07:00,thu,pm,86.80180942524768,15.13421198338624,89,34,2.246565598349217,ok,,google,0.8094026493462356,1.0253242482997473,0.9512124882586815,,True,observed_google
8775758239_5356438314_0,8775758239,5356438314,0,fri_01,2026-06-05T01:00:00+07:00,2026-06-05T01:00:00+07:00,fri,night,86.80180942524768,15.13421198338624,89,34,2.246565598349217,ok,,google,0.8094026493462356,1.0253242482997473,0.9512124882586815,,True,observed_google
8775758239_5356438314_0,8775758239,5356438314,0,fri_07,2026-06-05T07:00:00+07:00,2026-06-05T07:00:00+07:00,fri,am,86.80180942524768,15.13421198338624,89,34,2.246565598349217,ok,,google,0.8094026493462356,1.0253242482997473,0.9512124882586815,,True,observed_google
8775758239_5356438314_0,8775758239,5356438314,0,fri_17,2026-06-05T17:00:00+07:00,2026-06-05T17:00:00+07:00,fri,pm,86.80180942524768,15.13421198338624,89,34,2.246565598349217,ok,,google,0.8094026493462356,1.0253242482997473,0.9512124882586815,,True,observed_google
8775758239_5356438314_0,8775758239,5356438314,0,sat_01,2026-06-06T01:00:00+07:00,2026-06-06T01:00:00+07:00,sat,night,86.80180942524768,15.13421198338624,89,34,2.246565598349217,ok,,google,0.8094026493462356,1.0253242482997473,0.9512124882586815,,True,observed_google
8775758239_5356438314_0,8775758239,5356438314,0,sat_07,2026-06-06T07:00:00+07:00,2026-06-06T07:00:00+07:00,sat,am,86.80180942524768,15.13421198338624,89,34,2.246565598349217,ok,,google,0.8094026493462356,1.0253242482997473,0.9512124882586815,,True,observed_google
8775758239_5356438314_0,8775758239,5356438314,0,sat_17,2026-06-06T17:00:00+07:00,2026-06-06T17:00:00+07:00,sat,pm,86.80180942524768,15.13421198338624,89,34,2.246565598349217,ok,,google,0.8094026493462356,1.0253242482997473,0.9512124882586815,,True,observed_google
8775758239_5356438314_0,8775758239,5356438314,0,sun_01,2026-06-07T01:00:00+07:00,2026-06-07T01:00:00+07:00,sun,night,86.80180942524768,15.13421198338624,89,34,2.246565598349217,ok,,google,0.8094026493462356,1.0253242482997473,0.9512124882586815,,True,observed_google
8775758239_5356438314_0,8775758239,5356438314,0,sun_07,2026-06-07T07:00:00+07:00,2026-06-07T07:00:00+07:00,sun,am,86.80180942524768,15.13421198338624,89,34,2.246565598349217,ok,,google,0.8094026493462356,1.0253242482997473,0.9512124882586815,,True,observed_google
8775758239_5356438314_0,8775758239,5356438314,0,sun_17,2026-06-07T17:00:00+07:00,2026-06-07T17:00:00+07:00,sun,pm,86.80180942524768,15.13421198338624,89,34,2.246565598349217,ok,,google,0.8094026493462356,1.0253242482997473,0.9512124882586815,,True,observed_google
4054886242_4054886209_0,4054886242,4054886209,0,mon_01,2026-06-01T01:00:00+07:00,2026-06-08T01:00:00+07:00,mon,night,211.5818824533526,36.890072708110615,222,56,1.5180235735259988,ok,,google,0.41740920818487437,1.049239175991093,0.908345365280909,,True,observed_google
4054886242_4054886209_0,4054886242,4054886209,0,mon_07,2026-06-01T07:00:00+07:00,2026-06-01T07:00:00+07:00,mon,am,211.5818824533526,36.890072708110615,222,56,1.5180235735259988,ok,,google,0.41740920818487437,1.049239175991093,0.908345365280909,,True,observed_google
4054886242_4054886209_0,4054886242,4054886209,0,mon_17,2026-06-01T17:00:00+07:00,2026-06-01T17:00:00+07:00,mon,pm,211.5818824533526,36.890072708110615,222,56,1.5180235735259988,ok,,google,0.41740920818487437,1.049239175991093,0.908345365280909,,True,observed_google
4054886242_4054886209_0,4054886242,4054886209,0,tue_01,2026-06-02T01:00:00+07:00,2026-06-02T01:00:00+07:00,tue,night,211.5818824533526,36.890072708110615,222,56,1.5180235735259988,ok,,google,0.41740920818487437,1.049239175991093,0.908345365280909,,True,observed_google
4054886242_4054886209_0,4054886242,4054886209,0,tue_07,2026-06-02T07:00:00+07:00,2026-06-02T07:00:00+07:00,tue,am,211.5818824533526,36.890072708110615,222,56,1.5180235735259988,ok,,google,0.41740920818487437,1.049239175991093,0.908345365280909,,True,observed_google
4054886242_4054886209_0,4054886242,4054886209,0,tue_17,2026-06-02T17:00:00+07:00,2026-06-02T17:00:00+07:00,tue,pm,211.5818824533526,36.890072708110615,222,56,1.5180235735259988,ok,,google,0.41740920818487437,1.049239175991093,0.908345365280909,,True,observed_google
4054886242_4054886209_0,4054886242,4054886209,0,wed_01,2026-06-03T01:00:00+07:00,2026-06-03T01:00:00+07:00,wed,night,211.5818824533526,36.890072708110615,222,56,1.5180235735259988,ok,,google,0.41740920818487437,1.049239175991093,0.908345365280909,,True,observed_google
4054886242_4054886209_0,4054886242,4054886209,0,wed_07,2026-06-03T07:00:00+07:00,2026-06-03T07:00:00+07:00,wed,am,211.5818824533526,36.890072708110615,222,56,1.5180235735259988,ok,,google,0.41740920818487437,1.049239175991093,0.908345365280909,,True,observed_google
4054886242_4054886209_0,4054886242,4054886209,0,wed_17,2026-06-03T17:00:00+07:00,2026-06-03T17:00:00+07:00,wed,pm,211.5818824533526,36.890072708110615,222,56,1.5180235735259988,ok,,google,0.41740920818487437,1.049239175991093,0.908345365280909,,True,observed_google
4054886242_4054886209_0,4054886242,4054886209,0,thu_01,2026-06-04T01:00:00+07:00,2026-06-04T01:00:00+07:00,thu,night,211.5818824533526,36.890072708110615,222,56,1.5180235735259988,ok,,google,0.41740920818487437,1.049239175991093,0.908345365280909,,True,observed_google
4054886242_4054886209_0,4054886242,4054886209,0,thu_07,2026-06-04T07:00:00+07:00,2026-06-04T07:00:00+07:00,thu,am,211.5818824533526,36.890072708110615,222,56,1.5180235735259988,ok,,google,0.41740920818487437,1.049239175991093,0.908345365280909,,True,observed_google
4054886242_4054886209_0,4054886242,4054886209,0,thu_17,2026-06-04T17:00:00+07:00,2026-06-04T17:00:00+07:00,thu,pm,211.5818824533526,36.890072708110615,222,56,1.5180235735259988,ok,,google,0.41740920818487437,1.049239175991093,0.908345365280909,,True,observed_google
4054886242_4054886209_0,4054886242,4054886209,0,fri_01,2026-06-05T01:00:00+07:00,2026-06-05T01:00:00+07:00,fri,night,211.5818824533526,36.890072708110615,222,56,1.5180235735259988,ok,,google,0.41740920818487437,1.049239175991093,0.908345365280909,,True,observed_google
4054886242_4054886209_0,4054886242,4054886209,0,fri_07,2026-06-05T07:00:00+07:00,2026-06-05T07:00:00+07:00,fri,am,211.5818824533526,36.890072708110615,222,56,1.5180235735259988,ok,,google,0.41740920818487437,1.049239175991093,0.908345365280909,,True,observed_google
4054886242_4054886209_0,4054886242,4054886209,0,fri_17,2026-06-05T17:00:00+07:00,2026-06-05T17:00:00+07:00,fri,pm,211.5818824533526,36.890072708110615,222,56,1.5180235735259988,ok,,google,0.41740920818487437,1.049239175991093,0.908345365280909,,True,observed_google
4054886242_4054886209_0,4054886242,4054886209,0,sat_01,2026-06-06T01:00:00+07:00,2026-06-06T01:00:00+07:00,sat,night,211.5818824533526,36.890072708110615,222,56,1.5180235735259988,ok,,google,0.41740920818487437,1.049239175991093,0.908345365280909,,True,observed_google
4054886242_4054886209_0,4054886242,4054886209,0,sat_07,2026-06-06T07:00:00+07:00,2026-06-06T07:00:00+07:00,sat,am,211.5818824533526,36.890072708110615,222,56,1.5180235735259988,ok,,google,0.41740920818487437,1.049239175991093,0.908345365280909,,True,observed_google
4054886242_4054886209_0,4054886242,4054886209,0,sat_17,2026-06-06T17:00:00+07:00,2026-06-06T17:00:00+07:00,sat,pm,211.5818824533526,36.890072708110615,222,56,1.5180235735259988,ok,,google,0.41740920818487437,1.049239175991093,0.908345365280909,,True,observed_google
4054886242_4054886209_0,4054886242,4054886209,0,sun_01,2026-06-07T01:00:00+07:00,2026-06-07T01:00:00+07:00,sun,night,211.5818824533526,36.890072708110615,222,56,1.5180235735259988,ok,,google,0.41740920818487437,1.049239175991093,0.908345365280909,,True,observed_google
4054886242_4054886209_0,4054886242,4054886209,0,sun_07,2026-06-07T07:00:00+07:00,2026-06-07T07:00:00+07:00,sun,am,211.5818824533526,36.890072708110615,222,56,1.5180235735259988,ok,,google,0.41740920818487437,1.049239175991093,0.908345365280909,,True,observed_google
4054886242_4054886209_0,4054886242,4054886209,0,sun_17,2026-06-07T17:00:00+07:00,2026-06-07T17:00:00+07:00,sun,pm,211.5818824533526,36.890072708110615,222,56,1.5180235735259988,ok,,google,0.41740920818487437,1.049239175991093,0.908345365280909,,True,observed_google
5354124377_5354124388_0,5354124377,5354124388,0,mon_01,2026-06-01T01:00:00+07:00,2026-06-08T01:00:00+07:00,mon,night,75.37758971326768,13.142357619857323,74,17,1.2935274242053807,ok,,google,0.25737292396954936,0.9817241474752912,0.9637823017360874,,True,observed_google
5354124377_5354124388_0,5354124377,5354124388,0,mon_07,2026-06-01T07:00:00+07:00,2026-06-01T07:00:00+07:00,mon,am,75.37758971326768,13.142357619857323,74,17,1.2935274242053807,ok,,google,0.25737292396954936,0.9817241474752912,0.9637823017360874,,True,observed_google
5354124377_5354124388_0,5354124377,5354124388,0,mon_17,2026-06-01T17:00:00+07:00,2026-06-01T17:00:00+07:00,mon,pm,75.37758971326768,13.142357619857323,74,17,1.2935274242053807,ok,,google,0.25737292396954936,0.9817241474752912,0.9637823017360874,,True,observed_google
5354124377_5354124388_0,5354124377,5354124388,0,tue_01,2026-06-02T01:00:00+07:00,2026-06-02T01:00:00+07:00,tue,night,75.37758971326768,13.142357619857323,74,17,1.2935274242053807,ok,,google,0.25737292396954936,0.9817241474752912,0.9637823017360874,,True,observed_google
5354124377_5354124388_0,5354124377,5354124388,0,tue_07,2026-06-02T07:00:00+07:00,2026-06-02T07:00:00+07:00,tue,am,75.37758971326768,13.142357619857323,74,17,1.2935274242053807,ok,,google,0.25737292396954936,0.9817241474752912,0.9637823017360874,,True,observed_google
5354124377_5354124388_0,5354124377,5354124388,0,tue_17,2026-06-02T17:00:00+07:00,2026-06-02T17:00:00+07:00,tue,pm,75.37758971326768,13.142357619857323,74,17,1.2935274242053807,ok,,google,0.25737292396954936,0.9817241474752912,0.9637823017360874,,True,observed_google
5354124377_5354124388_0,5354124377,5354124388,0,wed_01,2026-06-03T01:00:00+07:00,2026-06-03T01:00:00+07:00,wed,night,75.37758971326768,13.142357619857323,74,17,1.2935274242053807,ok,,google,0.25737292396954936,0.9817241474752912,0.9637823017360874,,True,observed_google
5354124377_5354124388_0,5354124377,5354124388,0,wed_07,2026-06-03T07:00:00+07:00,2026-06-03T07:00:00+07:00,wed,am,75.37758971326768,13.142357619857323,74,17,1.2935274242053807,ok,,google,0.25737292396954936,0.9817241474752912,0.9637823017360874,,True,observed_google
5354124377_5354124388_0,5354124377,5354124388,0,wed_17,2026-06-03T17:00:00+07:00,2026-06-03T17:00:00+07:00,wed,pm,75.37758971326768,13.142357619857323,74,17,1.2935274242053807,ok,,google,0.25737292396954936,0.9817241474752912,0.9637823017360874,,True,observed_google
5354124377_5354124388_0,5354124377,5354124388,0,thu_01,2026-06-04T01:00:00+07:00,2026-06-04T01:00:00+07:00,thu,night,75.37758971326768,13.142357619857323,74,17,1.2935274242053807,ok,,google,0.25737292396954936,0.9817241474752912,0.9637823017360874,,True,observed_google
5354124377_5354124388_0,5354124377,5354124388,0,thu_07,2026-06-04T07:00:00+07:00,2026-06-04T07:00:00+07:00,thu,am,75.37758971326768,13.142357619857323,74,17,1.2935274242053807,ok,,google,0.25737292396954936,0.9817241474752912,0.9637823017360874,,True,observed_google
5354124377_5354124388_0,5354124377,5354124388,0,thu_17,2026-06-04T17:00:00+07:00,2026-06-04T17:00:00+07:00,thu,pm,75.37758971326768,13.142357619857323,74,17,1.2935274242053807,ok,,google,0.25737292396954936,0.9817241474752912,0.9637823017360874,,True,observed_google
5354124377_5354124388_0,5354124377,5354124388,0,fri_01,2026-06-05T01:00:00+07:00,2026-06-05T01:00:00+07:00,fri,night,75.37758971326768,13.142357619857323,74,17,1.2935274242053807,ok,,google,0.25737292396954936,0.9817241474752912,0.9637823017360874,,True,observed_google
5354124377_5354124388_0,5354124377,5354124388,0,fri_07,2026-06-05T07:00:00+07:00,2026-06-05T07:00:00+07:00,fri,am,75.37758971326768,13.142357619857323,74,17,1.2935274242053807,ok,,google,0.25737292396954936,0.9817241474752912,0.9637823017360874,,True,observed_google
5354124377_5354124388_0,5354124377,5354124388,0,fri_17,2026-06-05T17:00:00+07:00,2026-06-05T17:00:00+07:00,fri,pm,75.37758971326768,13.142357619857323,74,17,1.2935274242053807,ok,,google,0.25737292396954936,0.9817241474752912,0.9637823017360874,,True,observed_google
5354124377_5354124388_0,5354124377,5354124388,0,sat_01,2026-06-06T01:00:00+07:00,2026-06-06T01:00:00+07:00,sat,night,75.37758971326768,13.142357619857323,74,17,1.2935274242053807,ok,,google,0.25737292396954936,0.9817241474752912,0.9637823017360874,,True,observed_google
5354124377_5354124388_0,5354124377,5354124388,0,sat_07,2026-06-06T07:00:00+07:00,2026-06-06T07:00:00+07:00,sat,am,75.37758971326768,13.142357619857323,74,17,1.2935274242053807,ok,,google,0.25737292396954936,0.9817241474752912,0.9637823017360874,,True,observed_google
5354124377_5354124388_0,5354124377,5354124388,0,sat_17,2026-06-06T17:00:00+07:00,2026-06-06T17:00:00+07:00,sat,pm,75.37758971326768,13.142357619857323,74,17,1.2935274242053807,ok,,google,0.25737292396954936,0.9817241474752912,0.9637823017360874,,True,observed_google
5354124377_5354124388_0,5354124377,5354124388,0,sun_01,2026-06-07T01:00:00+07:00,2026-06-07T01:00:00+07:00,sun,night,75.37758971326768,13.142357619857323,74,17,1.2935274242053807,ok,,google,0.25737292396954936,0.9817241474752912,0.9637823017360874,,True,observed_google
5354124377_5354124388_0,5354124377,5354124388,0,sun_07,2026-06-07T07:00:00+07:00,2026-06-07T07:00:00+07:00,sun,am,75.37758971326768,13.142357619857323,74,17,1.2935274242053807,ok,,google,0.25737292396954936,0.9817241474752912,0.9637823017360874,,True,observed_google
5354124377_5354124388_0,5354124377,5354124388,0,sun_17,2026-06-07T17:00:00+07:00,2026-06-07T17:00:00+07:00,sun,pm,75.37758971326768,13.142357619857323,74,17,1.2935274242053807,ok,,google,0.25737292396954936,0.9817241474752912,0.9637823017360874,,True,observed_google
1778148903_1778148847_0,1778148903,1778148847,0,mon_01,2026-06-01T01:00:00+07:00,2026-06-08T01:00:00+07:00,mon,night,150.62684774848378,26.262340143703675,158,37,1.408861502727534,ok,,google,0.34278193335679297,1.0489497879144885,0.9088466296524961,,True,observed_google
1778148903_1778148847_0,1778148903,1778148847,0,mon_07,2026-06-01T07:00:00+07:00,2026-06-01T07:00:00+07:00,mon,am,150.62684774848378,26.262340143703675,158,35,1.332706826904424,ok,,google,0.2872120822019822,1.0489497879144885,0.9088466296524961,,True,observed_google
1778148903_1778148847_0,1778148903,1778148847,0,mon_17,2026-06-01T17:00:00+07:00,2026-06-01T17:00:00+07:00,mon,pm,150.62684774848378,26.262340143703675,158,38,1.446938840639089,ok,,google,0.3694501804389544,1.0489497879144885,0.9088466296524961,,True,observed_google
1778148903_1778148847_0,1778148903,1778148847,0,tue_01,2026-06-02T01:00:00+07:00,2026-06-02T01:00:00+07:00,tue,night,150.62684774848378,26.262340143703675,158,37,1.408861502727534,ok,,google,0.34278193335679297,1.0489497879144885,0.9088466296524961,,True,observed_google
1778148903_1778148847_0,1778148903,1778148847,0,tue_07,2026-06-02T07:00:00+07:00,2026-06-02T07:00:00+07:00,tue,am,150.62684774848378,26.262340143703675,158,38,1.446938840639089,ok,,google,0.3694501804389544,1.0489497879144885,0.9088466296524961,,True,observed_google
1778148903_1778148847_0,1778148903,1778148847,0,tue_17,2026-06-02T17:00:00+07:00,2026-06-02T17:00:00+07:00,tue,pm,150.62684774848378,26.262340143703675,158,38,1.446938840639089,ok,,google,0.3694501804389544,1.0489497879144885,0.9088466296524961,,True,observed_google
1778148903_1778148847_0,1778148903,1778148847,0,wed_01,2026-06-03T01:00:00+07:00,2026-06-03T01:00:00+07:00,wed,night,150.62684774848378,26.262340143703675,158,37,1.408861502727534,ok,,google,0.34278193335679297,1.0489497879144885,0.9088466296524961,,True,observed_google
1778148903_1778148847_0,1778148903,1778148847,0,wed_07,2026-06-03T07:00:00+07:00,2026-06-03T07:00:00+07:00,wed,am,150.62684774848378,26.262340143703675,158,38,1.446938840639089,ok,,google,0.3694501804389544,1.0489497879144885,0.9088466296524961,,True,observed_google
1778148903_1778148847_0,1778148903,1778148847,0,wed_17,2026-06-03T17:00:00+07:00,2026-06-03T17:00:00+07:00,wed,pm,150.62684774848378,26.262340143703675,158,38,1.446938840639089,ok,,google,0.3694501804389544,1.0489497879144885,0.9088466296524961,,True,observed_google
1778148903_1778148847_0,1778148903,1778148847,0,thu_01,2026-06-04T01:00:00+07:00,2026-06-04T01:00:00+07:00,thu,night,150.62684774848378,26.262340143703675,158,37,1.408861502727534,ok,,google,0.34278193335679297,1.0489497879144885,0.9088466296524961,,True,observed_google
1778148903_1778148847_0,1778148903,1778148847,0,thu_07,2026-06-04T07:00:00+07:00,2026-06-04T07:00:00+07:00,thu,am,150.62684774848378,26.262340143703675,158,38,1.446938840639089,ok,,google,0.3694501804389544,1.0489497879144885,0.9088466296524961,,True,observed_google
1778148903_1778148847_0,1778148903,1778148847,0,thu_17,2026-06-04T17:00:00+07:00,2026-06-04T17:00:00+07:00,thu,pm,150.62684774848378,26.262340143703675,158,38,1.446938840639089,ok,,google,0.3694501804389544,1.0489497879144885,0.9088466296524961,,True,observed_google
1778148903_1778148847_0,1778148903,1778148847,0,fri_01,2026-06-05T01:00:00+07:00,2026-06-05T01:00:00+07:00,fri,night,150.62684774848378,26.262340143703675,158,37,1.408861502727534,ok,,google,0.34278193335679297,1.0489497879144885,0.9088466296524961,,True,observed_google
1778148903_1778148847_0,1778148903,1778148847,0,fri_07,2026-06-05T07:00:00+07:00,2026-06-05T07:00:00+07:00,fri,am,150.62684774848378,26.262340143703675,158,38,1.446938840639089,ok,,google,0.3694501804389544,1.0489497879144885,0.9088466296524961,,True,observed_google
1778148903_1778148847_0,1778148903,1778148847,0,fri_17,2026-06-05T17:00:00+07:00,2026-06-05T17:00:00+07:00,fri,pm,150.62684774848378,26.262340143703675,158,38,1.446938840639089,ok,,google,0.3694501804389544,1.0489497879144885,0.9088466296524961,,True,observed_google
1778148903_1778148847_0,1778148903,1778148847,0,sat_01,2026-06-06T01:00:00+07:00,2026-06-06T01:00:00+07:00,sat,night,150.62684774848378,26.262340143703675,158,37,1.408861502727534,ok,,google,0.34278193335679297,1.0489497879144885,0.9088466296524961,,True,observed_google
1778148903_1778148847_0,1778148903,1778148847,0,sat_07,2026-06-06T07:00:00+07:00,2026-06-06T07:00:00+07:00,sat,am,150.62684774848378,26.262340143703675,158,38,1.446938840639089,ok,,google,0.3694501804389544,1.0489497879144885,0.9088466296524961,,True,observed_google
1778148903_1778148847_0,1778148903,1778148847,0,sat_17,2026-06-06T17:00:00+07:00,2026-06-06T17:00:00+07:00,sat,pm,150.62684774848378,26.262340143703675,158,38,1.446938840639089,ok,,google,0.3694501804389544,1.0489497879144885,0.9088466296524961,,True,observed_google
1778148903_1778148847_0,1778148903,1778148847,0,sun_01,2026-06-07T01:00:00+07:00,2026-06-07T01:00:00+07:00,sun,night,150.62684774848378,26.262340143703675,158,38,1.446938840639089,ok,,google,0.3694501804389544,1.0489497879144885,0.9088466296524961,,True,observed_google
1778148903_1778148847_0,1778148903,1778148847,0,sun_07,2026-06-07T07:00:00+07:00,2026-06-07T07:00:00+07:00,sun,am,150.62684774848378,26.262340143703675,158,38,1.446938840639089,ok,,google,0.3694501804389544,1.0489497879144885,0.9088466296524961,,True,observed_google
1778148903_1778148847_0,1778148903,1778148847,0,sun_17,2026-06-07T17:00:00+07:00,2026-06-07T17:00:00+07:00,sun,pm,150.62684774848378,26.262340143703675,158,38,1.446938840639089,ok,,google,0.3694501804389544,1.0489497879144885,0.9088466296524961,,True,observed_google
29377902_29377916_0,29377902,29377916,0,mon_01,2026-06-01T01:00:00+07:00,2026-06-08T01:00:00+07:00,mon,night,144.25132454626026,25.150744425983728,142,39,1.5506499266760605,ok,,google,0.4386741505792601,0.9843930407339984,0.9690296586455274,,True,observed_google
29377902_29377916_0,29377902,29377916,0,mon_07,2026-06-01T07:00:00+07:00,2026-06-01T07:00:00+07:00,mon,am,144.25132454626026,25.150744425983728,142,39,1.5506499266760605,ok,,google,0.4386741505792601,0.9843930407339984,0.9690296586455274,,True,observed_google
29377902_29377916_0,29377902,29377916,0,mon_17,2026-06-01T17:00:00+07:00,2026-06-01T17:00:00+07:00,mon,pm,144.25132454626026,25.150744425983728,142,39,1.5506499266760605,ok,,google,0.4386741505792601,0.9843930407339984,0.9690296586455274,,True,observed_google
29377902_29377916_0,29377902,29377916,0,tue_01,2026-06-02T01:00:00+07:00,2026-06-02T01:00:00+07:00,tue,night,144.25132454626026,25.150744425983728,142,39,1.5506499266760605,ok,,google,0.4386741505792601,0.9843930407339984,0.9690296586455274,,True,observed_google
29377902_29377916_0,29377902,29377916,0,tue_07,2026-06-02T07:00:00+07:00,2026-06-02T07:00:00+07:00,tue,am,144.25132454626026,25.150744425983728,142,39,1.5506499266760605,ok,,google,0.4386741505792601,0.9843930407339984,0.9690296586455274,,True,observed_google
29377902_29377916_0,29377902,29377916,0,tue_17,2026-06-02T17:00:00+07:00,2026-06-02T17:00:00+07:00,tue,pm,144.25132454626026,25.150744425983728,142,39,1.5506499266760605,ok,,google,0.4386741505792601,0.9843930407339984,0.9690296586455274,,True,observed_google
29377902_29377916_0,29377902,29377916,0,wed_01,2026-06-03T01:00:00+07:00,2026-06-03T01:00:00+07:00,wed,night,144.25132454626026,25.150744425983728,142,39,1.5506499266760605,ok,,google,0.4386741505792601,0.9843930407339984,0.9690296586455274,,True,observed_google
29377902_29377916_0,29377902,29377916,0,wed_07,2026-06-03T07:00:00+07:00,2026-06-03T07:00:00+07:00,wed,am,144.25132454626026,25.150744425983728,142,39,1.5506499266760605,ok,,google,0.4386741505792601,0.9843930407339984,0.9690296586455274,,True,observed_google
29377902_29377916_0,29377902,29377916,0,wed_17,2026-06-03T17:00:00+07:00,2026-06-03T17:00:00+07:00,wed,pm,144.25132454626026,25.150744425983728,142,39,1.5506499266760605,ok,,google,0.4386741505792601,0.9843930407339984,0.9690296586455274,,True,observed_google
29377902_29377916_0,29377902,29377916,0,thu_01,2026-06-04T01:00:00+07:00,2026-06-04T01:00:00+07:00,thu,night,144.25132454626026,25.150744425983728,142,39,1.5506499266760605,ok,,google,0.4386741505792601,0.9843930407339984,0.9690296586455274,,True,observed_google
29377902_29377916_0,29377902,29377916,0,thu_07,2026-06-04T07:00:00+07:00,2026-06-04T07:00:00+07:00,thu,am,144.25132454626026,25.150744425983728,142,39,1.5506499266760605,ok,,google,0.4386741505792601,0.9843930407339984,0.9690296586455274,,True,observed_google
29377902_29377916_0,29377902,29377916,0,thu_17,2026-06-04T17:00:00+07:00,2026-06-04T17:00:00+07:00,thu,pm,144.25132454626026,25.150744425983728,142,39,1.5506499266760605,ok,,google,0.4386741505792601,0.9843930407339984,0.9690296586455274,,True,observed_google
29377902_29377916_0,29377902,29377916,0,fri_01,2026-06-05T01:00:00+07:00,2026-06-05T01:00:00+07:00,fri,night,144.25132454626026,25.150744425983728,142,39,1.5506499266760605,ok,,google,0.4386741505792601,0.9843930407339984,0.9690296586455274,,True,observed_google
29377902_29377916_0,29377902,29377916,0,fri_07,2026-06-05T07:00:00+07:00,2026-06-05T07:00:00+07:00,fri,am,144.25132454626026,25.150744425983728,142,39,1.5506499266760605,ok,,google,0.4386741505792601,0.9843930407339984,0.9690296586455274,,True,observed_google
29377902_29377916_0,29377902,29377916,0,fri_17,2026-06-05T17:00:00+07:00,2026-06-05T17:00:00+07:00,fri,pm,144.25132454626026,25.150744425983728,142,39,1.5506499266760605,ok,,google,0.4386741505792601,0.9843930407339984,0.9690296586455274,,True,observed_google
29377902_29377916_0,29377902,29377916,0,sat_01,2026-06-06T01:00:00+07:00,2026-06-06T01:00:00+07:00,sat,night,144.25132454626026,25.150744425983728,142,39,1.5506499266760605,ok,,google,0.4386741505792601,0.9843930407339984,0.9690296586455274,,True,observed_google
29377902_29377916_0,29377902,29377916,0,sat_07,2026-06-06T07:00:00+07:00,2026-06-06T07:00:00+07:00,sat,am,144.25132454626026,25.150744425983728,142,39,1.5506499266760605,ok,,google,0.4386741505792601,0.9843930407339984,0.9690296586455274,,True,observed_google
29377902_29377916_0,29377902,29377916,0,sat_17,2026-06-06T17:00:00+07:00,2026-06-06T17:00:00+07:00,sat,pm,144.25132454626026,25.150744425983728,142,39,1.5506499266760605,ok,,google,0.4386741505792601,0.9843930407339984,0.9690296586455274,,True,observed_google
29377902_29377916_0,29377902,29377916,0,sun_01,2026-06-07T01:00:00+07:00,2026-06-07T01:00:00+07:00,sun,night,144.25132454626026,25.150744425983728,142,39,1.5506499266760605,ok,,google,0.4386741505792601,0.9843930407339984,0.9690296586455274,,True,observed_google
29377902_29377916_0,29377902,29377916,0,sun_07,2026-06-07T07:00:00+07:00,2026-06-07T07:00:00+07:00,sun,am,144.25132454626026,25.150744425983728,142,39,1.5506499266760605,ok,,google,0.4386741505792601,0.9843930407339984,0.9690296586455274,,True,observed_google
29377902_29377916_0,29377902,29377916,0,sun_17,2026-06-07T17:00:00+07:00,2026-06-07T17:00:00+07:00,sun,pm,144.25132454626026,25.150744425983728,142,39,1.5506499266760605,ok,,google,0.4386741505792601,0.9843930407339984,0.9690296586455274,,True,observed_google
5482194014_5353901415_0,5482194014,5353901415,0,mon_01,2026-06-01T01:00:00+07:00,2026-06-08T01:00:00+07:00,mon,night,139.63932055084473,24.346624712385445,140,26,1.067909835845683,ok,,google,0.06570331360868514,1.0025829361510246,0.9948540736684471,,True,observed_google
5482194014_5353901415_0,5482194014,5353901415,0,mon_07,2026-06-01T07:00:00+07:00,2026-06-01T07:00:00+07:00,mon,am,139.63932055084473,24.346624712385445,140,27,1.1089832910705173,ok,,google,0.10344364159153217,1.0025829361510246,0.9948540736684471,,True,observed_google
5482194014_5353901415_0,5482194014,5353901415,0,mon_17,2026-06-01T17:00:00+07:00,2026-06-01T17:00:00+07:00,mon,pm,139.63932055084473,24.346624712385445,140,31,1.2732771119698534,ok,,google,0.2415939800723495,1.0025829361510246,0.9948540736684471,,True,observed_google
5482194014_5353901415_0,5482194014,5353901415,0,tue_01,2026-06-02T01:00:00+07:00,2026-06-02T01:00:00+07:00,tue,night,139.63932055084473,24.346624712385445,140,26,1.067909835845683,ok,,google,0.06570331360868514,1.0025829361510246,0.9948540736684471,,True,observed_google
5482194014_5353901415_0,5482194014,5353901415,0,tue_07,2026-06-02T07:00:00+07:00,2026-06-02T07:00:00+07:00,tue,am,139.63932055084473,24.346624712385445,140,27,1.1089832910705173,ok,,google,0.10344364159153217,1.0025829361510246,0.9948540736684471,,True,observed_google
5482194014_5353901415_0,5482194014,5353901415,0,tue_17,2026-06-02T17:00:00+07:00,2026-06-02T17:00:00+07:00,tue,pm,139.63932055084473,24.346624712385445,140,33,1.355424022419521,ok,,google,0.30411433705368346,1.0025829361510246,0.9948540736684471,,True,observed_google
5482194014_5353901415_0,5482194014,5353901415,0,wed_01,2026-06-03T01:00:00+07:00,2026-06-03T01:00:00+07:00,wed,night,139.63932055084473,24.346624712385445,140,26,1.067909835845683,ok,,google,0.06570331360868514,1.0025829361510246,0.9948540736684471,,True,observed_google
5482194014_5353901415_0,5482194014,5353901415,0,wed_07,2026-06-03T07:00:00+07:00,2026-06-03T07:00:00+07:00,wed,am,139.63932055084473,24.346624712385445,140,26,1.067909835845683,ok,,google,0.06570331360868514,1.0025829361510246,0.9948540736684471,,True,observed_google
5482194014_5353901415_0,5482194014,5353901415,0,wed_17,2026-06-03T17:00:00+07:00,2026-06-03T17:00:00+07:00,wed,pm,139.63932055084473,24.346624712385445,140,31,1.2732771119698534,ok,,google,0.2415939800723495,1.0025829361510246,0.9948540736684471,,True,observed_google
5482194014_5353901415_0,5482194014,5353901415,0,thu_01,2026-06-04T01:00:00+07:00,2026-06-04T01:00:00+07:00,thu,night,139.63932055084473,24.346624712385445,140,26,1.067909835845683,ok,,google,0.06570331360868514,1.0025829361510246,0.9948540736684471,,True,observed_google
5482194014_5353901415_0,5482194014,5353901415,0,thu_07,2026-06-04T07:00:00+07:00,2026-06-04T07:00:00+07:00,thu,am,139.63932055084473,24.346624712385445,140,29,1.1911302015201854,ok,,google,0.1749026055736773,1.0025829361510246,0.9948540736684471,,True,observed_google
5482194014_5353901415_0,5482194014,5353901415,0,thu_17,2026-06-04T17:00:00+07:00,2026-06-04T17:00:00+07:00,thu,pm,139.63932055084473,24.346624712385445,140,31,1.2732771119698534,ok,,google,0.2415939800723495,1.0025829361510246,0.9948540736684471,,True,observed_google
5482194014_5353901415_0,5482194014,5353901415,0,fri_01,2026-06-05T01:00:00+07:00,2026-06-05T01:00:00+07:00,fri,night,139.63932055084473,24.346624712385445,140,26,1.067909835845683,ok,,google,0.06570331360868514,1.0025829361510246,0.9948540736684471,,True,observed_google
5482194014_5353901415_0,5482194014,5353901415,0,fri_07,2026-06-05T07:00:00+07:00,2026-06-05T07:00:00+07:00,fri,am,139.63932055084473,24.346624712385445,140,29,1.1911302015201854,ok,,google,0.1749026055736773,1.0025829361510246,0.9948540736684471,,True,observed_google
5482194014_5353901415_0,5482194014,5353901415,0,fri_17,2026-06-05T17:00:00+07:00,2026-06-05T17:00:00+07:00,fri,pm,139.63932055084473,24.346624712385445,140,31,1.2732771119698534,ok,,google,0.2415939800723495,1.0025829361510246,0.9948540736684471,,True,observed_google
5482194014_5353901415_0,5482194014,5353901415,0,sat_01,2026-06-06T01:00:00+07:00,2026-06-06T01:00:00+07:00,sat,night,139.63932055084473,24.346624712385445,140,26,1.067909835845683,ok,,google,0.06570331360868514,1.0025829361510246,0.9948540736684471,,True,observed_google
5482194014_5353901415_0,5482194014,5353901415,0,sat_07,2026-06-06T07:00:00+07:00,2026-06-06T07:00:00+07:00,sat,am,139.63932055084473,24.346624712385445,140,49,2.012599306016865,ok,,google,0.6994270736978299,1.0025829361510246,0.9948540736684471,,True,observed_google
5482194014_5353901415_0,5482194014,5353901415,0,sat_17,2026-06-06T17:00:00+07:00,2026-06-06T17:00:00+07:00,sat,pm,139.63932055084473,24.346624712385445,140,31,1.2732771119698534,ok,,google,0.2415939800723495,1.0025829361510246,0.9948540736684471,,True,observed_google
5482194014_5353901415_0,5482194014,5353901415,0,sun_01,2026-06-07T01:00:00+07:00,2026-06-07T01:00:00+07:00,sun,night,139.63932055084473,24.346624712385445,140,26,1.067909835845683,ok,,google,0.06570331360868514,1.0025829361510246,0.9948540736684471,,True,observed_google
5482194014_5353901415_0,5482194014,5353901415,0,sun_07,2026-06-07T07:00:00+07:00,2026-06-07T07:00:00+07:00,sun,am,139.63932055084473,24.346624712385445,140,22,0.9036160149463476,ok,,google,-0.10135077105448101,1.0025829361510246,0.9948540736684471,,True,observed_google
5482194014_5353901415_0,5482194014,5353901415,0,sun_17,2026-06-07T17:00:00+07:00,2026-06-07T17:00:00+07:00,sun,pm,139.63932055084473,24.346624712385445,140,31,1.2732771119698534,ok,,google,0.2415939800723495,1.0025829361510246,0.9948540736684471,,True,observed_google
3108109961_3108109966_0,3108109961,3108109966,0,mon_01,2026-06-01T01:00:00+07:00,2026-06-08T01:00:00+07:00,mon,night,66.0762255797776,11.520630867120303,67,24,2.083219250474869,ok,,google,0.7339144138087665,1.0139804356577098,0.9726147442347195,,True,observed_google
3108109961_3108109966_0,3108109961,3108109966,0,mon_07,2026-06-01T07:00:00+07:00,2026-06-01T07:00:00+07:00,mon,am,66.0762255797776,11.520630867120303,67,24,2.083219250474869,ok,,google,0.7339144138087665,1.0139804356577098,0.9726147442347195,,True,observed_google
3108109961_3108109966_0,3108109961,3108109966,0,mon_17,2026-06-01T17:00:00+07:00,2026-06-01T17:00:00+07:00,mon,pm,66.0762255797776,11.520630867120303,67,24,2.083219250474869,ok,,google,0.7339144138087665,1.0139804356577098,0.9726147442347195,,True,observed_google
3108109961_3108109966_0,3108109961,3108109966,0,tue_01,2026-06-02T01:00:00+07:00,2026-06-02T01:00:00+07:00,tue,night,66.0762255797776,11.520630867120303,67,24,2.083219250474869,ok,,google,0.7339144138087665,1.0139804356577098,0.9726147442347195,,True,observed_google
3108109961_3108109966_0,3108109961,3108109966,0,tue_07,2026-06-02T07:00:00+07:00,2026-06-02T07:00:00+07:00,tue,am,66.0762255797776,11.520630867120303,67,24,2.083219250474869,ok,,google,0.7339144138087665,1.0139804356577098,0.9726147442347195,,True,observed_google
3108109961_3108109966_0,3108109961,3108109966,0,tue_17,2026-06-02T17:00:00+07:00,2026-06-02T17:00:00+07:00,tue,pm,66.0762255797776,11.520630867120303,67,24,2.083219250474869,ok,,google,0.7339144138087665,1.0139804356577098,0.9726147442347195,,True,observed_google
3108109961_3108109966_0,3108109961,3108109966,0,wed_01,2026-06-03T01:00:00+07:00,2026-06-03T01:00:00+07:00,wed,night,66.0762255797776,11.520630867120303,67,24,2.083219250474869,ok,,google,0.7339144138087665,1.0139804356577098,0.9726147442347195,,True,observed_google
3108109961_3108109966_0,3108109961,3108109966,0,wed_07,2026-06-03T07:00:00+07:00,2026-06-03T07:00:00+07:00,wed,am,66.0762255797776,11.520630867120303,67,24,2.083219250474869,ok,,google,0.7339144138087665,1.0139804356577098,0.9726147442347195,,True,observed_google
3108109961_3108109966_0,3108109961,3108109966,0,wed_17,2026-06-03T17:00:00+07:00,2026-06-03T17:00:00+07:00,wed,pm,66.0762255797776,11.520630867120303,67,24,2.083219250474869,ok,,google,0.7339144138087665,1.0139804356577098,0.9726147442347195,,True,observed_google
3108109961_3108109966_0,3108109961,3108109966,0,thu_01,2026-06-04T01:00:00+07:00,2026-06-04T01:00:00+07:00,thu,night,66.0762255797776,11.520630867120303,67,24,2.083219250474869,ok,,google,0.7339144138087665,1.0139804356577098,0.9726147442347195,,True,observed_google
3108109961_3108109966_0,3108109961,3108109966,0,thu_07,2026-06-04T07:00:00+07:00,2026-06-04T07:00:00+07:00,thu,am,66.0762255797776,11.520630867120303,67,24,2.083219250474869,ok,,google,0.7339144138087665,1.0139804356577098,0.9726147442347195,,True,observed_google
3108109961_3108109966_0,3108109961,3108109966,0,thu_17,2026-06-04T17:00:00+07:00,2026-06-04T17:00:00+07:00,thu,pm,66.0762255797776,11.520630867120303,67,24,2.083219250474869,ok,,google,0.7339144138087665,1.0139804356577098,0.9726147442347195,,True,observed_google
3108109961_3108109966_0,3108109961,3108109966,0,fri_01,2026-06-05T01:00:00+07:00,2026-06-05T01:00:00+07:00,fri,night,66.0762255797776,11.520630867120303,67,24,2.083219250474869,ok,,google,0.7339144138087665,1.0139804356577098,0.9726147442347195,,True,observed_google
3108109961_3108109966_0,3108109961,3108109966,0,fri_07,2026-06-05T07:00:00+07:00,2026-06-05T07:00:00+07:00,fri,am,66.0762255797776,11.520630867120303,67,24,2.083219250474869,ok,,google,0.7339144138087665,1.0139804356577098,0.9726147442347195,,True,observed_google
3108109961_3108109966_0,3108109961,3108109966,0,fri_17,2026-06-05T17:00:00+07:00,2026-06-05T17:00:00+07:00,fri,pm,66.0762255797776,11.520630867120303,67,24,2.083219250474869,ok,,google,0.7339144138087665,1.0139804356577098,0.9726147442347195,,True,observed_google
3108109961_3108109966_0,3108109961,3108109966,0,sat_01,2026-06-06T01:00:00+07:00,2026-06-06T01:00:00+07:00,sat,night,66.0762255797776,11.520630867120303,67,24,2.083219250474869,ok,,google,0.7339144138087665,1.0139804356577098,0.9726147442347195,,True,observed_google
3108109961_3108109966_0,3108109961,3108109966,0,sat_07,2026-06-06T07:00:00+07:00,2026-06-06T07:00:00+07:00,sat,am,66.0762255797776,11.520630867120303,67,24,2.083219250474869,ok,,google,0.7339144138087665,1.0139804356577098,0.9726147442347195,,True,observed_google
3108109961_3108109966_0,3108109961,3108109966,0,sat_17,2026-06-06T17:00:00+07:00,2026-06-06T17:00:00+07:00,sat,pm,66.0762255797776,11.520630867120303,67,24,2.083219250474869,ok,,google,0.7339144138087665,1.0139804356577098,0.9726147442347195,,True,observed_google
3108109961_3108109966_0,3108109961,3108109966,0,sun_01,2026-06-07T01:00:00+07:00,2026-06-07T01:00:00+07:00,sun,night,66.0762255797776,11.520630867120303,67,24,2.083219250474869,ok,,google,0.7339144138087665,1.0139804356577098,0.9726147442347195,,True,observed_google
3108109961_3108109966_0,3108109961,3108109966,0,sun_07,2026-06-07T07:00:00+07:00,2026-06-07T07:00:00+07:00,sun,am,66.0762255797776,11.520630867120303,67,24,2.083219250474869,ok,,google,0.7339144138087665,1.0139804356577098,0.9726147442347195,,True,observed_google
3108109961_3108109966_0,3108109961,3108109966,0,sun_17,2026-06-07T17:00:00+07:00,2026-06-07T17:00:00+07:00,sun,pm,66.0762255797776,11.520630867120303,67,24,2.083219250474869,ok,,google,0.7339144138087665,1.0139804356577098,0.9726147442347195,,True,observed_google
3115173106_3115195450_0,3115173106,3115195450,0,mon_01,2026-06-01T01:00:00+07:00,2026-06-08T01:00:00+07:00,mon,night,241.6695599892896,42.13596899681392,238,52,1.2341000156880677,ok,,google,0.21034197218915346,0.9848157956283272,0.9698621513190552,,True,observed_google
3115173106_3115195450_0,3115173106,3115195450,0,mon_07,2026-06-01T07:00:00+07:00,2026-06-01T07:00:00+07:00,mon,am,241.6695599892896,42.13596899681392,238,52,1.2341000156880677,ok,,google,0.21034197218915346,0.9848157956283272,0.9698621513190552,,True,observed_google
3115173106_3115195450_0,3115173106,3115195450,0,mon_17,2026-06-01T17:00:00+07:00,2026-06-01T17:00:00+07:00,mon,pm,241.6695599892896,42.13596899681392,238,52,1.2341000156880677,ok,,google,0.21034197218915346,0.9848157956283272,0.9698621513190552,,True,observed_google
3115173106_3115195450_0,3115173106,3115195450,0,tue_01,2026-06-02T01:00:00+07:00,2026-06-02T01:00:00+07:00,tue,night,241.6695599892896,42.13596899681392,238,52,1.2341000156880677,ok,,google,0.21034197218915346,0.9848157956283272,0.9698621513190552,,True,observed_google
3115173106_3115195450_0,3115173106,3115195450,0,tue_07,2026-06-02T07:00:00+07:00,2026-06-02T07:00:00+07:00,tue,am,241.6695599892896,42.13596899681392,238,52,1.2341000156880677,ok,,google,0.21034197218915346,0.9848157956283272,0.9698621513190552,,True,observed_google
3115173106_3115195450_0,3115173106,3115195450,0,tue_17,2026-06-02T17:00:00+07:00,2026-06-02T17:00:00+07:00,tue,pm,241.6695599892896,42.13596899681392,238,52,1.2341000156880677,ok,,google,0.21034197218915346,0.9848157956283272,0.9698621513190552,,True,observed_google
3115173106_3115195450_0,3115173106,3115195450,0,wed_01,2026-06-03T01:00:00+07:00,2026-06-03T01:00:00+07:00,wed,night,241.6695599892896,42.13596899681392,238,52,1.2341000156880677,ok,,google,0.21034197218915346,0.9848157956283272,0.9698621513190552,,True,observed_google
3115173106_3115195450_0,3115173106,3115195450,0,wed_07,2026-06-03T07:00:00+07:00,2026-06-03T07:00:00+07:00,wed,am,241.6695599892896,42.13596899681392,238,52,1.2341000156880677,ok,,google,0.21034197218915346,0.9848157956283272,0.9698621513190552,,True,observed_google
3115173106_3115195450_0,3115173106,3115195450,0,wed_17,2026-06-03T17:00:00+07:00,2026-06-03T17:00:00+07:00,wed,pm,241.6695599892896,42.13596899681392,238,52,1.2341000156880677,ok,,google,0.21034197218915346,0.9848157956283272,0.9698621513190552,,True,observed_google
3115173106_3115195450_0,3115173106,3115195450,0,thu_01,2026-06-04T01:00:00+07:00,2026-06-04T01:00:00+07:00,thu,night,241.6695599892896,42.13596899681392,238,52,1.2341000156880677,ok,,google,0.21034197218915346,0.9848157956283272,0.9698621513190552,,True,observed_google
3115173106_3115195450_0,3115173106,3115195450,0,thu_07,2026-06-04T07:00:00+07:00,2026-06-04T07:00:00+07:00,thu,am,241.6695599892896,42.13596899681392,238,52,1.2341000156880677,ok,,google,0.21034197218915346,0.9848157956283272,0.9698621513190552,,True,observed_google
3115173106_3115195450_0,3115173106,3115195450,0,thu_17,2026-06-04T17:00:00+07:00,2026-06-04T17:00:00+07:00,thu,pm,241.6695599892896,42.13596899681392,238,52,1.2341000156880677,ok,,google,0.21034197218915346,0.9848157956283272,0.9698621513190552,,True,observed_google
3115173106_3115195450_0,3115173106,3115195450,0,fri_01,2026-06-05T01:00:00+07:00,2026-06-05T01:00:00+07:00,fri,night,241.6695599892896,42.13596899681392,238,52,1.2341000156880677,ok,,google,0.21034197218915346,0.9848157956283272,0.9698621513190552,,True,observed_google
3115173106_3115195450_0,3115173106,3115195450,0,fri_07,2026-06-05T07:00:00+07:00,2026-06-05T07:00:00+07:00,fri,am,241.6695599892896,42.13596899681392,238,52,1.2341000156880677,ok,,google,0.21034197218915346,0.9848157956283272,0.9698621513190552,,True,observed_google
3115173106_3115195450_0,3115173106,3115195450,0,fri_17,2026-06-05T17:00:00+07:00,2026-06-05T17:00:00+07:00,fri,pm,241.6695599892896,42.13596899681392,238,52,1.2341000156880677,ok,,google,0.21034197218915346,0.9848157956283272,0.9698621513190552,,True,observed_google
3115173106_3115195450_0,3115173106,3115195450,0,sat_01,2026-06-06T01:00:00+07:00,2026-06-06T01:00:00+07:00,sat,night,241.6695599892896,42.13596899681392,238,52,1.2341000156880677,ok,,google,0.21034197218915346,0.9848157956283272,0.9698621513190552,,True,observed_google
3115173106_3115195450_0,3115173106,3115195450,0,sat_07,2026-06-06T07:00:00+07:00,2026-06-06T07:00:00+07:00,sat,am,241.6695599892896,42.13596899681392,238,52,1.2341000156880677,ok,,google,0.21034197218915346,0.9848157956283272,0.9698621513190552,,True,observed_google
3115173106_3115195450_0,3115173106,3115195450,0,sat_17,2026-06-06T17:00:00+07:00,2026-06-06T17:00:00+07:00,sat,pm,241.6695599892896,42.13596899681392,238,52,1.2341000156880677,ok,,google,0.21034197218915346,0.9848157956283272,0.9698621513190552,,True,observed_google
3115173106_3115195450_0,3115173106,3115195450,0,sun_01,2026-06-07T01:00:00+07:00,2026-06-07T01:00:00+07:00,sun,night,241.6695599892896,42.13596899681392,238,52,1.2341000156880677,ok,,google,0.21034197218915346,0.9848157956283272,0.9698621513190552,,True,observed_google
3115173106_3115195450_0,3115173106,3115195450,0,sun_07,2026-06-07T07:00:00+07:00,2026-06-07T07:00:00+07:00,sun,am,241.6695599892896,42.13596899681392,238,52,1.2341000156880677,ok,,google,0.21034197218915346,0.9848157956283272,0.9698621513190552,,True,observed_google
3115173106_3115195450_0,3115173106,3115195450,0,sun_17,2026-06-07T17:00:00+07:00,2026-06-07T17:00:00+07:00,sun,pm,241.6695599892896,42.13596899681392,238,52,1.2341000156880677,ok,,google,0.21034197218915346,0.9848157956283272,0.9698621513190552,,True,observed_google
5389085448_5354199913_0,5389085448,5354199913,0,mon_01,2026-06-01T01:00:00+07:00,2026-06-08T01:00:00+07:00,mon,night,93.22038564855998,16.253314152319557,92,18,1.1074664423090086,ok,,google,0.10207492207990095,0.9869085968689206,0.9739885785737816,,True,observed_google
5389085448_5354199913_0,5389085448,5354199913,0,mon_07,2026-06-01T07:00:00+07:00,2026-06-01T07:00:00+07:00,mon,am,93.22038564855998,16.253314152319557,92,18,1.1074664423090086,ok,,google,0.10207492207990095,0.9869085968689206,0.9739885785737816,,True,observed_google
5389085448_5354199913_0,5389085448,5354199913,0,mon_17,2026-06-01T17:00:00+07:00,2026-06-01T17:00:00+07:00,mon,pm,93.22038564855998,16.253314152319557,92,18,1.1074664423090086,ok,,google,0.10207492207990095,0.9869085968689206,0.9739885785737816,,True,observed_google
5389085448_5354199913_0,5389085448,5354199913,0,tue_01,2026-06-02T01:00:00+07:00,2026-06-02T01:00:00+07:00,tue,night,93.22038564855998,16.253314152319557,92,18,1.1074664423090086,ok,,google,0.10207492207990095,0.9869085968689206,0.9739885785737816,,True,observed_google
5389085448_5354199913_0,5389085448,5354199913,0,tue_07,2026-06-02T07:00:00+07:00,2026-06-02T07:00:00+07:00,tue,am,93.22038564855998,16.253314152319557,92,18,1.1074664423090086,ok,,google,0.10207492207990095,0.9869085968689206,0.9739885785737816,,True,observed_google
5389085448_5354199913_0,5389085448,5354199913,0,tue_17,2026-06-02T17:00:00+07:00,2026-06-02T17:00:00+07:00,tue,pm,93.22038564855998,16.253314152319557,92,18,1.1074664423090086,ok,,google,0.10207492207990095,0.9869085968689206,0.9739885785737816,,True,observed_google
5389085448_5354199913_0,5389085448,5354199913,0,wed_01,2026-06-03T01:00:00+07:00,2026-06-03T01:00:00+07:00,wed,night,93.22038564855998,16.253314152319557,92,18,1.1074664423090086,ok,,google,0.10207492207990095,0.9869085968689206,0.9739885785737816,,True,observed_google
5389085448_5354199913_0,5389085448,5354199913,0,wed_07,2026-06-03T07:00:00+07:00,2026-06-03T07:00:00+07:00,wed,am,93.22038564855998,16.253314152319557,92,18,1.1074664423090086,ok,,google,0.10207492207990095,0.9869085968689206,0.9739885785737816,,True,observed_google
5389085448_5354199913_0,5389085448,5354199913,0,wed_17,2026-06-03T17:00:00+07:00,2026-06-03T17:00:00+07:00,wed,pm,93.22038564855998,16.253314152319557,92,18,1.1074664423090086,ok,,google,0.10207492207990095,0.9869085968689206,0.9739885785737816,,True,observed_google
5389085448_5354199913_0,5389085448,5354199913,0,thu_01,2026-06-04T01:00:00+07:00,2026-06-04T01:00:00+07:00,thu,night,93.22038564855998,16.253314152319557,92,18,1.1074664423090086,ok,,google,0.10207492207990095,0.9869085968689206,0.9739885785737816,,True,observed_google
5389085448_5354199913_0,5389085448,5354199913,0,thu_07,2026-06-04T07:00:00+07:00,2026-06-04T07:00:00+07:00,thu,am,93.22038564855998,16.253314152319557,92,18,1.1074664423090086,ok,,google,0.10207492207990095,0.9869085968689206,0.9739885785737816,,True,observed_google
5389085448_5354199913_0,5389085448,5354199913,0,thu_17,2026-06-04T17:00:00+07:00,2026-06-04T17:00:00+07:00,thu,pm,93.22038564855998,16.253314152319557,92,18,1.1074664423090086,ok,,google,0.10207492207990095,0.9869085968689206,0.9739885785737816,,True,observed_google
5389085448_5354199913_0,5389085448,5354199913,0,fri_01,2026-06-05T01:00:00+07:00,2026-06-05T01:00:00+07:00,fri,night,93.22038564855998,16.253314152319557,92,18,1.1074664423090086,ok,,google,0.10207492207990095,0.9869085968689206,0.9739885785737816,,True,observed_google
5389085448_5354199913_0,5389085448,5354199913,0,fri_07,2026-06-05T07:00:00+07:00,2026-06-05T07:00:00+07:00,fri,am,93.22038564855998,16.253314152319557,92,18,1.1074664423090086,ok,,google,0.10207492207990095,0.9869085968689206,0.9739885785737816,,True,observed_google
5389085448_5354199913_0,5389085448,5354199913,0,fri_17,2026-06-05T17:00:00+07:00,2026-06-05T17:00:00+07:00,fri,pm,93.22038564855998,16.253314152319557,92,18,1.1074664423090086,ok,,google,0.10207492207990095,0.9869085968689206,0.9739885785737816,,True,observed_google
5389085448_5354199913_0,5389085448,5354199913,0,sat_01,2026-06-06T01:00:00+07:00,2026-06-06T01:00:00+07:00,sat,night,93.22038564855998,16.253314152319557,92,18,1.1074664423090086,ok,,google,0.10207492207990095,0.9869085968689206,0.9739885785737816,,True,observed_google
5389085448_5354199913_0,5389085448,5354199913,0,sat_07,2026-06-06T07:00:00+07:00,2026-06-06T07:00:00+07:00,sat,am,93.22038564855998,16.253314152319557,92,18,1.1074664423090086,ok,,google,0.10207492207990095,0.9869085968689206,0.9739885785737816,,True,observed_google
5389085448_5354199913_0,5389085448,5354199913,0,sat_17,2026-06-06T17:00:00+07:00,2026-06-06T17:00:00+07:00,sat,pm,93.22038564855998,16.253314152319557,92,18,1.1074664423090086,ok,,google,0.10207492207990095,0.9869085968689206,0.9739885785737816,,True,observed_google
5389085448_5354199913_0,5389085448,5354199913,0,sun_01,2026-06-07T01:00:00+07:00,2026-06-07T01:00:00+07:00,sun,night,93.22038564855998,16.253314152319557,92,18,1.1074664423090086,ok,,google,0.10207492207990095,0.9869085968689206,0.9739885785737816,,True,observed_google
5389085448_5354199913_0,5389085448,5354199913,0,sun_07,2026-06-07T07:00:00+07:00,2026-06-07T07:00:00+07:00,sun,am,93.22038564855998,16.253314152319557,92,18,1.1074664423090086,ok,,google,0.10207492207990095,0.9869085968689206,0.9739885785737816,,True,observed_google
5389085448_5354199913_0,5389085448,5354199913,0,sun_17,2026-06-07T17:00:00+07:00,2026-06-07T17:00:00+07:00,sun,pm,93.22038564855998,16.253314152319557,92,18,1.1074664423090086,ok,,google,0.10207492207990095,0.9869085968689206,0.9739885785737816,,True,observed_google
1396378245_1396378169_0,1396378245,1396378169,0,mon_01,2026-06-01T01:00:00+07:00,2026-06-08T01:00:00+07:00,mon,night,62.76798303008568,10.943826715559233,65,13,1.1878843057262074,ok,,google,0.17217383044580223,1.0355598007481692,0.932501702642633,,True,observed_google
1396378245_1396378169_0,1396378245,1396378169,0,mon_07,2026-06-01T07:00:00+07:00,2026-06-01T07:00:00+07:00,mon,am,62.76798303008568,10.943826715559233,65,9,0.8223814424258359,ok,,google,-0.1955509496795151,1.0355598007481692,0.932501702642633,,True,observed_google
1396378245_1396378169_0,1396378245,1396378169,0,mon_17,2026-06-01T17:00:00+07:00,2026-06-01T17:00:00+07:00,mon,pm,62.76798303008568,10.943826715559233,65,19,1.7361386006767647,ok,,google,0.551663452150706,1.0355598007481692,0.932501702642633,,True,observed_google
1396378245_1396378169_0,1396378245,1396378169,0,tue_01,2026-06-02T01:00:00+07:00,2026-06-02T01:00:00+07:00,tue,night,62.76798303008568,10.943826715559233,65,13,1.1878843057262074,ok,,google,0.17217383044580223,1.0355598007481692,0.932501702642633,,True,observed_google
1396378245_1396378169_0,1396378245,1396378169,0,tue_07,2026-06-02T07:00:00+07:00,2026-06-02T07:00:00+07:00,tue,am,62.76798303008568,10.943826715559233,65,13,1.1878843057262074,ok,,google,0.17217383044580223,1.0355598007481692,0.932501702642633,,True,observed_google
1396378245_1396378169_0,1396378245,1396378169,0,tue_17,2026-06-02T17:00:00+07:00,2026-06-02T17:00:00+07:00,tue,pm,62.76798303008568,10.943826715559233,65,11,1.0051328740760217,ok,,google,0.0051197457826361,1.0355598007481692,0.932501702642633,,True,observed_google
1396378245_1396378169_0,1396378245,1396378169,0,wed_01,2026-06-03T01:00:00+07:00,2026-06-03T01:00:00+07:00,wed,night,62.76798303008568,10.943826715559233,65,13,1.1878843057262074,ok,,google,0.17217383044580223,1.0355598007481692,0.932501702642633,,True,observed_google
1396378245_1396378169_0,1396378245,1396378169,0,wed_07,2026-06-03T07:00:00+07:00,2026-06-03T07:00:00+07:00,wed,am,62.76798303008568,10.943826715559233,65,14,1.2792600215513004,ok,,google,0.24628180259952417,1.0355598007481692,0.932501702642633,,True,observed_google
1396378245_1396378169_0,1396378245,1396378169,0,wed_17,2026-06-03T17:00:00+07:00,2026-06-03T17:00:00+07:00,wed,pm,62.76798303008568,10.943826715559233,65,15,1.370635737376393,ok,,google,0.3152746740864755,1.0355598007481692,0.932501702642633,,True,observed_google
1396378245_1396378169_0,1396378245,1396378169,0,thu_01,2026-06-04T01:00:00+07:00,2026-06-04T01:00:00+07:00,thu,night,62.76798303008568,10.943826715559233,65,13,1.1878843057262074,ok,,google,0.17217383044580223,1.0355598007481692,0.932501702642633,,True,observed_google
1396378245_1396378169_0,1396378245,1396378169,0,thu_07,2026-06-04T07:00:00+07:00,2026-06-04T07:00:00+07:00,thu,am,62.76798303008568,10.943826715559233,65,12,1.0965085899011144,ok,,google,0.09213112277226573,1.0355598007481692,0.932501702642633,,True,observed_google
1396378245_1396378169_0,1396378245,1396378169,0,thu_17,2026-06-04T17:00:00+07:00,2026-06-04T17:00:00+07:00,thu,pm,62.76798303008568,10.943826715559233,65,12,1.0965085899011144,ok,,google,0.09213112277226573,1.0355598007481692,0.932501702642633,,True,observed_google
1396378245_1396378169_0,1396378245,1396378169,0,fri_01,2026-06-05T01:00:00+07:00,2026-06-05T01:00:00+07:00,fri,night,62.76798303008568,10.943826715559233,65,13,1.1878843057262074,ok,,google,0.17217383044580223,1.0355598007481692,0.932501702642633,,True,observed_google
1396378245_1396378169_0,1396378245,1396378169,0,fri_07,2026-06-05T07:00:00+07:00,2026-06-05T07:00:00+07:00,fri,am,62.76798303008568,10.943826715559233,65,17,1.553387169026579,ok,,google,0.4404378170404817,1.0355598007481692,0.932501702642633,,True,observed_google
1396378245_1396378169_0,1396378245,1396378169,0,fri_17,2026-06-05T17:00:00+07:00,2026-06-05T17:00:00+07:00,fri,pm,62.76798303008568,10.943826715559233,65,14,1.2792600215513004,ok,,google,0.24628180259952417,1.0355598007481692,0.932501702642633,,True,observed_google
1396378245_1396378169_0,1396378245,1396378169,0,sat_01,2026-06-06T01:00:00+07:00,2026-06-06T01:00:00+07:00,sat,night,62.76798303008568,10.943826715559233,65,13,1.1878843057262074,ok,,google,0.17217383044580223,1.0355598007481692,0.932501702642633,,True,observed_google
1396378245_1396378169_0,1396378245,1396378169,0,sat_07,2026-06-06T07:00:00+07:00,2026-06-06T07:00:00+07:00,sat,am,62.76798303008568,10.943826715559233,65,13,1.1878843057262074,ok,,google,0.17217383044580223,1.0355598007481692,0.932501702642633,,True,observed_google
1396378245_1396378169_0,1396378245,1396378169,0,sat_17,2026-06-06T17:00:00+07:00,2026-06-06T17:00:00+07:00,sat,pm,62.76798303008568,10.943826715559233,65,23,2.101641463977136,ok,,google,0.7427186889134152,1.0355598007481692,0.932501702642633,,True,observed_google
1396378245_1396378169_0,1396378245,1396378169,0,sun_01,2026-06-07T01:00:00+07:00,2026-06-07T01:00:00+07:00,sun,night,62.76798303008568,10.943826715559233,65,13,1.1878843057262074,ok,,google,0.17217383044580223,1.0355598007481692,0.932501702642633,,True,observed_google
1396378245_1396378169_0,1396378245,1396378169,0,sun_07,2026-06-07T07:00:00+07:00,2026-06-07T07:00:00+07:00,sun,am,62.76798303008568,10.943826715559233,65,13,1.1878843057262074,ok,,google,0.17217383044580223,1.0355598007481692,0.932501702642633,,True,observed_google
1396378245_1396378169_0,1396378245,1396378169,0,sun_17,2026-06-07T17:00:00+07:00,2026-06-07T17:00:00+07:00,sun,pm,62.76798303008568,10.943826715559233,65,13,1.1878843057262074,ok,,google,0.17217383044580223,1.0355598007481692,0.932501702642633,,True,observed_google
3115455978_3115455973_0,3115455978,3115455973,0,mon_01,2026-06-01T01:00:00+07:00,2026-06-08T01:00:00+07:00,mon,night,116.88754767792662,20.3797701509822,115,41,2.011798940628583,ok,,google,0.699029317139069,0.9838515931301117,0.9679639573046589,,True,observed_google
3115455978_3115455973_0,3115455978,3115455973,0,mon_07,2026-06-01T07:00:00+07:00,2026-06-01T07:00:00+07:00,mon,am,116.88754767792662,20.3797701509822,115,41,2.011798940628583,ok,,google,0.699029317139069,0.9838515931301117,0.9679639573046589,,True,observed_google
3115455978_3115455973_0,3115455978,3115455973,0,mon_17,2026-06-01T17:00:00+07:00,2026-06-01T17:00:00+07:00,mon,pm,116.88754767792662,20.3797701509822,115,41,2.011798940628583,ok,,google,0.699029317139069,0.9838515931301117,0.9679639573046589,,True,observed_google
3115455978_3115455973_0,3115455978,3115455973,0,tue_01,2026-06-02T01:00:00+07:00,2026-06-02T01:00:00+07:00,tue,night,116.88754767792662,20.3797701509822,115,41,2.011798940628583,ok,,google,0.699029317139069,0.9838515931301117,0.9679639573046589,,True,observed_google
3115455978_3115455973_0,3115455978,3115455973,0,tue_07,2026-06-02T07:00:00+07:00,2026-06-02T07:00:00+07:00,tue,am,116.88754767792662,20.3797701509822,115,41,2.011798940628583,ok,,google,0.699029317139069,0.9838515931301117,0.9679639573046589,,True,observed_google
3115455978_3115455973_0,3115455978,3115455973,0,tue_17,2026-06-02T17:00:00+07:00,2026-06-02T17:00:00+07:00,tue,pm,116.88754767792662,20.3797701509822,115,41,2.011798940628583,ok,,google,0.699029317139069,0.9838515931301117,0.9679639573046589,,True,observed_google
3115455978_3115455973_0,3115455978,3115455973,0,wed_01,2026-06-03T01:00:00+07:00,2026-06-03T01:00:00+07:00,wed,night,116.88754767792662,20.3797701509822,115,41,2.011798940628583,ok,,google,0.699029317139069,0.9838515931301117,0.9679639573046589,,True,observed_google
3115455978_3115455973_0,3115455978,3115455973,0,wed_07,2026-06-03T07:00:00+07:00,2026-06-03T07:00:00+07:00,wed,am,116.88754767792662,20.3797701509822,115,41,2.011798940628583,ok,,google,0.699029317139069,0.9838515931301117,0.9679639573046589,,True,observed_google
3115455978_3115455973_0,3115455978,3115455973,0,wed_17,2026-06-03T17:00:00+07:00,2026-06-03T17:00:00+07:00,wed,pm,116.88754767792662,20.3797701509822,115,41,2.011798940628583,ok,,google,0.699029317139069,0.9838515931301117,0.9679639573046589,,True,observed_google
3115455978_3115455973_0,3115455978,3115455973,0,thu_01,2026-06-04T01:00:00+07:00,2026-06-04T01:00:00+07:00,thu,night,116.88754767792662,20.3797701509822,115,41,2.011798940628583,ok,,google,0.699029317139069,0.9838515931301117,0.9679639573046589,,True,observed_google
3115455978_3115455973_0,3115455978,3115455973,0,thu_07,2026-06-04T07:00:00+07:00,2026-06-04T07:00:00+07:00,thu,am,116.88754767792662,20.3797701509822,115,41,2.011798940628583,ok,,google,0.699029317139069,0.9838515931301117,0.9679639573046589,,True,observed_google
3115455978_3115455973_0,3115455978,3115455973,0,thu_17,2026-06-04T17:00:00+07:00,2026-06-04T17:00:00+07:00,thu,pm,116.88754767792662,20.3797701509822,115,41,2.011798940628583,ok,,google,0.699029317139069,0.9838515931301117,0.9679639573046589,,True,observed_google
3115455978_3115455973_0,3115455978,3115455973,0,fri_01,2026-06-05T01:00:00+07:00,2026-06-05T01:00:00+07:00,fri,night,116.88754767792662,20.3797701509822,115,41,2.011798940628583,ok,,google,0.699029317139069,0.9838515931301117,0.9679639573046589,,True,observed_google
3115455978_3115455973_0,3115455978,3115455973,0,fri_07,2026-06-05T07:00:00+07:00,2026-06-05T07:00:00+07:00,fri,am,116.88754767792662,20.3797701509822,115,41,2.011798940628583,ok,,google,0.699029317139069,0.9838515931301117,0.9679639573046589,,True,observed_google
3115455978_3115455973_0,3115455978,3115455973,0,fri_17,2026-06-05T17:00:00+07:00,2026-06-05T17:00:00+07:00,fri,pm,116.88754767792662,20.3797701509822,115,41,2.011798940628583,ok,,google,0.699029317139069,0.9838515931301117,0.9679639573046589,,True,observed_google
3115455978_3115455973_0,3115455978,3115455973,0,sat_01,2026-06-06T01:00:00+07:00,2026-06-06T01:00:00+07:00,sat,night,116.88754767792662,20.3797701509822,115,41,2.011798940628583,ok,,google,0.699029317139069,0.9838515931301117,0.9679639573046589,,True,observed_google
3115455978_3115455973_0,3115455978,3115455973,0,sat_07,2026-06-06T07:00:00+07:00,2026-06-06T07:00:00+07:00,sat,am,116.88754767792662,20.3797701509822,115,41,2.011798940628583,ok,,google,0.699029317139069,0.9838515931301117,0.9679639573046589,,True,observed_google
3115455978_3115455973_0,3115455978,3115455973,0,sat_17,2026-06-06T17:00:00+07:00,2026-06-06T17:00:00+07:00,sat,pm,116.88754767792662,20.3797701509822,115,41,2.011798940628583,ok,,google,0.699029317139069,0.9838515931301117,0.9679639573046589,,True,observed_google
3115455978_3115455973_0,3115455978,3115455973,0,sun_01,2026-06-07T01:00:00+07:00,2026-06-07T01:00:00+07:00,sun,night,116.88754767792662,20.3797701509822,115,41,2.011798940628583,ok,,google,0.699029317139069,0.9838515931301117,0.9679639573046589,,True,observed_google
3115455978_3115455973_0,3115455978,3115455973,0,sun_07,2026-06-07T07:00:00+07:00,2026-06-07T07:00:00+07:00,sun,am,116.88754767792662,20.3797701509822,115,41,2.011798940628583,ok,,google,0.699029317139069,0.9838515931301117,0.9679639573046589,,True,observed_google
3115455978_3115455973_0,3115455978,3115455973,0,sun_17,2026-06-07T17:00:00+07:00,2026-06-07T17:00:00+07:00,sun,pm,116.88754767792662,20.3797701509822,115,41,2.011798940628583,ok,,google,0.699029317139069,0.9838515931301117,0.9679639573046589,,True,observed_google
6382672039_5354184219_0,6382672039,5354184219,0,mon_01,2026-06-01T01:00:00+07:00,2026-06-08T01:00:00+07:00,mon,night,137.17135001094115,23.91632504965988,135,43,1.7979350887193062,ok,,google,0.5866388334618682,0.9841705282424649,0.9685916286610523,,True,observed_google
6382672039_5354184219_0,6382672039,5354184219,0,mon_07,2026-06-01T07:00:00+07:00,2026-06-01T07:00:00+07:00,mon,am,137.17135001094115,23.91632504965988,135,43,1.7979350887193062,ok,,google,0.5866388334618682,0.9841705282424649,0.9685916286610523,,True,observed_google
6382672039_5354184219_0,6382672039,5354184219,0,mon_17,2026-06-01T17:00:00+07:00,2026-06-01T17:00:00+07:00,mon,pm,137.17135001094115,23.91632504965988,135,43,1.7979350887193062,ok,,google,0.5866388334618682,0.9841705282424649,0.9685916286610523,,True,observed_google
6382672039_5354184219_0,6382672039,5354184219,0,tue_01,2026-06-02T01:00:00+07:00,2026-06-02T01:00:00+07:00,tue,night,137.17135001094115,23.91632504965988,135,43,1.7979350887193062,ok,,google,0.5866388334618682,0.9841705282424649,0.9685916286610523,,True,observed_google
6382672039_5354184219_0,6382672039,5354184219,0,tue_07,2026-06-02T07:00:00+07:00,2026-06-02T07:00:00+07:00,tue,am,137.17135001094115,23.91632504965988,135,43,1.7979350887193062,ok,,google,0.5866388334618682,0.9841705282424649,0.9685916286610523,,True,observed_google
6382672039_5354184219_0,6382672039,5354184219,0,tue_17,2026-06-02T17:00:00+07:00,2026-06-02T17:00:00+07:00,tue,pm,137.17135001094115,23.91632504965988,135,43,1.7979350887193062,ok,,google,0.5866388334618682,0.9841705282424649,0.9685916286610523,,True,observed_google
6382672039_5354184219_0,6382672039,5354184219,0,wed_01,2026-06-03T01:00:00+07:00,2026-06-03T01:00:00+07:00,wed,night,137.17135001094115,23.91632504965988,135,43,1.7979350887193062,ok,,google,0.5866388334618682,0.9841705282424649,0.9685916286610523,,True,observed_google
6382672039_5354184219_0,6382672039,5354184219,0,wed_07,2026-06-03T07:00:00+07:00,2026-06-03T07:00:00+07:00,wed,am,137.17135001094115,23.91632504965988,135,43,1.7979350887193062,ok,,google,0.5866388334618682,0.9841705282424649,0.9685916286610523,,True,observed_google
6382672039_5354184219_0,6382672039,5354184219,0,wed_17,2026-06-03T17:00:00+07:00,2026-06-03T17:00:00+07:00,wed,pm,137.17135001094115,23.91632504965988,135,43,1.7979350887193062,ok,,google,0.5866388334618682,0.9841705282424649,0.9685916286610523,,True,observed_google
6382672039_5354184219_0,6382672039,5354184219,0,thu_01,2026-06-04T01:00:00+07:00,2026-06-04T01:00:00+07:00,thu,night,137.17135001094115,23.91632504965988,135,43,1.7979350887193062,ok,,google,0.5866388334618682,0.9841705282424649,0.9685916286610523,,True,observed_google
6382672039_5354184219_0,6382672039,5354184219,0,thu_07,2026-06-04T07:00:00+07:00,2026-06-04T07:00:00+07:00,thu,am,137.17135001094115,23.91632504965988,135,43,1.7979350887193062,ok,,google,0.5866388334618682,0.9841705282424649,0.9685916286610523,,True,observed_google
6382672039_5354184219_0,6382672039,5354184219,0,thu_17,2026-06-04T17:00:00+07:00,2026-06-04T17:00:00+07:00,thu,pm,137.17135001094115,23.91632504965988,135,43,1.7979350887193062,ok,,google,0.5866388334618682,0.9841705282424649,0.9685916286610523,,True,observed_google
6382672039_5354184219_0,6382672039,5354184219,0,fri_01,2026-06-05T01:00:00+07:00,2026-06-05T01:00:00+07:00,fri,night,137.17135001094115,23.91632504965988,135,43,1.7979350887193062,ok,,google,0.5866388334618682,0.9841705282424649,0.9685916286610523,,True,observed_google
6382672039_5354184219_0,6382672039,5354184219,0,fri_07,2026-06-05T07:00:00+07:00,2026-06-05T07:00:00+07:00,fri,am,137.17135001094115,23.91632504965988,135,43,1.7979350887193062,ok,,google,0.5866388334618682,0.9841705282424649,0.9685916286610523,,True,observed_google
6382672039_5354184219_0,6382672039,5354184219,0,fri_17,2026-06-05T17:00:00+07:00,2026-06-05T17:00:00+07:00,fri,pm,137.17135001094115,23.91632504965988,135,43,1.7979350887193062,ok,,google,0.5866388334618682,0.9841705282424649,0.9685916286610523,,True,observed_google
6382672039_5354184219_0,6382672039,5354184219,0,sat_01,2026-06-06T01:00:00+07:00,2026-06-06T01:00:00+07:00,sat,night,137.17135001094115,23.91632504965988,135,43,1.7979350887193062,ok,,google,0.5866388334618682,0.9841705282424649,0.9685916286610523,,True,observed_google
6382672039_5354184219_0,6382672039,5354184219,0,sat_07,2026-06-06T07:00:00+07:00,2026-06-06T07:00:00+07:00,sat,am,137.17135001094115,23.91632504965988,135,43,1.7979350887193062,ok,,google,0.5866388334618682,0.9841705282424649,0.9685916286610523,,True,observed_google
6382672039_5354184219_0,6382672039,5354184219,0,sat_17,2026-06-06T17:00:00+07:00,2026-06-06T17:00:00+07:00,sat,pm,137.17135001094115,23.91632504965988,135,43,1.7979350887193062,ok,,google,0.5866388334618682,0.9841705282424649,0.9685916286610523,,True,observed_google
6382672039_5354184219_0,6382672039,5354184219,0,sun_01,2026-06-07T01:00:00+07:00,2026-06-07T01:00:00+07:00,sun,night,137.17135001094115,23.91632504965988,135,43,1.7979350887193062,ok,,google,0.5866388334618682,0.9841705282424649,0.9685916286610523,,True,observed_google
6382672039_5354184219_0,6382672039,5354184219,0,sun_07,2026-06-07T07:00:00+07:00,2026-06-07T07:00:00+07:00,sun,am,137.17135001094115,23.91632504965988,135,43,1.7979350887193062,ok,,google,0.5866388334618682,0.9841705282424649,0.9685916286610523,,True,observed_google
6382672039_5354184219_0,6382672039,5354184219,0,sun_17,2026-06-07T17:00:00+07:00,2026-06-07T17:00:00+07:00,sun,pm,137.17135001094115,23.91632504965988,135,43,1.7979350887193062,ok,,google,0.5866388334618682,0.9841705282424649,0.9685916286610523,,True,observed_google
3445557789_3445561128_0,3445557789,3445561128,0,mon_01,2026-06-01T01:00:00+07:00,2026-06-08T01:00:00+07:00,mon,night,55.64075301984936,9.701168174873397,59,29,2.989330715357737,ok,,google,1.0950495213289761,1.060373859048102,0.8893689734604641,,True,observed_google
3445557789_3445561128_0,3445557789,3445561128,0,mon_07,2026-06-01T07:00:00+07:00,2026-06-01T07:00:00+07:00,mon,am,55.64075301984936,9.701168174873397,59,29,2.989330715357737,ok,,google,1.0950495213289761,1.060373859048102,0.8893689734604641,,True,observed_google
3445557789_3445561128_0,3445557789,3445561128,0,mon_17,2026-06-01T17:00:00+07:00,2026-06-01T17:00:00+07:00,mon,pm,55.64075301984936,9.701168174873397,59,29,2.989330715357737,ok,,google,1.0950495213289761,1.060373859048102,0.8893689734604641,,True,observed_google
3445557789_3445561128_0,3445557789,3445561128,0,tue_01,2026-06-02T01:00:00+07:00,2026-06-02T01:00:00+07:00,tue,night,55.64075301984936,9.701168174873397,59,29,2.989330715357737,ok,,google,1.0950495213289761,1.060373859048102,0.8893689734604641,,True,observed_google
3445557789_3445561128_0,3445557789,3445561128,0,tue_07,2026-06-02T07:00:00+07:00,2026-06-02T07:00:00+07:00,tue,am,55.64075301984936,9.701168174873397,59,29,2.989330715357737,ok,,google,1.0950495213289761,1.060373859048102,0.8893689734604641,,True,observed_google
3445557789_3445561128_0,3445557789,3445561128,0,tue_17,2026-06-02T17:00:00+07:00,2026-06-02T17:00:00+07:00,tue,pm,55.64075301984936,9.701168174873397,59,29,2.989330715357737,ok,,google,1.0950495213289761,1.060373859048102,0.8893689734604641,,True,observed_google
3445557789_3445561128_0,3445557789,3445561128,0,wed_01,2026-06-03T01:00:00+07:00,2026-06-03T01:00:00+07:00,wed,night,55.64075301984936,9.701168174873397,59,29,2.989330715357737,ok,,google,1.0950495213289761,1.060373859048102,0.8893689734604641,,True,observed_google
3445557789_3445561128_0,3445557789,3445561128,0,wed_07,2026-06-03T07:00:00+07:00,2026-06-03T07:00:00+07:00,wed,am,55.64075301984936,9.701168174873397,59,29,2.989330715357737,ok,,google,1.0950495213289761,1.060373859048102,0.8893689734604641,,True,observed_google
3445557789_3445561128_0,3445557789,3445561128,0,wed_17,2026-06-03T17:00:00+07:00,2026-06-03T17:00:00+07:00,wed,pm,55.64075301984936,9.701168174873397,59,29,2.989330715357737,ok,,google,1.0950495213289761,1.060373859048102,0.8893689734604641,,True,observed_google
3445557789_3445561128_0,3445557789,3445561128,0,thu_01,2026-06-04T01:00:00+07:00,2026-06-04T01:00:00+07:00,thu,night,55.64075301984936,9.701168174873397,59,29,2.989330715357737,ok,,google,1.0950495213289761,1.060373859048102,0.8893689734604641,,True,observed_google
3445557789_3445561128_0,3445557789,3445561128,0,thu_07,2026-06-04T07:00:00+07:00,2026-06-04T07:00:00+07:00,thu,am,55.64075301984936,9.701168174873397,59,29,2.989330715357737,ok,,google,1.0950495213289761,1.060373859048102,0.8893689734604641,,True,observed_google
3445557789_3445561128_0,3445557789,3445561128,0,thu_17,2026-06-04T17:00:00+07:00,2026-06-04T17:00:00+07:00,thu,pm,55.64075301984936,9.701168174873397,59,29,2.989330715357737,ok,,google,1.0950495213289761,1.060373859048102,0.8893689734604641,,True,observed_google
3445557789_3445561128_0,3445557789,3445561128,0,fri_01,2026-06-05T01:00:00+07:00,2026-06-05T01:00:00+07:00,fri,night,55.64075301984936,9.701168174873397,59,29,2.989330715357737,ok,,google,1.0950495213289761,1.060373859048102,0.8893689734604641,,True,observed_google
3445557789_3445561128_0,3445557789,3445561128,0,fri_07,2026-06-05T07:00:00+07:00,2026-06-05T07:00:00+07:00,fri,am,55.64075301984936,9.701168174873397,59,29,2.989330715357737,ok,,google,1.0950495213289761,1.060373859048102,0.8893689734604641,,True,observed_google
3445557789_3445561128_0,3445557789,3445561128,0,fri_17,2026-06-05T17:00:00+07:00,2026-06-05T17:00:00+07:00,fri,pm,55.64075301984936,9.701168174873397,59,29,2.989330715357737,ok,,google,1.0950495213289761,1.060373859048102,0.8893689734604641,,True,observed_google
3445557789_3445561128_0,3445557789,3445561128,0,sat_01,2026-06-06T01:00:00+07:00,2026-06-06T01:00:00+07:00,sat,night,55.64075301984936,9.701168174873397,59,29,2.989330715357737,ok,,google,1.0950495213289761,1.060373859048102,0.8893689734604641,,True,observed_google
3445557789_3445561128_0,3445557789,3445561128,0,sat_07,2026-06-06T07:00:00+07:00,2026-06-06T07:00:00+07:00,sat,am,55.64075301984936,9.701168174873397,59,29,2.989330715357737,ok,,google,1.0950495213289761,1.060373859048102,0.8893689734604641,,True,observed_google
3445557789_3445561128_0,3445557789,3445561128,0,sat_17,2026-06-06T17:00:00+07:00,2026-06-06T17:00:00+07:00,sat,pm,55.64075301984936,9.701168174873397,59,29,2.989330715357737,ok,,google,1.0950495213289761,1.060373859048102,0.8893689734604641,,True,observed_google
3445557789_3445561128_0,3445557789,3445561128,0,sun_01,2026-06-07T01:00:00+07:00,2026-06-07T01:00:00+07:00,sun,night,55.64075301984936,9.701168174873397,59,29,2.989330715357737,ok,,google,1.0950495213289761,1.060373859048102,0.8893689734604641,,True,observed_google
3445557789_3445561128_0,3445557789,3445561128,0,sun_07,2026-06-07T07:00:00+07:00,2026-06-07T07:00:00+07:00,sun,am,55.64075301984936,9.701168174873397,59,29,2.989330715357737,ok,,google,1.0950495213289761,1.060373859048102,0.8893689734604641,,True,observed_google
3445557789_3445561128_0,3445557789,3445561128,0,sun_17,2026-06-07T17:00:00+07:00,2026-06-07T17:00:00+07:00,sun,pm,55.64075301984936,9.701168174873397,59,29,2.989330715357737,ok,,google,1.0950495213289761,1.060373859048102,0.8893689734604641,,True,observed_google
1801230151_5474527087_0,1801230151,5474527087,0,mon_01,2026-06-01T01:00:00+07:00,2026-06-08T01:00:00+07:00,mon,night,227.8996129154043,39.7351285143853,224,46,1.1576658166173197,ok,,google,0.14640575081540003,0.9828889006632414,0.9660705910469952,,True,observed_google
1801230151_5474527087_0,1801230151,5474527087,0,mon_07,2026-06-01T07:00:00+07:00,2026-06-01T07:00:00+07:00,mon,am,227.8996129154043,39.7351285143853,224,46,1.1576658166173197,ok,,google,0.14640575081540003,0.9828889006632414,0.9660705910469952,,True,observed_google
1801230151_5474527087_0,1801230151,5474527087,0,mon_17,2026-06-01T17:00:00+07:00,2026-06-01T17:00:00+07:00,mon,pm,227.8996129154043,39.7351285143853,224,46,1.1576658166173197,ok,,google,0.14640575081540003,0.9828889006632414,0.9660705910469952,,True,observed_google
1801230151_5474527087_0,1801230151,5474527087,0,tue_01,2026-06-02T01:00:00+07:00,2026-06-02T01:00:00+07:00,tue,night,227.8996129154043,39.7351285143853,224,46,1.1576658166173197,ok,,google,0.14640575081540003,0.9828889006632414,0.9660705910469952,,True,observed_google
1801230151_5474527087_0,1801230151,5474527087,0,tue_07,2026-06-02T07:00:00+07:00,2026-06-02T07:00:00+07:00,tue,am,227.8996129154043,39.7351285143853,224,46,1.1576658166173197,ok,,google,0.14640575081540003,0.9828889006632414,0.9660705910469952,,True,observed_google
1801230151_5474527087_0,1801230151,5474527087,0,tue_17,2026-06-02T17:00:00+07:00,2026-06-02T17:00:00+07:00,tue,pm,227.8996129154043,39.7351285143853,224,46,1.1576658166173197,ok,,google,0.14640575081540003,0.9828889006632414,0.9660705910469952,,True,observed_google
1801230151_5474527087_0,1801230151,5474527087,0,wed_01,2026-06-03T01:00:00+07:00,2026-06-03T01:00:00+07:00,wed,night,227.8996129154043,39.7351285143853,224,46,1.1576658166173197,ok,,google,0.14640575081540003,0.9828889006632414,0.9660705910469952,,True,observed_google
1801230151_5474527087_0,1801230151,5474527087,0,wed_07,2026-06-03T07:00:00+07:00,2026-06-03T07:00:00+07:00,wed,am,227.8996129154043,39.7351285143853,224,46,1.1576658166173197,ok,,google,0.14640575081540003,0.9828889006632414,0.9660705910469952,,True,observed_google
1801230151_5474527087_0,1801230151,5474527087,0,wed_17,2026-06-03T17:00:00+07:00,2026-06-03T17:00:00+07:00,wed,pm,227.8996129154043,39.7351285143853,224,46,1.1576658166173197,ok,,google,0.14640575081540003,0.9828889006632414,0.9660705910469952,,True,observed_google
1801230151_5474527087_0,1801230151,5474527087,0,thu_01,2026-06-04T01:00:00+07:00,2026-06-04T01:00:00+07:00,thu,night,227.8996129154043,39.7351285143853,224,46,1.1576658166173197,ok,,google,0.14640575081540003,0.9828889006632414,0.9660705910469952,,True,observed_google
1801230151_5474527087_0,1801230151,5474527087,0,thu_07,2026-06-04T07:00:00+07:00,2026-06-04T07:00:00+07:00,thu,am,227.8996129154043,39.7351285143853,224,46,1.1576658166173197,ok,,google,0.14640575081540003,0.9828889006632414,0.9660705910469952,,True,observed_google
1801230151_5474527087_0,1801230151,5474527087,0,thu_17,2026-06-04T17:00:00+07:00,2026-06-04T17:00:00+07:00,thu,pm,227.8996129154043,39.7351285143853,224,46,1.1576658166173197,ok,,google,0.14640575081540003,0.9828889006632414,0.9660705910469952,,True,observed_google
1801230151_5474527087_0,1801230151,5474527087,0,fri_01,2026-06-05T01:00:00+07:00,2026-06-05T01:00:00+07:00,fri,night,227.8996129154043,39.7351285143853,224,46,1.1576658166173197,ok,,google,0.14640575081540003,0.9828889006632414,0.9660705910469952,,True,observed_google
1801230151_5474527087_0,1801230151,5474527087,0,fri_07,2026-06-05T07:00:00+07:00,2026-06-05T07:00:00+07:00,fri,am,227.8996129154043,39.7351285143853,224,46,1.1576658166173197,ok,,google,0.14640575081540003,0.9828889006632414,0.9660705910469952,,True,observed_google
1801230151_5474527087_0,1801230151,5474527087,0,fri_17,2026-06-05T17:00:00+07:00,2026-06-05T17:00:00+07:00,fri,pm,227.8996129154043,39.7351285143853,224,46,1.1576658166173197,ok,,google,0.14640575081540003,0.9828889006632414,0.9660705910469952,,True,observed_google
1801230151_5474527087_0,1801230151,5474527087,0,sat_01,2026-06-06T01:00:00+07:00,2026-06-06T01:00:00+07:00,sat,night,227.8996129154043,39.7351285143853,224,46,1.1576658166173197,ok,,google,0.14640575081540003,0.9828889006632414,0.9660705910469952,,True,observed_google
1801230151_5474527087_0,1801230151,5474527087,0,sat_07,2026-06-06T07:00:00+07:00,2026-06-06T07:00:00+07:00,sat,am,227.8996129154043,39.7351285143853,224,46,1.1576658166173197,ok,,google,0.14640575081540003,0.9828889006632414,0.9660705910469952,,True,observed_google
1801230151_5474527087_0,1801230151,5474527087,0,sat_17,2026-06-06T17:00:00+07:00,2026-06-06T17:00:00+07:00,sat,pm,227.8996129154043,39.7351285143853,224,46,1.1576658166173197,ok,,google,0.14640575081540003,0.9828889006632414,0.9660705910469952,,True,observed_google
1801230151_5474527087_0,1801230151,5474527087,0,sun_01,2026-06-07T01:00:00+07:00,2026-06-07T01:00:00+07:00,sun,night,227.8996129154043,39.7351285143853,224,46,1.1576658166173197,ok,,google,0.14640575081540003,0.9828889006632414,0.9660705910469952,,True,observed_google
1801230151_5474527087_0,1801230151,5474527087,0,sun_07,2026-06-07T07:00:00+07:00,2026-06-07T07:00:00+07:00,sun,am,227.8996129154043,39.7351285143853,224,46,1.1576658166173197,ok,,google,0.14640575081540003,0.9828889006632414,0.9660705910469952,,True,observed_google
1801230151_5474527087_0,1801230151,5474527087,0,sun_17,2026-06-07T17:00:00+07:00,2026-06-07T17:00:00+07:00,sun,pm,227.8996129154043,39.7351285143853,224,46,1.1576658166173197,ok,,google,0.14640575081540003,0.9828889006632414,0.9660705910469952,,True,observed_google
11369490713_11303668103_0,11369490713,11303668103,0,mon_01,2026-06-01T01:00:00+07:00,2026-06-08T01:00:00+07:00,mon,night,69.79452255134626,12.16892950233902,72,9,0.7395884739302736,ok,,google,-0.3016613637843911,1.0315995778469753,0.9396750343692866,,True,observed_google
11369490713_11303668103_0,11369490713,11303668103,0,mon_07,2026-06-01T07:00:00+07:00,2026-06-01T07:00:00+07:00,mon,am,69.79452255134626,12.16892950233902,72,22,1.807882936274002,ok,,google,0.5921565122377053,1.0315995778469753,0.9396750343692866,,True,observed_google
11369490713_11303668103_0,11369490713,11303668103,0,mon_17,2026-06-01T17:00:00+07:00,2026-06-01T17:00:00+07:00,mon,pm,69.79452255134626,12.16892950233902,72,21,1.7257064391706385,ok,,google,0.5456364966028125,1.0315995778469753,0.9396750343692866,,True,observed_google
11369490713_11303668103_0,11369490713,11303668103,0,tue_01,2026-06-02T01:00:00+07:00,2026-06-02T01:00:00+07:00,tue,night,69.79452255134626,12.16892950233902,72,17,1.3970004507571834,ok,,google,0.3343274029356055,1.0315995778469753,0.9396750343692866,,True,observed_google
11369490713_11303668103_0,11369490713,11303668103,0,tue_07,2026-06-02T07:00:00+07:00,2026-06-02T07:00:00+07:00,tue,am,69.79452255134626,12.16892950233902,72,17,1.3970004507571834,ok,,google,0.3343274029356055,1.0315995778469753,0.9396750343692866,,True,observed_google
11369490713_11303668103_0,11369490713,11303668103,0,tue_17,2026-06-02T17:00:00+07:00,2026-06-02T17:00:00+07:00,tue,pm,69.79452255134626,12.16892950233902,72,21,1.7257064391706385,ok,,google,0.5456364966028125,1.0315995778469753,0.9396750343692866,,True,observed_google
11369490713_11303668103_0,11369490713,11303668103,0,wed_01,2026-06-03T01:00:00+07:00,2026-06-03T01:00:00+07:00,wed,night,69.79452255134626,12.16892950233902,72,18,1.4791769478605472,ok,,google,0.39148581677555416,1.0315995778469753,0.9396750343692866,,True,observed_google
11369490713_11303668103_0,11369490713,11303668103,0,wed_07,2026-06-03T07:00:00+07:00,2026-06-03T07:00:00+07:00,wed,am,69.79452255134626,12.16892950233902,72,18,1.4791769478605472,ok,,google,0.39148581677555416,1.0315995778469753,0.9396750343692866,,True,observed_google
11369490713_11303668103_0,11369490713,11303668103,0,wed_17,2026-06-03T17:00:00+07:00,2026-06-03T17:00:00+07:00,wed,pm,69.79452255134626,12.16892950233902,72,21,1.7257064391706385,ok,,google,0.5456364966028125,1.0315995778469753,0.9396750343692866,,True,observed_google
11369490713_11303668103_0,11369490713,11303668103,0,thu_01,2026-06-04T01:00:00+07:00,2026-06-04T01:00:00+07:00,thu,night,69.79452255134626,12.16892950233902,72,21,1.7257064391706385,ok,,google,0.5456364966028125,1.0315995778469753,0.9396750343692866,,True,observed_google
11369490713_11303668103_0,11369490713,11303668103,0,thu_07,2026-06-04T07:00:00+07:00,2026-06-04T07:00:00+07:00,thu,am,69.79452255134626,12.16892950233902,72,15,1.232647456550456,ok,,google,0.2091642599815995,1.0315995778469753,0.9396750343692866,,True,observed_google
11369490713_11303668103_0,11369490713,11303668103,0,thu_17,2026-06-04T17:00:00+07:00,2026-06-04T17:00:00+07:00,thu,pm,69.79452255134626,12.16892950233902,72,23,1.890059433377366,ok,,google,0.6366082748085392,1.0315995778469753,0.9396750343692866,,True,observed_google
11369490713_11303668103_0,11369490713,11303668103,0,fri_01,2026-06-05T01:00:00+07:00,2026-06-05T01:00:00+07:00,fri,night,69.79452255134626,12.16892950233902,72,15,1.232647456550456,ok,,google,0.2091642599815995,1.0315995778469753,0.9396750343692866,,True,observed_google
11369490713_11303668103_0,11369490713,11303668103,0,fri_07,2026-06-05T07:00:00+07:00,2026-06-05T07:00:00+07:00,fri,am,69.79452255134626,12.16892950233902,72,16,1.3148239536538198,ok,,google,0.27370278111917073,1.0315995778469753,0.9396750343692866,,True,observed_google
11369490713_11303668103_0,11369490713,11303668103,0,fri_17,2026-06-05T17:00:00+07:00,2026-06-05T17:00:00+07:00,fri,pm,69.79452255134626,12.16892950233902,72,23,1.890059433377366,ok,,google,0.6366082748085392,1.0315995778469753,0.9396750343692866,,True,observed_google
11369490713_11303668103_0,11369490713,11303668103,0,sat_01,2026-06-06T01:00:00+07:00,2026-06-06T01:00:00+07:00,sat,night,69.79452255134626,12.16892950233902,72,13,1.0682944623437285,ok,,google,0.06606341634092616,1.0315995778469753,0.9396750343692866,,True,observed_google
11369490713_11303668103_0,11369490713,11303668103,0,sat_07,2026-06-06T07:00:00+07:00,2026-06-06T07:00:00+07:00,sat,am,69.79452255134626,12.16892950233902,72,18,1.4791769478605472,ok,,google,0.39148581677555416,1.0315995778469753,0.9396750343692866,,True,observed_google
11369490713_11303668103_0,11369490713,11303668103,0,sat_17,2026-06-06T17:00:00+07:00,2026-06-06T17:00:00+07:00,sat,pm,69.79452255134626,12.16892950233902,72,25,2.054412427584093,ok,,google,0.7199898837475901,1.0315995778469753,0.9396750343692866,,True,observed_google
11369490713_11303668103_0,11369490713,11303668103,0,sun_01,2026-06-07T01:00:00+07:00,2026-06-07T01:00:00+07:00,sun,night,69.79452255134626,12.16892950233902,72,15,1.232647456550456,ok,,google,0.2091642599815995,1.0315995778469753,0.9396750343692866,,True,observed_google
11369490713_11303668103_0,11369490713,11303668103,0,sun_07,2026-06-07T07:00:00+07:00,2026-06-07T07:00:00+07:00,sun,am,69.79452255134626,12.16892950233902,72,15,1.232647456550456,ok,,google,0.2091642599815995,1.0315995778469753,0.9396750343692866,,True,observed_google
11369490713_11303668103_0,11369490713,11303668103,0,sun_17,2026-06-07T17:00:00+07:00,2026-06-07T17:00:00+07:00,sun,pm,69.79452255134626,12.16892950233902,72,25,2.054412427584093,ok,,google,0.7199898837475901,1.0315995778469753,0.9396750343692866,,True,observed_google
5850126647_7193193783_0,5850126647,7193193783,0,mon_01,2026-06-01T01:00:00+07:00,2026-06-08T01:00:00+07:00,mon,night,124.74785677076936,21.75024370278605,110,35,1.609177371907642,ok,,google,0.4757230992916976,0.8817786761830361,0.7775336337711076,,True,observed_google
5850126647_7193193783_0,5850126647,7193193783,0,mon_07,2026-06-01T07:00:00+07:00,2026-06-01T07:00:00+07:00,mon,am,124.74785677076936,21.75024370278605,110,35,1.609177371907642,ok,,google,0.4757230992916976,0.8817786761830361,0.7775336337711076,,True,observed_google
5850126647_7193193783_0,5850126647,7193193783,0,mon_17,2026-06-01T17:00:00+07:00,2026-06-01T17:00:00+07:00,mon,pm,124.74785677076936,21.75024370278605,110,35,1.609177371907642,ok,,google,0.4757230992916976,0.8817786761830361,0.7775336337711076,,True,observed_google
5850126647_7193193783_0,5850126647,7193193783,0,tue_01,2026-06-02T01:00:00+07:00,2026-06-02T01:00:00+07:00,tue,night,124.74785677076936,21.75024370278605,110,35,1.609177371907642,ok,,google,0.4757230992916976,0.8817786761830361,0.7775336337711076,,True,observed_google
5850126647_7193193783_0,5850126647,7193193783,0,tue_07,2026-06-02T07:00:00+07:00,2026-06-02T07:00:00+07:00,tue,am,124.74785677076936,21.75024370278605,110,35,1.609177371907642,ok,,google,0.4757230992916976,0.8817786761830361,0.7775336337711076,,True,observed_google
5850126647_7193193783_0,5850126647,7193193783,0,tue_17,2026-06-02T17:00:00+07:00,2026-06-02T17:00:00+07:00,tue,pm,124.74785677076936,21.75024370278605,110,35,1.609177371907642,ok,,google,0.4757230992916976,0.8817786761830361,0.7775336337711076,,True,observed_google
5850126647_7193193783_0,5850126647,7193193783,0,wed_01,2026-06-03T01:00:00+07:00,2026-06-03T01:00:00+07:00,wed,night,124.74785677076936,21.75024370278605,110,35,1.609177371907642,ok,,google,0.4757230992916976,0.8817786761830361,0.7775336337711076,,True,observed_google
5850126647_7193193783_0,5850126647,7193193783,0,wed_07,2026-06-03T07:00:00+07:00,2026-06-03T07:00:00+07:00,wed,am,124.74785677076936,21.75024370278605,110,35,1.609177371907642,ok,,google,0.4757230992916976,0.8817786761830361,0.7775336337711076,,True,observed_google
5850126647_7193193783_0,5850126647,7193193783,0,wed_17,2026-06-03T17:00:00+07:00,2026-06-03T17:00:00+07:00,wed,pm,124.74785677076936,21.75024370278605,110,35,1.609177371907642,ok,,google,0.4757230992916976,0.8817786761830361,0.7775336337711076,,True,observed_google
5850126647_7193193783_0,5850126647,7193193783,0,thu_01,2026-06-04T01:00:00+07:00,2026-06-04T01:00:00+07:00,thu,night,124.74785677076936,21.75024370278605,110,35,1.609177371907642,ok,,google,0.4757230992916976,0.8817786761830361,0.7775336337711076,,True,observed_google
5850126647_7193193783_0,5850126647,7193193783,0,thu_07,2026-06-04T07:00:00+07:00,2026-06-04T07:00:00+07:00,thu,am,124.74785677076936,21.75024370278605,110,35,1.609177371907642,ok,,google,0.4757230992916976,0.8817786761830361,0.7775336337711076,,True,observed_google
5850126647_7193193783_0,5850126647,7193193783,0,thu_17,2026-06-04T17:00:00+07:00,2026-06-04T17:00:00+07:00,thu,pm,124.74785677076936,21.75024370278605,110,35,1.609177371907642,ok,,google,0.4757230992916976,0.8817786761830361,0.7775336337711076,,True,observed_google
5850126647_7193193783_0,5850126647,7193193783,0,fri_01,2026-06-05T01:00:00+07:00,2026-06-05T01:00:00+07:00,fri,night,124.74785677076936,21.75024370278605,110,35,1.609177371907642,ok,,google,0.4757230992916976,0.8817786761830361,0.7775336337711076,,True,observed_google
5850126647_7193193783_0,5850126647,7193193783,0,fri_07,2026-06-05T07:00:00+07:00,2026-06-05T07:00:00+07:00,fri,am,124.74785677076936,21.75024370278605,110,35,1.609177371907642,ok,,google,0.4757230992916976,0.8817786761830361,0.7775336337711076,,True,observed_google
5850126647_7193193783_0,5850126647,7193193783,0,fri_17,2026-06-05T17:00:00+07:00,2026-06-05T17:00:00+07:00,fri,pm,124.74785677076936,21.75024370278605,110,35,1.609177371907642,ok,,google,0.4757230992916976,0.8817786761830361,0.7775336337711076,,True,observed_google
5850126647_7193193783_0,5850126647,7193193783,0,sat_01,2026-06-06T01:00:00+07:00,2026-06-06T01:00:00+07:00,sat,night,124.74785677076936,21.75024370278605,110,35,1.609177371907642,ok,,google,0.4757230992916976,0.8817786761830361,0.7775336337711076,,True,observed_google
5850126647_7193193783_0,5850126647,7193193783,0,sat_07,2026-06-06T07:00:00+07:00,2026-06-06T07:00:00+07:00,sat,am,124.74785677076936,21.75024370278605,110,35,1.609177371907642,ok,,google,0.4757230992916976,0.8817786761830361,0.7775336337711076,,True,observed_google
5850126647_7193193783_0,5850126647,7193193783,0,sat_17,2026-06-06T17:00:00+07:00,2026-06-06T17:00:00+07:00,sat,pm,124.74785677076936,21.75024370278605,110,35,1.609177371907642,ok,,google,0.4757230992916976,0.8817786761830361,0.7775336337711076,,True,observed_google
5850126647_7193193783_0,5850126647,7193193783,0,sun_01,2026-06-07T01:00:00+07:00,2026-06-07T01:00:00+07:00,sun,night,124.74785677076936,21.75024370278605,110,35,1.609177371907642,ok,,google,0.4757230992916976,0.8817786761830361,0.7775336337711076,,True,observed_google
5850126647_7193193783_0,5850126647,7193193783,0,sun_07,2026-06-07T07:00:00+07:00,2026-06-07T07:00:00+07:00,sun,am,124.74785677076936,21.75024370278605,110,35,1.609177371907642,ok,,google,0.4757230992916976,0.8817786761830361,0.7775336337711076,,True,observed_google
5850126647_7193193783_0,5850126647,7193193783,0,sun_17,2026-06-07T17:00:00+07:00,2026-06-07T17:00:00+07:00,sun,pm,124.74785677076936,21.75024370278605,110,35,1.609177371907642,ok,,google,0.4757230992916976,0.8817786761830361,0.7775336337711076,,True,observed_google
5447157661_4118521462_0,5447157661,4118521462,0,mon_01,2026-06-01T01:00:00+07:00,2026-06-08T01:00:00+07:00,mon,night,144.11185029979484,25.126426582540056,381,107,4.258464674573047,ok,,google,1.4489086902899764,2.643779808582073,0.14307028331873217,route_ratio_above_max,False,observed_google
5447157661_4118521462_0,5447157661,4118521462,0,mon_07,2026-06-01T07:00:00+07:00,2026-06-01T07:00:00+07:00,mon,am,144.11185029979484,25.126426582540056,381,125,4.974841909547952,ok,,google,1.6043935931303712,2.643779808582073,0.14307028331873217,route_ratio_above_max,False,observed_google
5447157661_4118521462_0,5447157661,4118521462,0,mon_17,2026-06-01T17:00:00+07:00,2026-06-01T17:00:00+07:00,mon,pm,144.11185029979484,25.126426582540056,381,119,4.736049497889651,ok,,google,1.5552033489395996,2.643779808582073,0.14307028331873217,route_ratio_above_max,False,observed_google
5447157661_4118521462_0,5447157661,4118521462,0,tue_01,2026-06-02T01:00:00+07:00,2026-06-02T01:00:00+07:00,tue,night,144.11185029979484,25.126426582540056,381,104,4.139068468743896,ok,,google,1.4204707549694429,2.643779808582073,0.14307028331873217,route_ratio_above_max,False,observed_google
5447157661_4118521462_0,5447157661,4118521462,0,tue_07,2026-06-02T07:00:00+07:00,2026-06-02T07:00:00+07:00,tue,am,144.11185029979484,25.126426582540056,381,111,4.4176596156785815,ok,,google,1.4856100571404043,2.643779808582073,0.14307028331873217,route_ratio_above_max,False,observed_google
5447157661_4118521462_0,5447157661,4118521462,0,tue_17,2026-06-02T17:00:00+07:00,2026-06-02T17:00:00+07:00,tue,pm,144.11185029979484,25.126426582540056,381,118,4.696250762613267,ok,,google,1.546764480293735,2.643779808582073,0.14307028331873217,route_ratio_above_max,False,observed_google
5447157661_4118521462_0,5447157661,4118521462,0,wed_01,2026-06-03T01:00:00+07:00,2026-06-03T01:00:00+07:00,wed,night,144.11185029979484,25.126426582540056,381,105,4.17886720402028,ok,,google,1.4300402059855937,2.643779808582073,0.14307028331873217,route_ratio_above_max,False,observed_google
5447157661_4118521462_0,5447157661,4118521462,0,wed_07,2026-06-03T07:00:00+07:00,2026-06-03T07:00:00+07:00,wed,am,144.11185029979484,25.126426582540056,381,115,4.576854556784116,ok,,google,1.52101198419132,2.643779808582073,0.14307028331873217,route_ratio_above_max,False,observed_google
5447157661_4118521462_0,5447157661,4118521462,0,wed_17,2026-06-03T17:00:00+07:00,2026-06-03T17:00:00+07:00,wed,pm,144.11185029979484,25.126426582540056,381,119,4.736049497889651,ok,,google,1.5552033489395996,2.643779808582073,0.14307028331873217,route_ratio_above_max,False,observed_google
5447157661_4118521462_0,5447157661,4118521462,0,thu_01,2026-06-04T01:00:00+07:00,2026-06-04T01:00:00+07:00,thu,night,144.11185029979484,25.126426582540056,381,102,4.059470998191129,ok,,google,1.4010526691123413,2.643779808582073,0.14307028331873217,route_ratio_above_max,False,observed_google
5447157661_4118521462_0,5447157661,4118521462,0,thu_07,2026-06-04T07:00:00+07:00,2026-06-04T07:00:00+07:00,thu,am,144.11185029979484,25.126426582540056,381,113,4.497257086231349,ok,,google,1.5034676745404107,2.643779808582073,0.14307028331873217,route_ratio_above_max,False,observed_google
5447157661_4118521462_0,5447157661,4118521462,0,thu_17,2026-06-04T17:00:00+07:00,2026-06-04T17:00:00+07:00,thu,pm,144.11185029979484,25.126426582540056,381,118,4.696250762613267,ok,,google,1.546764480293735,2.643779808582073,0.14307028331873217,route_ratio_above_max,False,observed_google
5447157661_4118521462_0,5447157661,4118521462,0,fri_01,2026-06-05T01:00:00+07:00,2026-06-05T01:00:00+07:00,fri,night,144.11185029979484,25.126426582540056,381,117,4.656452027336884,ok,,google,1.5382537906258265,2.643779808582073,0.14307028331873217,route_ratio_above_max,False,observed_google
5447157661_4118521462_0,5447157661,4118521462,0,fri_07,2026-06-05T07:00:00+07:00,2026-06-05T07:00:00+07:00,fri,am,144.11185029979484,25.126426582540056,381,114,4.537055821507733,ok,,google,1.5122783042225656,2.643779808582073,0.14307028331873217,route_ratio_above_max,False,observed_google
5447157661_4118521462_0,5447157661,4118521462,0,fri_17,2026-06-05T17:00:00+07:00,2026-06-05T17:00:00+07:00,fri,pm,144.11185029979484,25.126426582540056,381,122,4.855445703718801,ok,,google,1.5801009005613267,2.643779808582073,0.14307028331873217,route_ratio_above_max,False,observed_google
5447157661_4118521462_0,5447157661,4118521462,0,sat_01,2026-06-06T01:00:00+07:00,2026-06-06T01:00:00+07:00,sat,night,144.11185029979484,25.126426582540056,381,112,4.4574583509549655,ok,,google,1.4945787271231648,2.643779808582073,0.14307028331873217,route_ratio_above_max,False,observed_google
5447157661_4118521462_0,5447157661,4118521462,0,sat_07,2026-06-06T07:00:00+07:00,2026-06-06T07:00:00+07:00,sat,am,144.11185029979484,25.126426582540056,381,108,4.298263409849431,ok,,google,1.45821108295229,2.643779808582073,0.14307028331873217,route_ratio_above_max,False,observed_google
5447157661_4118521462_0,5447157661,4118521462,0,sat_17,2026-06-06T17:00:00+07:00,2026-06-06T17:00:00+07:00,sat,pm,144.11185029979484,25.126426582540056,381,117,4.656452027336884,ok,,google,1.5382537906258265,2.643779808582073,0.14307028331873217,route_ratio_above_max,False,observed_google
5447157661_4118521462_0,5447157661,4118521462,0,sun_01,2026-06-07T01:00:00+07:00,2026-06-07T01:00:00+07:00,sun,night,144.11185029979484,25.126426582540056,381,105,4.17886720402028,ok,,google,1.4300402059855937,2.643779808582073,0.14307028331873217,route_ratio_above_max,False,observed_google
5447157661_4118521462_0,5447157661,4118521462,0,sun_07,2026-06-07T07:00:00+07:00,2026-06-07T07:00:00+07:00,sun,am,144.11185029979484,25.126426582540056,381,109,4.338062145125814,ok,,google,1.4674277380572138,2.643779808582073,0.14307028331873217,route_ratio_above_max,False,observed_google
5447157661_4118521462_0,5447157661,4118521462,0,sun_17,2026-06-07T17:00:00+07:00,2026-06-07T17:00:00+07:00,sun,pm,144.11185029979484,25.126426582540056,381,116,4.6166532920605,ok,,google,1.5296700469344349,2.643779808582073,0.14307028331873217,route_ratio_above_max,False,observed_google
5490552147_5482193709_0,5490552147,5482193709,0,mon_01,2026-06-01T01:00:00+07:00,2026-06-08T01:00:00+07:00,mon,night,63.73731974728665,11.112834106747696,58,12,1.0798325507904072,ok,,google,0.07680598355088447,0.9099849229613881,0.8280725600170434,,True,observed_google
5490552147_5482193709_0,5490552147,5482193709,0,mon_07,2026-06-01T07:00:00+07:00,2026-06-01T07:00:00+07:00,mon,am,63.73731974728665,11.112834106747696,58,12,1.0798325507904072,ok,,google,0.07680598355088447,0.9099849229613881,0.8280725600170434,,True,observed_google
5490552147_5482193709_0,5490552147,5482193709,0,mon_17,2026-06-01T17:00:00+07:00,2026-06-01T17:00:00+07:00,mon,pm,63.73731974728665,11.112834106747696,58,12,1.0798325507904072,ok,,google,0.07680598355088447,0.9099849229613881,0.8280725600170434,,True,observed_google
5490552147_5482193709_0,5490552147,5482193709,0,tue_01,2026-06-02T01:00:00+07:00,2026-06-02T01:00:00+07:00,tue,night,63.73731974728665,11.112834106747696,58,12,1.0798325507904072,ok,,google,0.07680598355088447,0.9099849229613881,0.8280725600170434,,True,observed_google
5490552147_5482193709_0,5490552147,5482193709,0,tue_07,2026-06-02T07:00:00+07:00,2026-06-02T07:00:00+07:00,tue,am,63.73731974728665,11.112834106747696,58,12,1.0798325507904072,ok,,google,0.07680598355088447,0.9099849229613881,0.8280725600170434,,True,observed_google
5490552147_5482193709_0,5490552147,5482193709,0,tue_17,2026-06-02T17:00:00+07:00,2026-06-02T17:00:00+07:00,tue,pm,63.73731974728665,11.112834106747696,58,12,1.0798325507904072,ok,,google,0.07680598355088447,0.9099849229613881,0.8280725600170434,,True,observed_google
5490552147_5482193709_0,5490552147,5482193709,0,wed_01,2026-06-03T01:00:00+07:00,2026-06-03T01:00:00+07:00,wed,night,63.73731974728665,11.112834106747696,58,12,1.0798325507904072,ok,,google,0.07680598355088447,0.9099849229613881,0.8280725600170434,,True,observed_google
5490552147_5482193709_0,5490552147,5482193709,0,wed_07,2026-06-03T07:00:00+07:00,2026-06-03T07:00:00+07:00,wed,am,63.73731974728665,11.112834106747696,58,12,1.0798325507904072,ok,,google,0.07680598355088447,0.9099849229613881,0.8280725600170434,,True,observed_google
5490552147_5482193709_0,5490552147,5482193709,0,wed_17,2026-06-03T17:00:00+07:00,2026-06-03T17:00:00+07:00,wed,pm,63.73731974728665,11.112834106747696,58,12,1.0798325507904072,ok,,google,0.07680598355088447,0.9099849229613881,0.8280725600170434,,True,observed_google
5490552147_5482193709_0,5490552147,5482193709,0,thu_01,2026-06-04T01:00:00+07:00,2026-06-04T01:00:00+07:00,thu,night,63.73731974728665,11.112834106747696,58,12,1.0798325507904072,ok,,google,0.07680598355088447,0.9099849229613881,0.8280725600170434,,True,observed_google
5490552147_5482193709_0,5490552147,5482193709,0,thu_07,2026-06-04T07:00:00+07:00,2026-06-04T07:00:00+07:00,thu,am,63.73731974728665,11.112834106747696,58,12,1.0798325507904072,ok,,google,0.07680598355088447,0.9099849229613881,0.8280725600170434,,True,observed_google
5490552147_5482193709_0,5490552147,5482193709,0,thu_17,2026-06-04T17:00:00+07:00,2026-06-04T17:00:00+07:00,thu,pm,63.73731974728665,11.112834106747696,58,12,1.0798325507904072,ok,,google,0.07680598355088447,0.9099849229613881,0.8280725600170434,,True,observed_google
5490552147_5482193709_0,5490552147,5482193709,0,fri_01,2026-06-05T01:00:00+07:00,2026-06-05T01:00:00+07:00,fri,night,63.73731974728665,11.112834106747696,58,12,1.0798325507904072,ok,,google,0.07680598355088447,0.9099849229613881,0.8280725600170434,,True,observed_google
5490552147_5482193709_0,5490552147,5482193709,0,fri_07,2026-06-05T07:00:00+07:00,2026-06-05T07:00:00+07:00,fri,am,63.73731974728665,11.112834106747696,58,12,1.0798325507904072,ok,,google,0.07680598355088447,0.9099849229613881,0.8280725600170434,,True,observed_google
5490552147_5482193709_0,5490552147,5482193709,0,fri_17,2026-06-05T17:00:00+07:00,2026-06-05T17:00:00+07:00,fri,pm,63.73731974728665,11.112834106747696,58,12,1.0798325507904072,ok,,google,0.07680598355088447,0.9099849229613881,0.8280725600170434,,True,observed_google
5490552147_5482193709_0,5490552147,5482193709,0,sat_01,2026-06-06T01:00:00+07:00,2026-06-06T01:00:00+07:00,sat,night,63.73731974728665,11.112834106747696,58,12,1.0798325507904072,ok,,google,0.07680598355088447,0.9099849229613881,0.8280725600170434,,True,observed_google
5490552147_5482193709_0,5490552147,5482193709,0,sat_07,2026-06-06T07:00:00+07:00,2026-06-06T07:00:00+07:00,sat,am,63.73731974728665,11.112834106747696,58,12,1.0798325507904072,ok,,google,0.07680598355088447,0.9099849229613881,0.8280725600170434,,True,observed_google
5490552147_5482193709_0,5490552147,5482193709,0,sat_17,2026-06-06T17:00:00+07:00,2026-06-06T17:00:00+07:00,sat,pm,63.73731974728665,11.112834106747696,58,12,1.0798325507904072,ok,,google,0.07680598355088447,0.9099849229613881,0.8280725600170434,,True,observed_google
5490552147_5482193709_0,5490552147,5482193709,0,sun_01,2026-06-07T01:00:00+07:00,2026-06-07T01:00:00+07:00,sun,night,63.73731974728665,11.112834106747696,58,12,1.0798325507904072,ok,,google,0.07680598355088447,0.9099849229613881,0.8280725600170434,,True,observed_google
5490552147_5482193709_0,5490552147,5482193709,0,sun_07,2026-06-07T07:00:00+07:00,2026-06-07T07:00:00+07:00,sun,am,63.73731974728665,11.112834106747696,58,12,1.0798325507904072,ok,,google,0.07680598355088447,0.9099849229613881,0.8280725600170434,,True,observed_google
5490552147_5482193709_0,5490552147,5482193709,0,sun_17,2026-06-07T17:00:00+07:00,2026-06-07T17:00:00+07:00,sun,pm,63.73731974728665,11.112834106747696,58,12,1.0798325507904072,ok,,google,0.07680598355088447,0.9099849229613881,0.8280725600170434,,True,observed_google
6445031528_5356357321_0,6445031528,5356357321,0,mon_01,2026-06-01T01:00:00+07:00,2026-06-08T01:00:00+07:00,mon,night,73.08313870296561,12.742311719831353,71,25,1.9619673847008103,ok,,google,0.6739477375089802,0.9714963158406184,0.9438050916918945,,True,observed_google
6445031528_5356357321_0,6445031528,5356357321,0,mon_07,2026-06-01T07:00:00+07:00,2026-06-01T07:00:00+07:00,mon,am,73.08313870296561,12.742311719831353,71,25,1.9619673847008103,ok,,google,0.6739477375089802,0.9714963158406184,0.9438050916918945,,True,observed_google
6445031528_5356357321_0,6445031528,5356357321,0,mon_17,2026-06-01T17:00:00+07:00,2026-06-01T17:00:00+07:00,mon,pm,73.08313870296561,12.742311719831353,71,25,1.9619673847008103,ok,,google,0.6739477375089802,0.9714963158406184,0.9438050916918945,,True,observed_google
6445031528_5356357321_0,6445031528,5356357321,0,tue_01,2026-06-02T01:00:00+07:00,2026-06-02T01:00:00+07:00,tue,night,73.08313870296561,12.742311719831353,71,25,1.9619673847008103,ok,,google,0.6739477375089802,0.9714963158406184,0.9438050916918945,,True,observed_google
6445031528_5356357321_0,6445031528,5356357321,0,tue_07,2026-06-02T07:00:00+07:00,2026-06-02T07:00:00+07:00,tue,am,73.08313870296561,12.742311719831353,71,25,1.9619673847008103,ok,,google,0.6739477375089802,0.9714963158406184,0.9438050916918945,,True,observed_google
6445031528_5356357321_0,6445031528,5356357321,0,tue_17,2026-06-02T17:00:00+07:00,2026-06-02T17:00:00+07:00,tue,pm,73.08313870296561,12.742311719831353,71,25,1.9619673847008103,ok,,google,0.6739477375089802,0.9714963158406184,0.9438050916918945,,True,observed_google
6445031528_5356357321_0,6445031528,5356357321,0,wed_01,2026-06-03T01:00:00+07:00,2026-06-03T01:00:00+07:00,wed,night,73.08313870296561,12.742311719831353,71,25,1.9619673847008103,ok,,google,0.6739477375089802,0.9714963158406184,0.9438050916918945,,True,observed_google
6445031528_5356357321_0,6445031528,5356357321,0,wed_07,2026-06-03T07:00:00+07:00,2026-06-03T07:00:00+07:00,wed,am,73.08313870296561,12.742311719831353,71,25,1.9619673847008103,ok,,google,0.6739477375089802,0.9714963158406184,0.9438050916918945,,True,observed_google
6445031528_5356357321_0,6445031528,5356357321,0,wed_17,2026-06-03T17:00:00+07:00,2026-06-03T17:00:00+07:00,wed,pm,73.08313870296561,12.742311719831353,71,25,1.9619673847008103,ok,,google,0.6739477375089802,0.9714963158406184,0.9438050916918945,,True,observed_google
6445031528_5356357321_0,6445031528,5356357321,0,thu_01,2026-06-04T01:00:00+07:00,2026-06-04T01:00:00+07:00,thu,night,73.08313870296561,12.742311719831353,71,25,1.9619673847008103,ok,,google,0.6739477375089802,0.9714963158406184,0.9438050916918945,,True,observed_google
6445031528_5356357321_0,6445031528,5356357321,0,thu_07,2026-06-04T07:00:00+07:00,2026-06-04T07:00:00+07:00,thu,am,73.08313870296561,12.742311719831353,71,25,1.9619673847008103,ok,,google,0.6739477375089802,0.9714963158406184,0.9438050916918945,,True,observed_google
6445031528_5356357321_0,6445031528,5356357321,0,thu_17,2026-06-04T17:00:00+07:00,2026-06-04T17:00:00+07:00,thu,pm,73.08313870296561,12.742311719831353,71,25,1.9619673847008103,ok,,google,0.6739477375089802,0.9714963158406184,0.9438050916918945,,True,observed_google
6445031528_5356357321_0,6445031528,5356357321,0,fri_01,2026-06-05T01:00:00+07:00,2026-06-05T01:00:00+07:00,fri,night,73.08313870296561,12.742311719831353,71,25,1.9619673847008103,ok,,google,0.6739477375089802,0.9714963158406184,0.9438050916918945,,True,observed_google
6445031528_5356357321_0,6445031528,5356357321,0,fri_07,2026-06-05T07:00:00+07:00,2026-06-05T07:00:00+07:00,fri,am,73.08313870296561,12.742311719831353,71,25,1.9619673847008103,ok,,google,0.6739477375089802,0.9714963158406184,0.9438050916918945,,True,observed_google
6445031528_5356357321_0,6445031528,5356357321,0,fri_17,2026-06-05T17:00:00+07:00,2026-06-05T17:00:00+07:00,fri,pm,73.08313870296561,12.742311719831353,71,25,1.9619673847008103,ok,,google,0.6739477375089802,0.9714963158406184,0.9438050916918945,,True,observed_google
6445031528_5356357321_0,6445031528,5356357321,0,sat_01,2026-06-06T01:00:00+07:00,2026-06-06T01:00:00+07:00,sat,night,73.08313870296561,12.742311719831353,71,25,1.9619673847008103,ok,,google,0.6739477375089802,0.9714963158406184,0.9438050916918945,,True,observed_google
6445031528_5356357321_0,6445031528,5356357321,0,sat_07,2026-06-06T07:00:00+07:00,2026-06-06T07:00:00+07:00,sat,am,73.08313870296561,12.742311719831353,71,25,1.9619673847008103,ok,,google,0.6739477375089802,0.9714963158406184,0.9438050916918945,,True,observed_google
6445031528_5356357321_0,6445031528,5356357321,0,sat_17,2026-06-06T17:00:00+07:00,2026-06-06T17:00:00+07:00,sat,pm,73.08313870296561,12.742311719831353,71,25,1.9619673847008103,ok,,google,0.6739477375089802,0.9714963158406184,0.9438050916918945,,True,observed_google
6445031528_5356357321_0,6445031528,5356357321,0,sun_01,2026-06-07T01:00:00+07:00,2026-06-07T01:00:00+07:00,sun,night,73.08313870296561,12.742311719831353,71,25,1.9619673847008103,ok,,google,0.6739477375089802,0.9714963158406184,0.9438050916918945,,True,observed_google
6445031528_5356357321_0,6445031528,5356357321,0,sun_07,2026-06-07T07:00:00+07:00,2026-06-07T07:00:00+07:00,sun,am,73.08313870296561,12.742311719831353,71,25,1.9619673847008103,ok,,google,0.6739477375089802,0.9714963158406184,0.9438050916918945,,True,observed_google
6445031528_5356357321_0,6445031528,5356357321,0,sun_17,2026-06-07T17:00:00+07:00,2026-06-07T17:00:00+07:00,sun,pm,73.08313870296561,12.742311719831353,71,25,1.9619673847008103,ok,,google,0.6739477375089802,0.9714963158406184,0.9438050916918945,,True,observed_google
4681201089_4681201088_0,4681201089,4681201088,0,mon_01,2026-06-01T01:00:00+07:00,2026-06-08T01:00:00+07:00,mon,night,144.6353454855948,25.217699877032853,145,47,1.86377029741739,ok,,google,0.6226014776705817,1.002521199179778,0.9949766070743101,,True,observed_google
4681201089_4681201088_0,4681201089,4681201088,0,mon_07,2026-06-01T07:00:00+07:00,2026-06-01T07:00:00+07:00,mon,am,144.6353454855948,25.217699877032853,145,47,1.86377029741739,ok,,google,0.6226014776705817,1.002521199179778,0.9949766070743101,,True,observed_google
4681201089_4681201088_0,4681201089,4681201088,0,mon_17,2026-06-01T17:00:00+07:00,2026-06-01T17:00:00+07:00,mon,pm,144.6353454855948,25.217699877032853,145,47,1.86377029741739,ok,,google,0.6226014776705817,1.002521199179778,0.9949766070743101,,True,observed_google
4681201089_4681201088_0,4681201089,4681201088,0,tue_01,2026-06-02T01:00:00+07:00,2026-06-02T01:00:00+07:00,tue,night,144.6353454855948,25.217699877032853,145,47,1.86377029741739,ok,,google,0.6226014776705817,1.002521199179778,0.9949766070743101,,True,observed_google
4681201089_4681201088_0,4681201089,4681201088,0,tue_07,2026-06-02T07:00:00+07:00,2026-06-02T07:00:00+07:00,tue,am,144.6353454855948,25.217699877032853,145,47,1.86377029741739,ok,,google,0.6226014776705817,1.002521199179778,0.9949766070743101,,True,observed_google
4681201089_4681201088_0,4681201089,4681201088,0,tue_17,2026-06-02T17:00:00+07:00,2026-06-02T17:00:00+07:00,tue,pm,144.6353454855948,25.217699877032853,145,47,1.86377029741739,ok,,google,0.6226014776705817,1.002521199179778,0.9949766070743101,,True,observed_google
4681201089_4681201088_0,4681201089,4681201088,0,wed_01,2026-06-03T01:00:00+07:00,2026-06-03T01:00:00+07:00,wed,night,144.6353454855948,25.217699877032853,145,47,1.86377029741739,ok,,google,0.6226014776705817,1.002521199179778,0.9949766070743101,,True,observed_google
4681201089_4681201088_0,4681201089,4681201088,0,wed_07,2026-06-03T07:00:00+07:00,2026-06-03T07:00:00+07:00,wed,am,144.6353454855948,25.217699877032853,145,47,1.86377029741739,ok,,google,0.6226014776705817,1.002521199179778,0.9949766070743101,,True,observed_google
4681201089_4681201088_0,4681201089,4681201088,0,wed_17,2026-06-03T17:00:00+07:00,2026-06-03T17:00:00+07:00,wed,pm,144.6353454855948,25.217699877032853,145,47,1.86377029741739,ok,,google,0.6226014776705817,1.002521199179778,0.9949766070743101,,True,observed_google
4681201089_4681201088_0,4681201089,4681201088,0,thu_01,2026-06-04T01:00:00+07:00,2026-06-04T01:00:00+07:00,thu,night,144.6353454855948,25.217699877032853,145,47,1.86377029741739,ok,,google,0.6226014776705817,1.002521199179778,0.9949766070743101,,True,observed_google
4681201089_4681201088_0,4681201089,4681201088,0,thu_07,2026-06-04T07:00:00+07:00,2026-06-04T07:00:00+07:00,thu,am,144.6353454855948,25.217699877032853,145,47,1.86377029741739,ok,,google,0.6226014776705817,1.002521199179778,0.9949766070743101,,True,observed_google
4681201089_4681201088_0,4681201089,4681201088,0,thu_17,2026-06-04T17:00:00+07:00,2026-06-04T17:00:00+07:00,thu,pm,144.6353454855948,25.217699877032853,145,47,1.86377029741739,ok,,google,0.6226014776705817,1.002521199179778,0.9949766070743101,,True,observed_google
4681201089_4681201088_0,4681201089,4681201088,0,fri_01,2026-06-05T01:00:00+07:00,2026-06-05T01:00:00+07:00,fri,night,144.6353454855948,25.217699877032853,145,47,1.86377029741739,ok,,google,0.6226014776705817,1.002521199179778,0.9949766070743101,,True,observed_google
4681201089_4681201088_0,4681201089,4681201088,0,fri_07,2026-06-05T07:00:00+07:00,2026-06-05T07:00:00+07:00,fri,am,144.6353454855948,25.217699877032853,145,47,1.86377029741739,ok,,google,0.6226014776705817,1.002521199179778,0.9949766070743101,,True,observed_google
4681201089_4681201088_0,4681201089,4681201088,0,fri_17,2026-06-05T17:00:00+07:00,2026-06-05T17:00:00+07:00,fri,pm,144.6353454855948,25.217699877032853,145,47,1.86377029741739,ok,,google,0.6226014776705817,1.002521199179778,0.9949766070743101,,True,observed_google
4681201089_4681201088_0,4681201089,4681201088,0,sat_01,2026-06-06T01:00:00+07:00,2026-06-06T01:00:00+07:00,sat,night,144.6353454855948,25.217699877032853,145,47,1.86377029741739,ok,,google,0.6226014776705817,1.002521199179778,0.9949766070743101,,True,observed_google
4681201089_4681201088_0,4681201089,4681201088,0,sat_07,2026-06-06T07:00:00+07:00,2026-06-06T07:00:00+07:00,sat,am,144.6353454855948,25.217699877032853,145,47,1.86377029741739,ok,,google,0.6226014776705817,1.002521199179778,0.9949766070743101,,True,observed_google
4681201089_4681201088_0,4681201089,4681201088,0,sat_17,2026-06-06T17:00:00+07:00,2026-06-06T17:00:00+07:00,sat,pm,144.6353454855948,25.217699877032853,145,47,1.86377029741739,ok,,google,0.6226014776705817,1.002521199179778,0.9949766070743101,,True,observed_google
4681201089_4681201088_0,4681201089,4681201088,0,sun_01,2026-06-07T01:00:00+07:00,2026-06-07T01:00:00+07:00,sun,night,144.6353454855948,25.217699877032853,145,47,1.86377029741739,ok,,google,0.6226014776705817,1.002521199179778,0.9949766070743101,,True,observed_google
4681201089_4681201088_0,4681201089,4681201088,0,sun_07,2026-06-07T07:00:00+07:00,2026-06-07T07:00:00+07:00,sun,am,144.6353454855948,25.217699877032853,145,47,1.86377029741739,ok,,google,0.6226014776705817,1.002521199179778,0.9949766070743101,,True,observed_google
4681201089_4681201088_0,4681201089,4681201088,0,sun_17,2026-06-07T17:00:00+07:00,2026-06-07T17:00:00+07:00,sun,pm,144.6353454855948,25.217699877032853,145,47,1.86377029741739,ok,,google,0.6226014776705817,1.002521199179778,0.9949766070743101,,True,observed_google
13049910505_5354184416_0,13049910505,5354184416,0,mon_01,2026-06-01T01:00:00+07:00,2026-06-08T01:00:00+07:00,mon,night,69.24533095432702,12.073175944851933,1835,339,28.07877575448997,ok,,google,3.3350139797203444,26.49998165523006,0.0014239962755605222,route_ratio_above_max,False,observed_google
13049910505_5354184416_0,13049910505,5354184416,0,mon_07,2026-06-01T07:00:00+07:00,2026-06-01T07:00:00+07:00,mon,am,69.24533095432702,12.073175944851933,1835,391,32.38584460178637,ok,,google,3.47772143232526,26.49998165523006,0.0014239962755605222,route_ratio_above_max,False,observed_google
13049910505_5354184416_0,13049910505,5354184416,0,mon_17,2026-06-01T17:00:00+07:00,2026-06-01T17:00:00+07:00,mon,pm,69.24533095432702,12.073175944851933,1835,433,35.864630978448844,ok,,google,3.579751600342384,26.49998165523006,0.0014239962755605222,route_ratio_above_max,False,observed_google
13049910505_5354184416_0,13049910505,5354184416,0,tue_01,2026-06-02T01:00:00+07:00,2026-06-02T01:00:00+07:00,tue,night,69.24533095432702,12.073175944851933,1835,336,27.8302910132998,ok,,google,3.326125032303098,26.49998165523006,0.0014239962755605222,route_ratio_above_max,False,observed_google
13049910505_5354184416_0,13049910505,5354184416,0,tue_07,2026-06-02T07:00:00+07:00,2026-06-02T07:00:00+07:00,tue,am,69.24533095432702,12.073175944851933,1835,396,32.79998583710333,ok,,google,3.4904280835943746,26.49998165523006,0.0014239962755605222,route_ratio_above_max,False,observed_google
13049910505_5354184416_0,13049910505,5354184416,0,tue_17,2026-06-02T17:00:00+07:00,2026-06-02T17:00:00+07:00,tue,pm,69.24533095432702,12.073175944851933,1835,430,35.61614623725867,ok,,google,3.5727990810275023,26.49998165523006,0.0014239962755605222,route_ratio_above_max,False,observed_google
13049910505_5354184416_0,13049910505,5354184416,0,wed_01,2026-06-03T01:00:00+07:00,2026-06-03T01:00:00+07:00,wed,night,69.24533095432702,12.073175944851933,1835,337,27.913119260363185,ok,,google,3.3290968026922556,26.49998165523006,0.0014239962755605222,route_ratio_above_max,False,observed_google
13049910505_5354184416_0,13049910505,5354184416,0,wed_07,2026-06-03T07:00:00+07:00,2026-06-03T07:00:00+07:00,wed,am,69.24533095432702,12.073175944851933,1835,387,32.0545316135328,ok,,google,3.467438565369676,26.49998165523006,0.0014239962755605222,route_ratio_above_max,False,observed_google
13049910505_5354184416_0,13049910505,5354184416,0,wed_17,2026-06-03T17:00:00+07:00,2026-06-03T17:00:00+07:00,wed,pm,69.24533095432702,12.073175944851933,1835,438,36.278772213765805,ok,,google,3.5912327827163404,26.49998165523006,0.0014239962755605222,route_ratio_above_max,False,observed_google
13049910505_5354184416_0,13049910505,5354184416,0,thu_01,2026-06-04T01:00:00+07:00,2026-06-04T01:00:00+07:00,thu,night,69.24533095432702,12.073175944851933,1835,345,28.57574523687033,ok,,google,3.3525582893712538,26.49998165523006,0.0014239962755605222,route_ratio_above_max,False,observed_google
13049910505_5354184416_0,13049910505,5354184416,0,thu_07,2026-06-04T07:00:00+07:00,2026-06-04T07:00:00+07:00,thu,am,69.24533095432702,12.073175944851933,1835,393,32.55150109591315,ok,,google,3.482823484209155,26.49998165523006,0.0014239962755605222,route_ratio_above_max,False,observed_google
13049910505_5354184416_0,13049910505,5354184416,0,thu_17,2026-06-04T17:00:00+07:00,2026-06-04T17:00:00+07:00,thu,pm,69.24533095432702,12.073175944851933,1835,469,38.84644787273096,ok,,google,3.659616640786173,26.49998165523006,0.0014239962755605222,route_ratio_above_max,False,observed_google
13049910505_5354184416_0,13049910505,5354184416,0,fri_01,2026-06-05T01:00:00+07:00,2026-06-05T01:00:00+07:00,fri,night,69.24533095432702,12.073175944851933,1835,369,30.56362316639174,ok,,google,3.419810516380421,26.49998165523006,0.0014239962755605222,route_ratio_above_max,False,observed_google
13049910505_5354184416_0,13049910505,5354184416,0,fri_07,2026-06-05T07:00:00+07:00,2026-06-05T07:00:00+07:00,fri,am,69.24533095432702,12.073175944851933,1835,388,32.13735986059619,ok,,google,3.4700192119631676,26.49998165523006,0.0014239962755605222,route_ratio_above_max,False,observed_google
13049910505_5354184416_0,13049910505,5354184416,0,fri_17,2026-06-05T17:00:00+07:00,2026-06-05T17:00:00+07:00,fri,pm,69.24533095432702,12.073175944851933,1835,440,36.44442870789259,ok,,google,3.595788599252201,26.49998165523006,0.0014239962755605222,route_ratio_above_max,False,observed_google
13049910505_5354184416_0,13049910505,5354184416,0,sat_01,2026-06-06T01:00:00+07:00,2026-06-06T01:00:00+07:00,sat,night,69.24533095432702,12.073175944851933,1835,358,29.652512448694424,ok,,google,3.3895468587405944,26.49998165523006,0.0014239962755605222,route_ratio_above_max,False,observed_google
13049910505_5354184416_0,13049910505,5354184416,0,sat_07,2026-06-06T07:00:00+07:00,2026-06-06T07:00:00+07:00,sat,am,69.24533095432702,12.073175944851933,1835,374,30.9777644017087,ok,,google,3.433269669754426,26.49998165523006,0.0014239962755605222,route_ratio_above_max,False,observed_google
13049910505_5354184416_0,13049910505,5354184416,0,sat_17,2026-06-06T17:00:00+07:00,2026-06-06T17:00:00+07:00,sat,pm,69.24533095432702,12.073175944851933,1835,434,35.94745922551223,ok,,google,3.5820584064402987,26.49998165523006,0.0014239962755605222,route_ratio_above_max,False,observed_google
13049910505_5354184416_0,13049910505,5354184416,0,sun_01,2026-06-07T01:00:00+07:00,2026-06-07T01:00:00+07:00,sun,night,69.24533095432702,12.073175944851933,1835,350,28.989886472187287,ok,,google,3.3669470268233535,26.49998165523006,0.0014239962755605222,route_ratio_above_max,False,observed_google
13049910505_5354184416_0,13049910505,5354184416,0,sun_07,2026-06-07T07:00:00+07:00,2026-06-07T07:00:00+07:00,sun,am,69.24533095432702,12.073175944851933,1835,365,30.23231017813817,ok,,google,3.4089112259223855,26.49998165523006,0.0014239962755605222,route_ratio_above_max,False,observed_google
13049910505_5354184416_0,13049910505,5354184416,0,sun_17,2026-06-07T17:00:00+07:00,2026-06-07T17:00:00+07:00,sun,pm,69.24533095432702,12.073175944851933,1835,412,34.12523779011761,ok,,google,3.5300372216894207,26.49998165523006,0.0014239962755605222,route_ratio_above_max,False,observed_google
1666614380_29376874_0,1666614380,29376874,0,mon_01,2026-06-01T01:00:00+07:00,2026-06-08T01:00:00+07:00,mon,night,299.50802219231934,52.22031578139971,301,102,1.9532627957859123,ok,,google,0.6695012028963804,1.004981428533232,0.9901110954355343,,True,observed_google
1666614380_29376874_0,1666614380,29376874,0,mon_07,2026-06-01T07:00:00+07:00,2026-06-01T07:00:00+07:00,mon,am,299.50802219231934,52.22031578139971,301,102,1.9532627957859123,ok,,google,0.6695012028963804,1.004981428533232,0.9901110954355343,,True,observed_google
1666614380_29376874_0,1666614380,29376874,0,mon_17,2026-06-01T17:00:00+07:00,2026-06-01T17:00:00+07:00,mon,pm,299.50802219231934,52.22031578139971,301,102,1.9532627957859123,ok,,google,0.6695012028963804,1.004981428533232,0.9901110954355343,,True,observed_google
1666614380_29376874_0,1666614380,29376874,0,tue_01,2026-06-02T01:00:00+07:00,2026-06-02T01:00:00+07:00,tue,night,299.50802219231934,52.22031578139971,301,102,1.9532627957859123,ok,,google,0.6695012028963804,1.004981428533232,0.9901110954355343,,True,observed_google
1666614380_29376874_0,1666614380,29376874,0,tue_07,2026-06-02T07:00:00+07:00,2026-06-02T07:00:00+07:00,tue,am,299.50802219231934,52.22031578139971,301,102,1.9532627957859123,ok,,google,0.6695012028963804,1.004981428533232,0.9901110954355343,,True,observed_google
1666614380_29376874_0,1666614380,29376874,0,tue_17,2026-06-02T17:00:00+07:00,2026-06-02T17:00:00+07:00,tue,pm,299.50802219231934,52.22031578139971,301,102,1.9532627957859123,ok,,google,0.6695012028963804,1.004981428533232,0.9901110954355343,,True,observed_google
1666614380_29376874_0,1666614380,29376874,0,wed_01,2026-06-03T01:00:00+07:00,2026-06-03T01:00:00+07:00,wed,night,299.50802219231934,52.22031578139971,301,102,1.9532627957859123,ok,,google,0.6695012028963804,1.004981428533232,0.9901110954355343,,True,observed_google
1666614380_29376874_0,1666614380,29376874,0,wed_07,2026-06-03T07:00:00+07:00,2026-06-03T07:00:00+07:00,wed,am,299.50802219231934,52.22031578139971,301,102,1.9532627957859123,ok,,google,0.6695012028963804,1.004981428533232,0.9901110954355343,,True,observed_google
1666614380_29376874_0,1666614380,29376874,0,wed_17,2026-06-03T17:00:00+07:00,2026-06-03T17:00:00+07:00,wed,pm,299.50802219231934,52.22031578139971,301,102,1.9532627957859123,ok,,google,0.6695012028963804,1.004981428533232,0.9901110954355343,,True,observed_google
1666614380_29376874_0,1666614380,29376874,0,thu_01,2026-06-04T01:00:00+07:00,2026-06-04T01:00:00+07:00,thu,night,299.50802219231934,52.22031578139971,301,102,1.9532627957859123,ok,,google,0.6695012028963804,1.004981428533232,0.9901110954355343,,True,observed_google
1666614380_29376874_0,1666614380,29376874,0,thu_07,2026-06-04T07:00:00+07:00,2026-06-04T07:00:00+07:00,thu,am,299.50802219231934,52.22031578139971,301,102,1.9532627957859123,ok,,google,0.6695012028963804,1.004981428533232,0.9901110954355343,,True,observed_google
1666614380_29376874_0,1666614380,29376874,0,thu_17,2026-06-04T17:00:00+07:00,2026-06-04T17:00:00+07:00,thu,pm,299.50802219231934,52.22031578139971,301,102,1.9532627957859123,ok,,google,0.6695012028963804,1.004981428533232,0.9901110954355343,,True,observed_google
1666614380_29376874_0,1666614380,29376874,0,fri_01,2026-06-05T01:00:00+07:00,2026-06-05T01:00:00+07:00,fri,night,299.50802219231934,52.22031578139971,301,102,1.9532627957859123,ok,,google,0.6695012028963804,1.004981428533232,0.9901110954355343,,True,observed_google
1666614380_29376874_0,1666614380,29376874,0,fri_07,2026-06-05T07:00:00+07:00,2026-06-05T07:00:00+07:00,fri,am,299.50802219231934,52.22031578139971,301,102,1.9532627957859123,ok,,google,0.6695012028963804,1.004981428533232,0.9901110954355343,,True,observed_google
1666614380_29376874_0,1666614380,29376874,0,fri_17,2026-06-05T17:00:00+07:00,2026-06-05T17:00:00+07:00,fri,pm,299.50802219231934,52.22031578139971,301,102,1.9532627957859123,ok,,google,0.6695012028963804,1.004981428533232,0.9901110954355343,,True,observed_google
1666614380_29376874_0,1666614380,29376874,0,sat_01,2026-06-06T01:00:00+07:00,2026-06-06T01:00:00+07:00,sat,night,299.50802219231934,52.22031578139971,301,102,1.9532627957859123,ok,,google,0.6695012028963804,1.004981428533232,0.9901110954355343,,True,observed_google
1666614380_29376874_0,1666614380,29376874,0,sat_07,2026-06-06T07:00:00+07:00,2026-06-06T07:00:00+07:00,sat,am,299.50802219231934,52.22031578139971,301,102,1.9532627957859123,ok,,google,0.6695012028963804,1.004981428533232,0.9901110954355343,,True,observed_google
1666614380_29376874_0,1666614380,29376874,0,sat_17,2026-06-06T17:00:00+07:00,2026-06-06T17:00:00+07:00,sat,pm,299.50802219231934,52.22031578139971,301,102,1.9532627957859123,ok,,google,0.6695012028963804,1.004981428533232,0.9901110954355343,,True,observed_google
1666614380_29376874_0,1666614380,29376874,0,sun_01,2026-06-07T01:00:00+07:00,2026-06-07T01:00:00+07:00,sun,night,299.50802219231934,52.22031578139971,301,102,1.9532627957859123,ok,,google,0.6695012028963804,1.004981428533232,0.9901110954355343,,True,observed_google
1666614380_29376874_0,1666614380,29376874,0,sun_07,2026-06-07T07:00:00+07:00,2026-06-07T07:00:00+07:00,sun,am,299.50802219231934,52.22031578139971,301,102,1.9532627957859123,ok,,google,0.6695012028963804,1.004981428533232,0.9901110954355343,,True,observed_google
1666614380_29376874_0,1666614380,29376874,0,sun_17,2026-06-07T17:00:00+07:00,2026-06-07T17:00:00+07:00,sun,pm,299.50802219231934,52.22031578139971,301,102,1.9532627957859123,ok,,google,0.6695012028963804,1.004981428533232,0.9901110954355343,,True,observed_google
1108674441_5397556637_0,1108674441,5397556637,0,mon_01,2026-06-01T01:00:00+07:00,2026-06-08T01:00:00+07:00,mon,night,51.79733884834402,9.323520992701924,52,12,1.2870674082670182,ok,,google,0.25236630351824957,1.003912578448274,0.992220529500802,,True,observed_google
1108674441_5397556637_0,1108674441,5397556637,0,mon_07,2026-06-01T07:00:00+07:00,2026-06-01T07:00:00+07:00,mon,am,51.79733884834402,9.323520992701924,52,12,1.2870674082670182,ok,,google,0.25236630351824957,1.003912578448274,0.992220529500802,,True,observed_google
1108674441_5397556637_0,1108674441,5397556637,0,mon_17,2026-06-01T17:00:00+07:00,2026-06-01T17:00:00+07:00,mon,pm,51.79733884834402,9.323520992701924,52,12,1.2870674082670182,ok,,google,0.25236630351824957,1.003912578448274,0.992220529500802,,True,observed_google
1108674441_5397556637_0,1108674441,5397556637,0,tue_01,2026-06-02T01:00:00+07:00,2026-06-02T01:00:00+07:00,tue,night,51.79733884834402,9.323520992701924,52,12,1.2870674082670182,ok,,google,0.25236630351824957,1.003912578448274,0.992220529500802,,True,observed_google
1108674441_5397556637_0,1108674441,5397556637,0,tue_07,2026-06-02T07:00:00+07:00,2026-06-02T07:00:00+07:00,tue,am,51.79733884834402,9.323520992701924,52,12,1.2870674082670182,ok,,google,0.25236630351824957,1.003912578448274,0.992220529500802,,True,observed_google
1108674441_5397556637_0,1108674441,5397556637,0,tue_17,2026-06-02T17:00:00+07:00,2026-06-02T17:00:00+07:00,tue,pm,51.79733884834402,9.323520992701924,52,12,1.2870674082670182,ok,,google,0.25236630351824957,1.003912578448274,0.992220529500802,,True,observed_google
1108674441_5397556637_0,1108674441,5397556637,0,wed_01,2026-06-03T01:00:00+07:00,2026-06-03T01:00:00+07:00,wed,night,51.79733884834402,9.323520992701924,52,12,1.2870674082670182,ok,,google,0.25236630351824957,1.003912578448274,0.992220529500802,,True,observed_google
1108674441_5397556637_0,1108674441,5397556637,0,wed_07,2026-06-03T07:00:00+07:00,2026-06-03T07:00:00+07:00,wed,am,51.79733884834402,9.323520992701924,52,12,1.2870674082670182,ok,,google,0.25236630351824957,1.003912578448274,0.992220529500802,,True,observed_google
1108674441_5397556637_0,1108674441,5397556637,0,wed_17,2026-06-03T17:00:00+07:00,2026-06-03T17:00:00+07:00,wed,pm,51.79733884834402,9.323520992701924,52,12,1.2870674082670182,ok,,google,0.25236630351824957,1.003912578448274,0.992220529500802,,True,observed_google
1108674441_5397556637_0,1108674441,5397556637,0,thu_01,2026-06-04T01:00:00+07:00,2026-06-04T01:00:00+07:00,thu,night,51.79733884834402,9.323520992701924,52,12,1.2870674082670182,ok,,google,0.25236630351824957,1.003912578448274,0.992220529500802,,True,observed_google
1108674441_5397556637_0,1108674441,5397556637,0,thu_07,2026-06-04T07:00:00+07:00,2026-06-04T07:00:00+07:00,thu,am,51.79733884834402,9.323520992701924,52,12,1.2870674082670182,ok,,google,0.25236630351824957,1.003912578448274,0.992220529500802,,True,observed_google
1108674441_5397556637_0,1108674441,5397556637,0,thu_17,2026-06-04T17:00:00+07:00,2026-06-04T17:00:00+07:00,thu,pm,51.79733884834402,9.323520992701924,52,12,1.2870674082670182,ok,,google,0.25236630351824957,1.003912578448274,0.992220529500802,,True,observed_google
1108674441_5397556637_0,1108674441,5397556637,0,fri_01,2026-06-05T01:00:00+07:00,2026-06-05T01:00:00+07:00,fri,night,51.79733884834402,9.323520992701924,52,12,1.2870674082670182,ok,,google,0.25236630351824957,1.003912578448274,0.992220529500802,,True,observed_google
1108674441_5397556637_0,1108674441,5397556637,0,fri_07,2026-06-05T07:00:00+07:00,2026-06-05T07:00:00+07:00,fri,am,51.79733884834402,9.323520992701924,52,12,1.2870674082670182,ok,,google,0.25236630351824957,1.003912578448274,0.992220529500802,,True,observed_google
1108674441_5397556637_0,1108674441,5397556637,0,fri_17,2026-06-05T17:00:00+07:00,2026-06-05T17:00:00+07:00,fri,pm,51.79733884834402,9.323520992701924,52,12,1.2870674082670182,ok,,google,0.25236630351824957,1.003912578448274,0.992220529500802,,True,observed_google
1108674441_5397556637_0,1108674441,5397556637,0,sat_01,2026-06-06T01:00:00+07:00,2026-06-06T01:00:00+07:00,sat,night,51.79733884834402,9.323520992701924,52,12,1.2870674082670182,ok,,google,0.25236630351824957,1.003912578448274,0.992220529500802,,True,observed_google
1108674441_5397556637_0,1108674441,5397556637,0,sat_07,2026-06-06T07:00:00+07:00,2026-06-06T07:00:00+07:00,sat,am,51.79733884834402,9.323520992701924,52,12,1.2870674082670182,ok,,google,0.25236630351824957,1.003912578448274,0.992220529500802,,True,observed_google
1108674441_5397556637_0,1108674441,5397556637,0,sat_17,2026-06-06T17:00:00+07:00,2026-06-06T17:00:00+07:00,sat,pm,51.79733884834402,9.323520992701924,52,12,1.2870674082670182,ok,,google,0.25236630351824957,1.003912578448274,0.992220529500802,,True,observed_google
1108674441_5397556637_0,1108674441,5397556637,0,sun_01,2026-06-07T01:00:00+07:00,2026-06-07T01:00:00+07:00,sun,night,51.79733884834402,9.323520992701924,52,12,1.2870674082670182,ok,,google,0.25236630351824957,1.003912578448274,0.992220529500802,,True,observed_google
1108674441_5397556637_0,1108674441,5397556637,0,sun_07,2026-06-07T07:00:00+07:00,2026-06-07T07:00:00+07:00,sun,am,51.79733884834402,9.323520992701924,52,12,1.2870674082670182,ok,,google,0.25236630351824957,1.003912578448274,0.992220529500802,,True,observed_google
1108674441_5397556637_0,1108674441,5397556637,0,sun_17,2026-06-07T17:00:00+07:00,2026-06-07T17:00:00+07:00,sun,pm,51.79733884834402,9.323520992701924,52,12,1.2870674082670182,ok,,google,0.25236630351824957,1.003912578448274,0.992220529500802,,True,observed_google
302257082_4643422880_0,302257082,4643422880,0,mon_01,2026-06-01T01:00:00+07:00,2026-06-08T01:00:00+07:00,mon,night,175.936388349035,30.67515083494544,173,44,1.4343857748818227,ok,,google,0.36073672613874,0.9833099430050275,0.9668984440125504,,True,observed_google
302257082_4643422880_0,302257082,4643422880,0,mon_07,2026-06-01T07:00:00+07:00,2026-06-01T07:00:00+07:00,mon,am,175.936388349035,30.67515083494544,173,44,1.4343857748818227,ok,,google,0.36073672613874,0.9833099430050275,0.9668984440125504,,True,observed_google
302257082_4643422880_0,302257082,4643422880,0,mon_17,2026-06-01T17:00:00+07:00,2026-06-01T17:00:00+07:00,mon,pm,175.936388349035,30.67515083494544,173,44,1.4343857748818227,ok,,google,0.36073672613874,0.9833099430050275,0.9668984440125504,,True,observed_google
302257082_4643422880_0,302257082,4643422880,0,tue_01,2026-06-02T01:00:00+07:00,2026-06-02T01:00:00+07:00,tue,night,175.936388349035,30.67515083494544,173,44,1.4343857748818227,ok,,google,0.36073672613874,0.9833099430050275,0.9668984440125504,,True,observed_google
302257082_4643422880_0,302257082,4643422880,0,tue_07,2026-06-02T07:00:00+07:00,2026-06-02T07:00:00+07:00,tue,am,175.936388349035,30.67515083494544,173,44,1.4343857748818227,ok,,google,0.36073672613874,0.9833099430050275,0.9668984440125504,,True,observed_google
302257082_4643422880_0,302257082,4643422880,0,tue_17,2026-06-02T17:00:00+07:00,2026-06-02T17:00:00+07:00,tue,pm,175.936388349035,30.67515083494544,173,44,1.4343857748818227,ok,,google,0.36073672613874,0.9833099430050275,0.9668984440125504,,True,observed_google
302257082_4643422880_0,302257082,4643422880,0,wed_01,2026-06-03T01:00:00+07:00,2026-06-03T01:00:00+07:00,wed,night,175.936388349035,30.67515083494544,173,44,1.4343857748818227,ok,,google,0.36073672613874,0.9833099430050275,0.9668984440125504,,True,observed_google
302257082_4643422880_0,302257082,4643422880,0,wed_07,2026-06-03T07:00:00+07:00,2026-06-03T07:00:00+07:00,wed,am,175.936388349035,30.67515083494544,173,44,1.4343857748818227,ok,,google,0.36073672613874,0.9833099430050275,0.9668984440125504,,True,observed_google
302257082_4643422880_0,302257082,4643422880,0,wed_17,2026-06-03T17:00:00+07:00,2026-06-03T17:00:00+07:00,wed,pm,175.936388349035,30.67515083494544,173,44,1.4343857748818227,ok,,google,0.36073672613874,0.9833099430050275,0.9668984440125504,,True,observed_google
302257082_4643422880_0,302257082,4643422880,0,thu_01,2026-06-04T01:00:00+07:00,2026-06-04T01:00:00+07:00,thu,night,175.936388349035,30.67515083494544,173,44,1.4343857748818227,ok,,google,0.36073672613874,0.9833099430050275,0.9668984440125504,,True,observed_google
302257082_4643422880_0,302257082,4643422880,0,thu_07,2026-06-04T07:00:00+07:00,2026-06-04T07:00:00+07:00,thu,am,175.936388349035,30.67515083494544,173,44,1.4343857748818227,ok,,google,0.36073672613874,0.9833099430050275,0.9668984440125504,,True,observed_google
302257082_4643422880_0,302257082,4643422880,0,thu_17,2026-06-04T17:00:00+07:00,2026-06-04T17:00:00+07:00,thu,pm,175.936388349035,30.67515083494544,173,44,1.4343857748818227,ok,,google,0.36073672613874,0.9833099430050275,0.9668984440125504,,True,observed_google
302257082_4643422880_0,302257082,4643422880,0,fri_01,2026-06-05T01:00:00+07:00,2026-06-05T01:00:00+07:00,fri,night,175.936388349035,30.67515083494544,173,44,1.4343857748818227,ok,,google,0.36073672613874,0.9833099430050275,0.9668984440125504,,True,observed_google
302257082_4643422880_0,302257082,4643422880,0,fri_07,2026-06-05T07:00:00+07:00,2026-06-05T07:00:00+07:00,fri,am,175.936388349035,30.67515083494544,173,44,1.4343857748818227,ok,,google,0.36073672613874,0.9833099430050275,0.9668984440125504,,True,observed_google
302257082_4643422880_0,302257082,4643422880,0,fri_17,2026-06-05T17:00:00+07:00,2026-06-05T17:00:00+07:00,fri,pm,175.936388349035,30.67515083494544,173,44,1.4343857748818227,ok,,google,0.36073672613874,0.9833099430050275,0.9668984440125504,,True,observed_google
302257082_4643422880_0,302257082,4643422880,0,sat_01,2026-06-06T01:00:00+07:00,2026-06-06T01:00:00+07:00,sat,night,175.936388349035,30.67515083494544,173,44,1.4343857748818227,ok,,google,0.36073672613874,0.9833099430050275,0.9668984440125504,,True,observed_google
302257082_4643422880_0,302257082,4643422880,0,sat_07,2026-06-06T07:00:00+07:00,2026-06-06T07:00:00+07:00,sat,am,175.936388349035,30.67515083494544,173,44,1.4343857748818227,ok,,google,0.36073672613874,0.9833099430050275,0.9668984440125504,,True,observed_google
302257082_4643422880_0,302257082,4643422880,0,sat_17,2026-06-06T17:00:00+07:00,2026-06-06T17:00:00+07:00,sat,pm,175.936388349035,30.67515083494544,173,44,1.4343857748818227,ok,,google,0.36073672613874,0.9833099430050275,0.9668984440125504,,True,observed_google
302257082_4643422880_0,302257082,4643422880,0,sun_01,2026-06-07T01:00:00+07:00,2026-06-07T01:00:00+07:00,sun,night,175.936388349035,30.67515083494544,173,44,1.4343857748818227,ok,,google,0.36073672613874,0.9833099430050275,0.9668984440125504,,True,observed_google
302257082_4643422880_0,302257082,4643422880,0,sun_07,2026-06-07T07:00:00+07:00,2026-06-07T07:00:00+07:00,sun,am,175.936388349035,30.67515083494544,173,44,1.4343857748818227,ok,,google,0.36073672613874,0.9833099430050275,0.9668984440125504,,True,observed_google
302257082_4643422880_0,302257082,4643422880,0,sun_17,2026-06-07T17:00:00+07:00,2026-06-07T17:00:00+07:00,sun,pm,175.936388349035,30.67515083494544,173,44,1.4343857748818227,ok,,google,0.36073672613874,0.9833099430050275,0.9668984440125504,,True,observed_google
1107817469_1667532271_0,1107817469,1667532271,0,mon_01,2026-06-01T01:00:00+07:00,2026-06-08T01:00:00+07:00,mon,night,108.9533115568967,18.996407152249816,109,20,1.0528306663310976,ok,,google,0.05148240951869948,1.0004285178893249,0.9991435147895124,,True,observed_google
1107817469_1667532271_0,1107817469,1667532271,0,mon_07,2026-06-01T07:00:00+07:00,2026-06-01T07:00:00+07:00,mon,am,108.9533115568967,18.996407152249816,109,22,1.1581137329642073,ok,,google,0.1467925893230243,1.0004285178893249,0.9991435147895124,,True,observed_google
1107817469_1667532271_0,1107817469,1667532271,0,mon_17,2026-06-01T17:00:00+07:00,2026-06-01T17:00:00+07:00,mon,pm,108.9533115568967,18.996407152249816,109,23,1.210755266280762,ok,,google,0.19124435189385813,1.0004285178893249,0.9991435147895124,,True,observed_google
1107817469_1667532271_0,1107817469,1667532271,0,tue_01,2026-06-02T01:00:00+07:00,2026-06-02T01:00:00+07:00,tue,night,108.9533115568967,18.996407152249816,109,18,0.9475475996979876,ok,,google,-0.053878106139126886,1.0004285178893249,0.9991435147895124,,True,observed_google
1107817469_1667532271_0,1107817469,1667532271,0,tue_07,2026-06-02T07:00:00+07:00,2026-06-02T07:00:00+07:00,tue,am,108.9533115568967,18.996407152249816,109,25,1.3160383329138718,ok,,google,0.27462596083290913,1.0004285178893249,0.9991435147895124,,True,observed_google
1107817469_1667532271_0,1107817469,1667532271,0,tue_17,2026-06-02T17:00:00+07:00,2026-06-02T17:00:00+07:00,tue,pm,108.9533115568967,18.996407152249816,109,24,1.263396799597317,ok,,google,0.23380396631265404,1.0004285178893249,0.9991435147895124,,True,observed_google
1107817469_1667532271_0,1107817469,1667532271,0,wed_01,2026-06-03T01:00:00+07:00,2026-06-03T01:00:00+07:00,wed,night,108.9533115568967,18.996407152249816,109,18,0.9475475996979876,ok,,google,-0.053878106139126886,1.0004285178893249,0.9991435147895124,,True,observed_google
1107817469_1667532271_0,1107817469,1667532271,0,wed_07,2026-06-03T07:00:00+07:00,2026-06-03T07:00:00+07:00,wed,am,108.9533115568967,18.996407152249816,109,21,1.1054721996476524,ok,,google,0.10027257368813147,1.0004285178893249,0.9991435147895124,,True,observed_google
1107817469_1667532271_0,1107817469,1667532271,0,wed_17,2026-06-03T17:00:00+07:00,2026-06-03T17:00:00+07:00,wed,pm,108.9533115568967,18.996407152249816,109,23,1.210755266280762,ok,,google,0.19124435189385813,1.0004285178893249,0.9991435147895124,,True,observed_google
1107817469_1667532271_0,1107817469,1667532271,0,thu_01,2026-06-04T01:00:00+07:00,2026-06-04T01:00:00+07:00,thu,night,108.9533115568967,18.996407152249816,109,23,1.210755266280762,ok,,google,0.19124435189385813,1.0004285178893249,0.9991435147895124,,True,observed_google
1107817469_1667532271_0,1107817469,1667532271,0,thu_07,2026-06-04T07:00:00+07:00,2026-06-04T07:00:00+07:00,thu,am,108.9533115568967,18.996407152249816,109,24,1.263396799597317,ok,,google,0.23380396631265404,1.0004285178893249,0.9991435147895124,,True,observed_google
1107817469_1667532271_0,1107817469,1667532271,0,thu_17,2026-06-04T17:00:00+07:00,2026-06-04T17:00:00+07:00,thu,pm,108.9533115568967,18.996407152249816,109,26,1.3686798662304267,ok,,google,0.3138466739861904,1.0004285178893249,0.9991435147895124,,True,observed_google
1107817469_1667532271_0,1107817469,1667532271,0,fri_01,2026-06-05T01:00:00+07:00,2026-06-05T01:00:00+07:00,fri,night,108.9533115568967,18.996407152249816,109,20,1.0528306663310976,ok,,google,0.05148240951869948,1.0004285178893249,0.9991435147895124,,True,observed_google
1107817469_1667532271_0,1107817469,1667532271,0,fri_07,2026-06-05T07:00:00+07:00,2026-06-05T07:00:00+07:00,fri,am,108.9533115568967,18.996407152249816,109,26,1.3686798662304267,ok,,google,0.3138466739861904,1.0004285178893249,0.9991435147895124,,True,observed_google
1107817469_1667532271_0,1107817469,1667532271,0,fri_17,2026-06-05T17:00:00+07:00,2026-06-05T17:00:00+07:00,fri,pm,108.9533115568967,18.996407152249816,109,24,1.263396799597317,ok,,google,0.23380396631265404,1.0004285178893249,0.9991435147895124,,True,observed_google
1107817469_1667532271_0,1107817469,1667532271,0,sat_01,2026-06-06T01:00:00+07:00,2026-06-06T01:00:00+07:00,sat,night,108.9533115568967,18.996407152249816,109,22,1.1581137329642073,ok,,google,0.1467925893230243,1.0004285178893249,0.9991435147895124,,True,observed_google
1107817469_1667532271_0,1107817469,1667532271,0,sat_07,2026-06-06T07:00:00+07:00,2026-06-06T07:00:00+07:00,sat,am,108.9533115568967,18.996407152249816,109,26,1.3686798662304267,ok,,google,0.3138466739861904,1.0004285178893249,0.9991435147895124,,True,observed_google
1107817469_1667532271_0,1107817469,1667532271,0,sat_17,2026-06-06T17:00:00+07:00,2026-06-06T17:00:00+07:00,sat,pm,108.9533115568967,18.996407152249816,109,24,1.263396799597317,ok,,google,0.23380396631265404,1.0004285178893249,0.9991435147895124,,True,observed_google
1107817469_1667532271_0,1107817469,1667532271,0,sun_01,2026-06-07T01:00:00+07:00,2026-06-07T01:00:00+07:00,sun,night,108.9533115568967,18.996407152249816,109,20,1.0528306663310976,ok,,google,0.05148240951869948,1.0004285178893249,0.9991435147895124,,True,observed_google
1107817469_1667532271_0,1107817469,1667532271,0,sun_07,2026-06-07T07:00:00+07:00,2026-06-07T07:00:00+07:00,sun,am,108.9533115568967,18.996407152249816,109,26,1.3686798662304267,ok,,google,0.3138466739861904,1.0004285178893249,0.9991435147895124,,True,observed_google
1107817469_1667532271_0,1107817469,1667532271,0,sun_17,2026-06-07T17:00:00+07:00,2026-06-07T17:00:00+07:00,sun,pm,108.9533115568967,18.996407152249816,109,27,1.4213213995469816,ok,,google,0.35158700196903747,1.0004285178893249,0.9991435147895124,,True,observed_google
3445462881_3445462878_0,3445462881,3445462878,0,mon_01,2026-06-01T01:00:00+07:00,2026-06-08T01:00:00+07:00,mon,night,83.25170071984218,14.515237585646968,82,25,1.72232799170443,ok,,google,0.5436768592412421,0.984964863071634,0.9701557814857227,,True,observed_google
3445462881_3445462878_0,3445462881,3445462878,0,mon_07,2026-06-01T07:00:00+07:00,2026-06-01T07:00:00+07:00,mon,am,83.25170071984218,14.515237585646968,82,25,1.72232799170443,ok,,google,0.5436768592412421,0.984964863071634,0.9701557814857227,,True,observed_google
3445462881_3445462878_0,3445462881,3445462878,0,mon_17,2026-06-01T17:00:00+07:00,2026-06-01T17:00:00+07:00,mon,pm,83.25170071984218,14.515237585646968,82,25,1.72232799170443,ok,,google,0.5436768592412421,0.984964863071634,0.9701557814857227,,True,observed_google
3445462881_3445462878_0,3445462881,3445462878,0,tue_01,2026-06-02T01:00:00+07:00,2026-06-02T01:00:00+07:00,tue,night,83.25170071984218,14.515237585646968,82,25,1.72232799170443,ok,,google,0.5436768592412421,0.984964863071634,0.9701557814857227,,True,observed_google
3445462881_3445462878_0,3445462881,3445462878,0,tue_07,2026-06-02T07:00:00+07:00,2026-06-02T07:00:00+07:00,tue,am,83.25170071984218,14.515237585646968,82,25,1.72232799170443,ok,,google,0.5436768592412421,0.984964863071634,0.9701557814857227,,True,observed_google
3445462881_3445462878_0,3445462881,3445462878,0,tue_17,2026-06-02T17:00:00+07:00,2026-06-02T17:00:00+07:00,tue,pm,83.25170071984218,14.515237585646968,82,25,1.72232799170443,ok,,google,0.5436768592412421,0.984964863071634,0.9701557814857227,,True,observed_google
3445462881_3445462878_0,3445462881,3445462878,0,wed_01,2026-06-03T01:00:00+07:00,2026-06-03T01:00:00+07:00,wed,night,83.25170071984218,14.515237585646968,82,25,1.72232799170443,ok,,google,0.5436768592412421,0.984964863071634,0.9701557814857227,,True,observed_google
3445462881_3445462878_0,3445462881,3445462878,0,wed_07,2026-06-03T07:00:00+07:00,2026-06-03T07:00:00+07:00,wed,am,83.25170071984218,14.515237585646968,82,25,1.72232799170443,ok,,google,0.5436768592412421,0.984964863071634,0.9701557814857227,,True,observed_google
3445462881_3445462878_0,3445462881,3445462878,0,wed_17,2026-06-03T17:00:00+07:00,2026-06-03T17:00:00+07:00,wed,pm,83.25170071984218,14.515237585646968,82,25,1.72232799170443,ok,,google,0.5436768592412421,0.984964863071634,0.9701557814857227,,True,observed_google
3445462881_3445462878_0,3445462881,3445462878,0,thu_01,2026-06-04T01:00:00+07:00,2026-06-04T01:00:00+07:00,thu,night,83.25170071984218,14.515237585646968,82,25,1.72232799170443,ok,,google,0.5436768592412421,0.984964863071634,0.9701557814857227,,True,observed_google
3445462881_3445462878_0,3445462881,3445462878,0,thu_07,2026-06-04T07:00:00+07:00,2026-06-04T07:00:00+07:00,thu,am,83.25170071984218,14.515237585646968,82,25,1.72232799170443,ok,,google,0.5436768592412421,0.984964863071634,0.9701557814857227,,True,observed_google
3445462881_3445462878_0,3445462881,3445462878,0,thu_17,2026-06-04T17:00:00+07:00,2026-06-04T17:00:00+07:00,thu,pm,83.25170071984218,14.515237585646968,82,25,1.72232799170443,ok,,google,0.5436768592412421,0.984964863071634,0.9701557814857227,,True,observed_google
3445462881_3445462878_0,3445462881,3445462878,0,fri_01,2026-06-05T01:00:00+07:00,2026-06-05T01:00:00+07:00,fri,night,83.25170071984218,14.515237585646968,82,25,1.72232799170443,ok,,google,0.5436768592412421,0.984964863071634,0.9701557814857227,,True,observed_google
3445462881_3445462878_0,3445462881,3445462878,0,fri_07,2026-06-05T07:00:00+07:00,2026-06-05T07:00:00+07:00,fri,am,83.25170071984218,14.515237585646968,82,25,1.72232799170443,ok,,google,0.5436768592412421,0.984964863071634,0.9701557814857227,,True,observed_google
3445462881_3445462878_0,3445462881,3445462878,0,fri_17,2026-06-05T17:00:00+07:00,2026-06-05T17:00:00+07:00,fri,pm,83.25170071984218,14.515237585646968,82,25,1.72232799170443,ok,,google,0.5436768592412421,0.984964863071634,0.9701557814857227,,True,observed_google
3445462881_3445462878_0,3445462881,3445462878,0,sat_01,2026-06-06T01:00:00+07:00,2026-06-06T01:00:00+07:00,sat,night,83.25170071984218,14.515237585646968,82,25,1.72232799170443,ok,,google,0.5436768592412421,0.984964863071634,0.9701557814857227,,True,observed_google
3445462881_3445462878_0,3445462881,3445462878,0,sat_07,2026-06-06T07:00:00+07:00,2026-06-06T07:00:00+07:00,sat,am,83.25170071984218,14.515237585646968,82,25,1.72232799170443,ok,,google,0.5436768592412421,0.984964863071634,0.9701557814857227,,True,observed_google
3445462881_3445462878_0,3445462881,3445462878,0,sat_17,2026-06-06T17:00:00+07:00,2026-06-06T17:00:00+07:00,sat,pm,83.25170071984218,14.515237585646968,82,25,1.72232799170443,ok,,google,0.5436768592412421,0.984964863071634,0.9701557814857227,,True,observed_google
3445462881_3445462878_0,3445462881,3445462878,0,sun_01,2026-06-07T01:00:00+07:00,2026-06-07T01:00:00+07:00,sun,night,83.25170071984218,14.515237585646968,82,25,1.72232799170443,ok,,google,0.5436768592412421,0.984964863071634,0.9701557814857227,,True,observed_google
3445462881_3445462878_0,3445462881,3445462878,0,sun_07,2026-06-07T07:00:00+07:00,2026-06-07T07:00:00+07:00,sun,am,83.25170071984218,14.515237585646968,82,25,1.72232799170443,ok,,google,0.5436768592412421,0.984964863071634,0.9701557814857227,,True,observed_google
3445462881_3445462878_0,3445462881,3445462878,0,sun_17,2026-06-07T17:00:00+07:00,2026-06-07T17:00:00+07:00,sun,pm,83.25170071984218,14.515237585646968,82,25,1.72232799170443,ok,,google,0.5436768592412421,0.984964863071634,0.9701557814857227,,True,observed_google
1409850986_4504616326_0,1409850986,4504616326,0,mon_01,2026-06-01T01:00:00+07:00,2026-06-08T01:00:00+07:00,mon,night,54.165744417260434,9.44399504660902,54,17,1.8000856540160994,ok,,google,0.5878342493344616,0.9969400509668318,0.9938894652217491,,True,observed_google
1409850986_4504616326_0,1409850986,4504616326,0,mon_07,2026-06-01T07:00:00+07:00,2026-06-01T07:00:00+07:00,mon,am,54.165744417260434,9.44399504660902,54,17,1.8000856540160994,ok,,google,0.5878342493344616,0.9969400509668318,0.9938894652217491,,True,observed_google
1409850986_4504616326_0,1409850986,4504616326,0,mon_17,2026-06-01T17:00:00+07:00,2026-06-01T17:00:00+07:00,mon,pm,54.165744417260434,9.44399504660902,54,17,1.8000856540160994,ok,,google,0.5878342493344616,0.9969400509668318,0.9938894652217491,,True,observed_google
1409850986_4504616326_0,1409850986,4504616326,0,tue_01,2026-06-02T01:00:00+07:00,2026-06-02T01:00:00+07:00,tue,night,54.165744417260434,9.44399504660902,54,17,1.8000856540160994,ok,,google,0.5878342493344616,0.9969400509668318,0.9938894652217491,,True,observed_google
1409850986_4504616326_0,1409850986,4504616326,0,tue_07,2026-06-02T07:00:00+07:00,2026-06-02T07:00:00+07:00,tue,am,54.165744417260434,9.44399504660902,54,17,1.8000856540160994,ok,,google,0.5878342493344616,0.9969400509668318,0.9938894652217491,,True,observed_google
1409850986_4504616326_0,1409850986,4504616326,0,tue_17,2026-06-02T17:00:00+07:00,2026-06-02T17:00:00+07:00,tue,pm,54.165744417260434,9.44399504660902,54,17,1.8000856540160994,ok,,google,0.5878342493344616,0.9969400509668318,0.9938894652217491,,True,observed_google
1409850986_4504616326_0,1409850986,4504616326,0,wed_01,2026-06-03T01:00:00+07:00,2026-06-03T01:00:00+07:00,wed,night,54.165744417260434,9.44399504660902,54,17,1.8000856540160994,ok,,google,0.5878342493344616,0.9969400509668318,0.9938894652217491,,True,observed_google
1409850986_4504616326_0,1409850986,4504616326,0,wed_07,2026-06-03T07:00:00+07:00,2026-06-03T07:00:00+07:00,wed,am,54.165744417260434,9.44399504660902,54,17,1.8000856540160994,ok,,google,0.5878342493344616,0.9969400509668318,0.9938894652217491,,True,observed_google
1409850986_4504616326_0,1409850986,4504616326,0,wed_17,2026-06-03T17:00:00+07:00,2026-06-03T17:00:00+07:00,wed,pm,54.165744417260434,9.44399504660902,54,17,1.8000856540160994,ok,,google,0.5878342493344616,0.9969400509668318,0.9938894652217491,,True,observed_google
1409850986_4504616326_0,1409850986,4504616326,0,thu_01,2026-06-04T01:00:00+07:00,2026-06-04T01:00:00+07:00,thu,night,54.165744417260434,9.44399504660902,54,17,1.8000856540160994,ok,,google,0.5878342493344616,0.9969400509668318,0.9938894652217491,,True,observed_google
1409850986_4504616326_0,1409850986,4504616326,0,thu_07,2026-06-04T07:00:00+07:00,2026-06-04T07:00:00+07:00,thu,am,54.165744417260434,9.44399504660902,54,17,1.8000856540160994,ok,,google,0.5878342493344616,0.9969400509668318,0.9938894652217491,,True,observed_google
1409850986_4504616326_0,1409850986,4504616326,0,thu_17,2026-06-04T17:00:00+07:00,2026-06-04T17:00:00+07:00,thu,pm,54.165744417260434,9.44399504660902,54,17,1.8000856540160994,ok,,google,0.5878342493344616,0.9969400509668318,0.9938894652217491,,True,observed_google
1409850986_4504616326_0,1409850986,4504616326,0,fri_01,2026-06-05T01:00:00+07:00,2026-06-05T01:00:00+07:00,fri,night,54.165744417260434,9.44399504660902,54,17,1.8000856540160994,ok,,google,0.5878342493344616,0.9969400509668318,0.9938894652217491,,True,observed_google
1409850986_4504616326_0,1409850986,4504616326,0,fri_07,2026-06-05T07:00:00+07:00,2026-06-05T07:00:00+07:00,fri,am,54.165744417260434,9.44399504660902,54,17,1.8000856540160994,ok,,google,0.5878342493344616,0.9969400509668318,0.9938894652217491,,True,observed_google
1409850986_4504616326_0,1409850986,4504616326,0,fri_17,2026-06-05T17:00:00+07:00,2026-06-05T17:00:00+07:00,fri,pm,54.165744417260434,9.44399504660902,54,17,1.8000856540160994,ok,,google,0.5878342493344616,0.9969400509668318,0.9938894652217491,,True,observed_google
1409850986_4504616326_0,1409850986,4504616326,0,sat_01,2026-06-06T01:00:00+07:00,2026-06-06T01:00:00+07:00,sat,night,54.165744417260434,9.44399504660902,54,17,1.8000856540160994,ok,,google,0.5878342493344616,0.9969400509668318,0.9938894652217491,,True,observed_google
1409850986_4504616326_0,1409850986,4504616326,0,sat_07,2026-06-06T07:00:00+07:00,2026-06-06T07:00:00+07:00,sat,am,54.165744417260434,9.44399504660902,54,17,1.8000856540160994,ok,,google,0.5878342493344616,0.9969400509668318,0.9938894652217491,,True,observed_google
1409850986_4504616326_0,1409850986,4504616326,0,sat_17,2026-06-06T17:00:00+07:00,2026-06-06T17:00:00+07:00,sat,pm,54.165744417260434,9.44399504660902,54,17,1.8000856540160994,ok,,google,0.5878342493344616,0.9969400509668318,0.9938894652217491,,True,observed_google
1409850986_4504616326_0,1409850986,4504616326,0,sun_01,2026-06-07T01:00:00+07:00,2026-06-07T01:00:00+07:00,sun,night,54.165744417260434,9.44399504660902,54,17,1.8000856540160994,ok,,google,0.5878342493344616,0.9969400509668318,0.9938894652217491,,True,observed_google
1409850986_4504616326_0,1409850986,4504616326,0,sun_07,2026-06-07T07:00:00+07:00,2026-06-07T07:00:00+07:00,sun,am,54.165744417260434,9.44399504660902,54,17,1.8000856540160994,ok,,google,0.5878342493344616,0.9969400509668318,0.9938894652217491,,True,observed_google
1409850986_4504616326_0,1409850986,4504616326,0,sun_17,2026-06-07T17:00:00+07:00,2026-06-07T17:00:00+07:00,sun,pm,54.165744417260434,9.44399504660902,54,17,1.8000856540160994,ok,,google,0.5878342493344616,0.9969400509668318,0.9938894652217491,,True,observed_google
5355818942_8763102798_0,5355818942,8763102798,0,mon_01,2026-06-01T01:00:00+07:00,2026-06-08T01:00:00+07:00,mon,night,53.87044835970345,9.392509102220105,46,11,1.1711460569572334,ok,,google,0.15798280523835176,0.8539004482169716,0.729145975465145,,True,observed_google
5355818942_8763102798_0,5355818942,8763102798,0,mon_07,2026-06-01T07:00:00+07:00,2026-06-01T07:00:00+07:00,mon,am,53.87044835970345,9.392509102220105,46,11,1.1711460569572334,ok,,google,0.15798280523835176,0.8539004482169716,0.729145975465145,,True,observed_google
5355818942_8763102798_0,5355818942,8763102798,0,mon_17,2026-06-01T17:00:00+07:00,2026-06-01T17:00:00+07:00,mon,pm,53.87044835970345,9.392509102220105,46,11,1.1711460569572334,ok,,google,0.15798280523835176,0.8539004482169716,0.729145975465145,,True,observed_google
5355818942_8763102798_0,5355818942,8763102798,0,tue_01,2026-06-02T01:00:00+07:00,2026-06-02T01:00:00+07:00,tue,night,53.87044835970345,9.392509102220105,46,11,1.1711460569572334,ok,,google,0.15798280523835176,0.8539004482169716,0.729145975465145,,True,observed_google
5355818942_8763102798_0,5355818942,8763102798,0,tue_07,2026-06-02T07:00:00+07:00,2026-06-02T07:00:00+07:00,tue,am,53.87044835970345,9.392509102220105,46,11,1.1711460569572334,ok,,google,0.15798280523835176,0.8539004482169716,0.729145975465145,,True,observed_google
5355818942_8763102798_0,5355818942,8763102798,0,tue_17,2026-06-02T17:00:00+07:00,2026-06-02T17:00:00+07:00,tue,pm,53.87044835970345,9.392509102220105,46,11,1.1711460569572334,ok,,google,0.15798280523835176,0.8539004482169716,0.729145975465145,,True,observed_google
5355818942_8763102798_0,5355818942,8763102798,0,wed_01,2026-06-03T01:00:00+07:00,2026-06-03T01:00:00+07:00,wed,night,53.87044835970345,9.392509102220105,46,11,1.1711460569572334,ok,,google,0.15798280523835176,0.8539004482169716,0.729145975465145,,True,observed_google
5355818942_8763102798_0,5355818942,8763102798,0,wed_07,2026-06-03T07:00:00+07:00,2026-06-03T07:00:00+07:00,wed,am,53.87044835970345,9.392509102220105,46,11,1.1711460569572334,ok,,google,0.15798280523835176,0.8539004482169716,0.729145975465145,,True,observed_google
5355818942_8763102798_0,5355818942,8763102798,0,wed_17,2026-06-03T17:00:00+07:00,2026-06-03T17:00:00+07:00,wed,pm,53.87044835970345,9.392509102220105,46,11,1.1711460569572334,ok,,google,0.15798280523835176,0.8539004482169716,0.729145975465145,,True,observed_google
5355818942_8763102798_0,5355818942,8763102798,0,thu_01,2026-06-04T01:00:00+07:00,2026-06-04T01:00:00+07:00,thu,night,53.87044835970345,9.392509102220105,46,11,1.1711460569572334,ok,,google,0.15798280523835176,0.8539004482169716,0.729145975465145,,True,observed_google
5355818942_8763102798_0,5355818942,8763102798,0,thu_07,2026-06-04T07:00:00+07:00,2026-06-04T07:00:00+07:00,thu,am,53.87044835970345,9.392509102220105,46,11,1.1711460569572334,ok,,google,0.15798280523835176,0.8539004482169716,0.729145975465145,,True,observed_google
5355818942_8763102798_0,5355818942,8763102798,0,thu_17,2026-06-04T17:00:00+07:00,2026-06-04T17:00:00+07:00,thu,pm,53.87044835970345,9.392509102220105,46,11,1.1711460569572334,ok,,google,0.15798280523835176,0.8539004482169716,0.729145975465145,,True,observed_google
5355818942_8763102798_0,5355818942,8763102798,0,fri_01,2026-06-05T01:00:00+07:00,2026-06-05T01:00:00+07:00,fri,night,53.87044835970345,9.392509102220105,46,11,1.1711460569572334,ok,,google,0.15798280523835176,0.8539004482169716,0.729145975465145,,True,observed_google
5355818942_8763102798_0,5355818942,8763102798,0,fri_07,2026-06-05T07:00:00+07:00,2026-06-05T07:00:00+07:00,fri,am,53.87044835970345,9.392509102220105,46,11,1.1711460569572334,ok,,google,0.15798280523835176,0.8539004482169716,0.729145975465145,,True,observed_google
5355818942_8763102798_0,5355818942,8763102798,0,fri_17,2026-06-05T17:00:00+07:00,2026-06-05T17:00:00+07:00,fri,pm,53.87044835970345,9.392509102220105,46,11,1.1711460569572334,ok,,google,0.15798280523835176,0.8539004482169716,0.729145975465145,,True,observed_google
5355818942_8763102798_0,5355818942,8763102798,0,sat_01,2026-06-06T01:00:00+07:00,2026-06-06T01:00:00+07:00,sat,night,53.87044835970345,9.392509102220105,46,11,1.1711460569572334,ok,,google,0.15798280523835176,0.8539004482169716,0.729145975465145,,True,observed_google
5355818942_8763102798_0,5355818942,8763102798,0,sat_07,2026-06-06T07:00:00+07:00,2026-06-06T07:00:00+07:00,sat,am,53.87044835970345,9.392509102220105,46,11,1.1711460569572334,ok,,google,0.15798280523835176,0.8539004482169716,0.729145975465145,,True,observed_google
5355818942_8763102798_0,5355818942,8763102798,0,sat_17,2026-06-06T17:00:00+07:00,2026-06-06T17:00:00+07:00,sat,pm,53.87044835970345,9.392509102220105,46,11,1.1711460569572334,ok,,google,0.15798280523835176,0.8539004482169716,0.729145975465145,,True,observed_google
5355818942_8763102798_0,5355818942,8763102798,0,sun_01,2026-06-07T01:00:00+07:00,2026-06-07T01:00:00+07:00,sun,night,53.87044835970345,9.392509102220105,46,11,1.1711460569572334,ok,,google,0.15798280523835176,0.8539004482169716,0.729145975465145,,True,observed_google
5355818942_8763102798_0,5355818942,8763102798,0,sun_07,2026-06-07T07:00:00+07:00,2026-06-07T07:00:00+07:00,sun,am,53.87044835970345,9.392509102220105,46,11,1.1711460569572334,ok,,google,0.15798280523835176,0.8539004482169716,0.729145975465145,,True,observed_google
5355818942_8763102798_0,5355818942,8763102798,0,sun_17,2026-06-07T17:00:00+07:00,2026-06-07T17:00:00+07:00,sun,pm,53.87044835970345,9.392509102220105,46,11,1.1711460569572334,ok,,google,0.15798280523835176,0.8539004482169716,0.729145975465145,,True,observed_google
8410929433_5458620243_0,8410929433,5458620243,0,mon_01,2026-06-01T01:00:00+07:00,2026-06-08T01:00:00+07:00,mon,night,157.42535917877035,27.44768540135108,336,86,3.133233230506451,ok,,google,1.1420654523868023,2.1343448206361875,0.21951835062858607,route_ratio_above_max,False,observed_google
8410929433_5458620243_0,8410929433,5458620243,0,mon_07,2026-06-01T07:00:00+07:00,2026-06-01T07:00:00+07:00,mon,am,157.42535917877035,27.44768540135108,336,85,3.0968002859656782,ok,,google,1.130369412623611,2.1343448206361875,0.21951835062858607,route_ratio_above_max,False,observed_google
8410929433_5458620243_0,8410929433,5458620243,0,mon_17,2026-06-01T17:00:00+07:00,2026-06-01T17:00:00+07:00,mon,pm,157.42535917877035,27.44768540135108,336,92,3.351830897751088,ok,,google,1.209506733182335,2.1343448206361875,0.21951835062858607,route_ratio_above_max,False,observed_google
8410929433_5458620243_0,8410929433,5458620243,0,tue_01,2026-06-02T01:00:00+07:00,2026-06-02T01:00:00+07:00,tue,night,157.42535917877035,27.44768540135108,336,86,3.133233230506451,ok,,google,1.1420654523868023,2.1343448206361875,0.21951835062858607,route_ratio_above_max,False,observed_google
8410929433_5458620243_0,8410929433,5458620243,0,tue_07,2026-06-02T07:00:00+07:00,2026-06-02T07:00:00+07:00,tue,am,157.42535917877035,27.44768540135108,336,88,3.2060991195879964,ok,,google,1.1650549706115012,2.1343448206361875,0.21951835062858607,route_ratio_above_max,False,observed_google
8410929433_5458620243_0,8410929433,5458620243,0,tue_17,2026-06-02T17:00:00+07:00,2026-06-02T17:00:00+07:00,tue,pm,157.42535917877035,27.44768540135108,336,92,3.351830897751088,ok,,google,1.209506733182335,2.1343448206361875,0.21951835062858607,route_ratio_above_max,False,observed_google
8410929433_5458620243_0,8410929433,5458620243,0,wed_01,2026-06-03T01:00:00+07:00,2026-06-03T01:00:00+07:00,wed,night,157.42535917877035,27.44768540135108,336,89,3.242532064128769,ok,,google,1.1763545258654347,2.1343448206361875,0.21951835062858607,route_ratio_above_max,False,observed_google
8410929433_5458620243_0,8410929433,5458620243,0,wed_07,2026-06-03T07:00:00+07:00,2026-06-03T07:00:00+07:00,wed,am,157.42535917877035,27.44768540135108,336,88,3.2060991195879964,ok,,google,1.1650549706115012,2.1343448206361875,0.21951835062858607,route_ratio_above_max,False,observed_google
8410929433_5458620243_0,8410929433,5458620243,0,wed_17,2026-06-03T17:00:00+07:00,2026-06-03T17:00:00+07:00,wed,pm,157.42535917877035,27.44768540135108,336,92,3.351830897751088,ok,,google,1.209506733182335,2.1343448206361875,0.21951835062858607,route_ratio_above_max,False,observed_google
8410929433_5458620243_0,8410929433,5458620243,0,thu_01,2026-06-04T01:00:00+07:00,2026-06-04T01:00:00+07:00,thu,night,157.42535917877035,27.44768540135108,336,92,3.351830897751088,ok,,google,1.209506733182335,2.1343448206361875,0.21951835062858607,route_ratio_above_max,False,observed_google
8410929433_5458620243_0,8410929433,5458620243,0,thu_07,2026-06-04T07:00:00+07:00,2026-06-04T07:00:00+07:00,thu,am,157.42535917877035,27.44768540135108,336,89,3.242532064128769,ok,,google,1.1763545258654347,2.1343448206361875,0.21951835062858607,route_ratio_above_max,False,observed_google
8410929433_5458620243_0,8410929433,5458620243,0,thu_17,2026-06-04T17:00:00+07:00,2026-06-04T17:00:00+07:00,thu,pm,157.42535917877035,27.44768540135108,336,91,3.3153979532103146,ok,,google,1.1985776626501448,2.1343448206361875,0.21951835062858607,route_ratio_above_max,False,observed_google
8410929433_5458620243_0,8410929433,5458620243,0,fri_01,2026-06-05T01:00:00+07:00,2026-06-05T01:00:00+07:00,fri,night,157.42535917877035,27.44768540135108,336,86,3.133233230506451,ok,,google,1.1420654523868023,2.1343448206361875,0.21951835062858607,route_ratio_above_max,False,observed_google
8410929433_5458620243_0,8410929433,5458620243,0,fri_07,2026-06-05T07:00:00+07:00,2026-06-05T07:00:00+07:00,fri,am,157.42535917877035,27.44768540135108,336,88,3.2060991195879964,ok,,google,1.1650549706115012,2.1343448206361875,0.21951835062858607,route_ratio_above_max,False,observed_google
8410929433_5458620243_0,8410929433,5458620243,0,fri_17,2026-06-05T17:00:00+07:00,2026-06-05T17:00:00+07:00,fri,pm,157.42535917877035,27.44768540135108,336,89,3.242532064128769,ok,,google,1.1763545258654347,2.1343448206361875,0.21951835062858607,route_ratio_above_max,False,observed_google
8410929433_5458620243_0,8410929433,5458620243,0,sat_01,2026-06-06T01:00:00+07:00,2026-06-06T01:00:00+07:00,sat,night,157.42535917877035,27.44768540135108,336,84,3.060367341424905,ok,,google,1.1185349549766082,2.1343448206361875,0.21951835062858607,route_ratio_above_max,False,observed_google
8410929433_5458620243_0,8410929433,5458620243,0,sat_07,2026-06-06T07:00:00+07:00,2026-06-06T07:00:00+07:00,sat,am,157.42535917877035,27.44768540135108,336,91,3.3153979532103146,ok,,google,1.1985776626501448,2.1343448206361875,0.21951835062858607,route_ratio_above_max,False,observed_google
8410929433_5458620243_0,8410929433,5458620243,0,sat_17,2026-06-06T17:00:00+07:00,2026-06-06T17:00:00+07:00,sat,pm,157.42535917877035,27.44768540135108,336,90,3.278965008669542,ok,,google,1.1875278264635598,2.1343448206361875,0.21951835062858607,route_ratio_above_max,False,observed_google
8410929433_5458620243_0,8410929433,5458620243,0,sun_01,2026-06-07T01:00:00+07:00,2026-06-07T01:00:00+07:00,sun,night,157.42535917877035,27.44768540135108,336,87,3.169666175047224,ok,,google,1.1536262747878785,2.1343448206361875,0.21951835062858607,route_ratio_above_max,False,observed_google
8410929433_5458620243_0,8410929433,5458620243,0,sun_07,2026-06-07T07:00:00+07:00,2026-06-07T07:00:00+07:00,sun,am,157.42535917877035,27.44768540135108,336,89,3.242532064128769,ok,,google,1.1763545258654347,2.1343448206361875,0.21951835062858607,route_ratio_above_max,False,observed_google
8410929433_5458620243_0,8410929433,5458620243,0,sun_17,2026-06-07T17:00:00+07:00,2026-06-07T17:00:00+07:00,sun,pm,157.42535917877035,27.44768540135108,336,92,3.351830897751088,ok,,google,1.209506733182335,2.1343448206361875,0.21951835062858607,route_ratio_above_max,False,observed_google
5488117431_5488116534_0,5488117431,5488116534,0,mon_01,2026-06-01T01:00:00+07:00,2026-06-08T01:00:00+07:00,mon,night,54.76290317986621,9.54811185432137,78,24,2.5135859703128496,ok,,google,0.921710406992205,1.4243218578790944,0.49292826507024984,,True,observed_google
5488117431_5488116534_0,5488117431,5488116534,0,mon_07,2026-06-01T07:00:00+07:00,2026-06-01T07:00:00+07:00,mon,am,54.76290317986621,9.54811185432137,78,24,2.5135859703128496,ok,,google,0.921710406992205,1.4243218578790944,0.49292826507024984,,True,observed_google
5488117431_5488116534_0,5488117431,5488116534,0,mon_17,2026-06-01T17:00:00+07:00,2026-06-01T17:00:00+07:00,mon,pm,54.76290317986621,9.54811185432137,78,24,2.5135859703128496,ok,,google,0.921710406992205,1.4243218578790944,0.49292826507024984,,True,observed_google
5488117431_5488116534_0,5488117431,5488116534,0,tue_01,2026-06-02T01:00:00+07:00,2026-06-02T01:00:00+07:00,tue,night,54.76290317986621,9.54811185432137,78,24,2.5135859703128496,ok,,google,0.921710406992205,1.4243218578790944,0.49292826507024984,,True,observed_google
5488117431_5488116534_0,5488117431,5488116534,0,tue_07,2026-06-02T07:00:00+07:00,2026-06-02T07:00:00+07:00,tue,am,54.76290317986621,9.54811185432137,78,24,2.5135859703128496,ok,,google,0.921710406992205,1.4243218578790944,0.49292826507024984,,True,observed_google
5488117431_5488116534_0,5488117431,5488116534,0,tue_17,2026-06-02T17:00:00+07:00,2026-06-02T17:00:00+07:00,tue,pm,54.76290317986621,9.54811185432137,78,24,2.5135859703128496,ok,,google,0.921710406992205,1.4243218578790944,0.49292826507024984,,True,observed_google
5488117431_5488116534_0,5488117431,5488116534,0,wed_01,2026-06-03T01:00:00+07:00,2026-06-03T01:00:00+07:00,wed,night,54.76290317986621,9.54811185432137,78,24,2.5135859703128496,ok,,google,0.921710406992205,1.4243218578790944,0.49292826507024984,,True,observed_google
5488117431_5488116534_0,5488117431,5488116534,0,wed_07,2026-06-03T07:00:00+07:00,2026-06-03T07:00:00+07:00,wed,am,54.76290317986621,9.54811185432137,78,24,2.5135859703128496,ok,,google,0.921710406992205,1.4243218578790944,0.49292826507024984,,True,observed_google
5488117431_5488116534_0,5488117431,5488116534,0,wed_17,2026-06-03T17:00:00+07:00,2026-06-03T17:00:00+07:00,wed,pm,54.76290317986621,9.54811185432137,78,24,2.5135859703128496,ok,,google,0.921710406992205,1.4243218578790944,0.49292826507024984,,True,observed_google
5488117431_5488116534_0,5488117431,5488116534,0,thu_01,2026-06-04T01:00:00+07:00,2026-06-04T01:00:00+07:00,thu,night,54.76290317986621,9.54811185432137,78,24,2.5135859703128496,ok,,google,0.921710406992205,1.4243218578790944,0.49292826507024984,,True,observed_google
5488117431_5488116534_0,5488117431,5488116534,0,thu_07,2026-06-04T07:00:00+07:00,2026-06-04T07:00:00+07:00,thu,am,54.76290317986621,9.54811185432137,78,24,2.5135859703128496,ok,,google,0.921710406992205,1.4243218578790944,0.49292826507024984,,True,observed_google
5488117431_5488116534_0,5488117431,5488116534,0,thu_17,2026-06-04T17:00:00+07:00,2026-06-04T17:00:00+07:00,thu,pm,54.76290317986621,9.54811185432137,78,24,2.5135859703128496,ok,,google,0.921710406992205,1.4243218578790944,0.49292826507024984,,True,observed_google
5488117431_5488116534_0,5488117431,5488116534,0,fri_01,2026-06-05T01:00:00+07:00,2026-06-05T01:00:00+07:00,fri,night,54.76290317986621,9.54811185432137,78,24,2.5135859703128496,ok,,google,0.921710406992205,1.4243218578790944,0.49292826507024984,,True,observed_google
5488117431_5488116534_0,5488117431,5488116534,0,fri_07,2026-06-05T07:00:00+07:00,2026-06-05T07:00:00+07:00,fri,am,54.76290317986621,9.54811185432137,78,24,2.5135859703128496,ok,,google,0.921710406992205,1.4243218578790944,0.49292826507024984,,True,observed_google
5488117431_5488116534_0,5488117431,5488116534,0,fri_17,2026-06-05T17:00:00+07:00,2026-06-05T17:00:00+07:00,fri,pm,54.76290317986621,9.54811185432137,78,24,2.5135859703128496,ok,,google,0.921710406992205,1.4243218578790944,0.49292826507024984,,True,observed_google
5488117431_5488116534_0,5488117431,5488116534,0,sat_01,2026-06-06T01:00:00+07:00,2026-06-06T01:00:00+07:00,sat,night,54.76290317986621,9.54811185432137,78,24,2.5135859703128496,ok,,google,0.921710406992205,1.4243218578790944,0.49292826507024984,,True,observed_google
5488117431_5488116534_0,5488117431,5488116534,0,sat_07,2026-06-06T07:00:00+07:00,2026-06-06T07:00:00+07:00,sat,am,54.76290317986621,9.54811185432137,78,24,2.5135859703128496,ok,,google,0.921710406992205,1.4243218578790944,0.49292826507024984,,True,observed_google
5488117431_5488116534_0,5488117431,5488116534,0,sat_17,2026-06-06T17:00:00+07:00,2026-06-06T17:00:00+07:00,sat,pm,54.76290317986621,9.54811185432137,78,24,2.5135859703128496,ok,,google,0.921710406992205,1.4243218578790944,0.49292826507024984,,True,observed_google
5488117431_5488116534_0,5488117431,5488116534,0,sun_01,2026-06-07T01:00:00+07:00,2026-06-07T01:00:00+07:00,sun,night,54.76290317986621,9.54811185432137,78,24,2.5135859703128496,ok,,google,0.921710406992205,1.4243218578790944,0.49292826507024984,,True,observed_google
5488117431_5488116534_0,5488117431,5488116534,0,sun_07,2026-06-07T07:00:00+07:00,2026-06-07T07:00:00+07:00,sun,am,54.76290317986621,9.54811185432137,78,24,2.5135859703128496,ok,,google,0.921710406992205,1.4243218578790944,0.49292826507024984,,True,observed_google
5488117431_5488116534_0,5488117431,5488116534,0,sun_17,2026-06-07T17:00:00+07:00,2026-06-07T17:00:00+07:00,sun,pm,54.76290317986621,9.54811185432137,78,24,2.5135859703128496,ok,,google,0.921710406992205,1.4243218578790944,0.49292826507024984,,True,observed_google
2016370371_5456175441_0,2016370371,5456175441,0,mon_01,2026-06-01T01:00:00+07:00,2026-06-08T01:00:00+07:00,mon,night,73.66994343289785,12.844623264192604,74,24,1.8684860977515487,ok,,google,0.6251285295900859,1.0044802066042413,0.99109944583754,,True,observed_google
2016370371_5456175441_0,2016370371,5456175441,0,mon_07,2026-06-01T07:00:00+07:00,2026-06-01T07:00:00+07:00,mon,am,73.66994343289785,12.844623264192604,74,24,1.8684860977515487,ok,,google,0.6251285295900859,1.0044802066042413,0.99109944583754,,True,observed_google
2016370371_5456175441_0,2016370371,5456175441,0,mon_17,2026-06-01T17:00:00+07:00,2026-06-01T17:00:00+07:00,mon,pm,73.66994343289785,12.844623264192604,74,24,1.8684860977515487,ok,,google,0.6251285295900859,1.0044802066042413,0.99109944583754,,True,observed_google
2016370371_5456175441_0,2016370371,5456175441,0,tue_01,2026-06-02T01:00:00+07:00,2026-06-02T01:00:00+07:00,tue,night,73.66994343289785,12.844623264192604,74,24,1.8684860977515487,ok,,google,0.6251285295900859,1.0044802066042413,0.99109944583754,,True,observed_google
2016370371_5456175441_0,2016370371,5456175441,0,tue_07,2026-06-02T07:00:00+07:00,2026-06-02T07:00:00+07:00,tue,am,73.66994343289785,12.844623264192604,74,24,1.8684860977515487,ok,,google,0.6251285295900859,1.0044802066042413,0.99109944583754,,True,observed_google
2016370371_5456175441_0,2016370371,5456175441,0,tue_17,2026-06-02T17:00:00+07:00,2026-06-02T17:00:00+07:00,tue,pm,73.66994343289785,12.844623264192604,74,24,1.8684860977515487,ok,,google,0.6251285295900859,1.0044802066042413,0.99109944583754,,True,observed_google
2016370371_5456175441_0,2016370371,5456175441,0,wed_01,2026-06-03T01:00:00+07:00,2026-06-03T01:00:00+07:00,wed,night,73.66994343289785,12.844623264192604,74,24,1.8684860977515487,ok,,google,0.6251285295900859,1.0044802066042413,0.99109944583754,,True,observed_google
2016370371_5456175441_0,2016370371,5456175441,0,wed_07,2026-06-03T07:00:00+07:00,2026-06-03T07:00:00+07:00,wed,am,73.66994343289785,12.844623264192604,74,24,1.8684860977515487,ok,,google,0.6251285295900859,1.0044802066042413,0.99109944583754,,True,observed_google
2016370371_5456175441_0,2016370371,5456175441,0,wed_17,2026-06-03T17:00:00+07:00,2026-06-03T17:00:00+07:00,wed,pm,73.66994343289785,12.844623264192604,74,24,1.8684860977515487,ok,,google,0.6251285295900859,1.0044802066042413,0.99109944583754,,True,observed_google
2016370371_5456175441_0,2016370371,5456175441,0,thu_01,2026-06-04T01:00:00+07:00,2026-06-04T01:00:00+07:00,thu,night,73.66994343289785,12.844623264192604,74,24,1.8684860977515487,ok,,google,0.6251285295900859,1.0044802066042413,0.99109944583754,,True,observed_google
2016370371_5456175441_0,2016370371,5456175441,0,thu_07,2026-06-04T07:00:00+07:00,2026-06-04T07:00:00+07:00,thu,am,73.66994343289785,12.844623264192604,74,24,1.8684860977515487,ok,,google,0.6251285295900859,1.0044802066042413,0.99109944583754,,True,observed_google
2016370371_5456175441_0,2016370371,5456175441,0,thu_17,2026-06-04T17:00:00+07:00,2026-06-04T17:00:00+07:00,thu,pm,73.66994343289785,12.844623264192604,74,24,1.8684860977515487,ok,,google,0.6251285295900859,1.0044802066042413,0.99109944583754,,True,observed_google
2016370371_5456175441_0,2016370371,5456175441,0,fri_01,2026-06-05T01:00:00+07:00,2026-06-05T01:00:00+07:00,fri,night,73.66994343289785,12.844623264192604,74,24,1.8684860977515487,ok,,google,0.6251285295900859,1.0044802066042413,0.99109944583754,,True,observed_google
2016370371_5456175441_0,2016370371,5456175441,0,fri_07,2026-06-05T07:00:00+07:00,2026-06-05T07:00:00+07:00,fri,am,73.66994343289785,12.844623264192604,74,24,1.8684860977515487,ok,,google,0.6251285295900859,1.0044802066042413,0.99109944583754,,True,observed_google
2016370371_5456175441_0,2016370371,5456175441,0,fri_17,2026-06-05T17:00:00+07:00,2026-06-05T17:00:00+07:00,fri,pm,73.66994343289785,12.844623264192604,74,24,1.8684860977515487,ok,,google,0.6251285295900859,1.0044802066042413,0.99109944583754,,True,observed_google
2016370371_5456175441_0,2016370371,5456175441,0,sat_01,2026-06-06T01:00:00+07:00,2026-06-06T01:00:00+07:00,sat,night,73.66994343289785,12.844623264192604,74,24,1.8684860977515487,ok,,google,0.6251285295900859,1.0044802066042413,0.99109944583754,,True,observed_google
2016370371_5456175441_0,2016370371,5456175441,0,sat_07,2026-06-06T07:00:00+07:00,2026-06-06T07:00:00+07:00,sat,am,73.66994343289785,12.844623264192604,74,24,1.8684860977515487,ok,,google,0.6251285295900859,1.0044802066042413,0.99109944583754,,True,observed_google
2016370371_5456175441_0,2016370371,5456175441,0,sat_17,2026-06-06T17:00:00+07:00,2026-06-06T17:00:00+07:00,sat,pm,73.66994343289785,12.844623264192604,74,24,1.8684860977515487,ok,,google,0.6251285295900859,1.0044802066042413,0.99109944583754,,True,observed_google
2016370371_5456175441_0,2016370371,5456175441,0,sun_01,2026-06-07T01:00:00+07:00,2026-06-07T01:00:00+07:00,sun,night,73.66994343289785,12.844623264192604,74,24,1.8684860977515487,ok,,google,0.6251285295900859,1.0044802066042413,0.99109944583754,,True,observed_google
2016370371_5456175441_0,2016370371,5456175441,0,sun_07,2026-06-07T07:00:00+07:00,2026-06-07T07:00:00+07:00,sun,am,73.66994343289785,12.844623264192604,74,24,1.8684860977515487,ok,,google,0.6251285295900859,1.0044802066042413,0.99109944583754,,True,observed_google
2016370371_5456175441_0,2016370371,5456175441,0,sun_17,2026-06-07T17:00:00+07:00,2026-06-07T17:00:00+07:00,sun,pm,73.66994343289785,12.844623264192604,74,24,1.8684860977515487,ok,,google,0.6251285295900859,1.0044802066042413,0.99109944583754,,True,observed_google
5447136689_11507145325_0,5447136689,11507145325,0,mon_01,2026-06-01T01:00:00+07:00,2026-06-08T01:00:00+07:00,mon,night,75.80747843160408,13.217310285425572,84,24,1.815800604035471,ok,,google,0.5965264746107519,1.108070097276583,0.8144520671992799,,True,observed_google
5447136689_11507145325_0,5447136689,11507145325,0,mon_07,2026-06-01T07:00:00+07:00,2026-06-01T07:00:00+07:00,mon,am,75.80747843160408,13.217310285425572,84,24,1.815800604035471,ok,,google,0.5965264746107519,1.108070097276583,0.8144520671992799,,True,observed_google
5447136689_11507145325_0,5447136689,11507145325,0,mon_17,2026-06-01T17:00:00+07:00,2026-06-01T17:00:00+07:00,mon,pm,75.80747843160408,13.217310285425572,84,25,1.891458962536949,ok,,google,0.6373484691310071,1.108070097276583,0.8144520671992799,,True,observed_google
5447136689_11507145325_0,5447136689,11507145325,0,tue_01,2026-06-02T01:00:00+07:00,2026-06-02T01:00:00+07:00,tue,night,75.80747843160408,13.217310285425572,84,24,1.815800604035471,ok,,google,0.5965264746107519,1.108070097276583,0.8144520671992799,,True,observed_google
5447136689_11507145325_0,5447136689,11507145325,0,tue_07,2026-06-02T07:00:00+07:00,2026-06-02T07:00:00+07:00,tue,am,75.80747843160408,13.217310285425572,84,24,1.815800604035471,ok,,google,0.5965264746107519,1.108070097276583,0.8144520671992799,,True,observed_google
5447136689_11507145325_0,5447136689,11507145325,0,tue_17,2026-06-02T17:00:00+07:00,2026-06-02T17:00:00+07:00,tue,pm,75.80747843160408,13.217310285425572,84,24,1.815800604035471,ok,,google,0.5965264746107519,1.108070097276583,0.8144520671992799,,True,observed_google
5447136689_11507145325_0,5447136689,11507145325,0,wed_01,2026-06-03T01:00:00+07:00,2026-06-03T01:00:00+07:00,wed,night,75.80747843160408,13.217310285425572,84,24,1.815800604035471,ok,,google,0.5965264746107519,1.108070097276583,0.8144520671992799,,True,observed_google
5447136689_11507145325_0,5447136689,11507145325,0,wed_07,2026-06-03T07:00:00+07:00,2026-06-03T07:00:00+07:00,wed,am,75.80747843160408,13.217310285425572,84,24,1.815800604035471,ok,,google,0.5965264746107519,1.108070097276583,0.8144520671992799,,True,observed_google
5447136689_11507145325_0,5447136689,11507145325,0,wed_17,2026-06-03T17:00:00+07:00,2026-06-03T17:00:00+07:00,wed,pm,75.80747843160408,13.217310285425572,84,25,1.891458962536949,ok,,google,0.6373484691310071,1.108070097276583,0.8144520671992799,,True,observed_google
5447136689_11507145325_0,5447136689,11507145325,0,thu_01,2026-06-04T01:00:00+07:00,2026-06-04T01:00:00+07:00,thu,night,75.80747843160408,13.217310285425572,84,24,1.815800604035471,ok,,google,0.5965264746107519,1.108070097276583,0.8144520671992799,,True,observed_google
5447136689_11507145325_0,5447136689,11507145325,0,thu_07,2026-06-04T07:00:00+07:00,2026-06-04T07:00:00+07:00,thu,am,75.80747843160408,13.217310285425572,84,24,1.815800604035471,ok,,google,0.5965264746107519,1.108070097276583,0.8144520671992799,,True,observed_google
5447136689_11507145325_0,5447136689,11507145325,0,thu_17,2026-06-04T17:00:00+07:00,2026-06-04T17:00:00+07:00,thu,pm,75.80747843160408,13.217310285425572,84,25,1.891458962536949,ok,,google,0.6373484691310071,1.108070097276583,0.8144520671992799,,True,observed_google
5447136689_11507145325_0,5447136689,11507145325,0,fri_01,2026-06-05T01:00:00+07:00,2026-06-05T01:00:00+07:00,fri,night,75.80747843160408,13.217310285425572,84,24,1.815800604035471,ok,,google,0.5965264746107519,1.108070097276583,0.8144520671992799,,True,observed_google
5447136689_11507145325_0,5447136689,11507145325,0,fri_07,2026-06-05T07:00:00+07:00,2026-06-05T07:00:00+07:00,fri,am,75.80747843160408,13.217310285425572,84,23,1.7401422455339932,ok,,google,0.5539668601919561,1.108070097276583,0.8144520671992799,,True,observed_google
5447136689_11507145325_0,5447136689,11507145325,0,fri_17,2026-06-05T17:00:00+07:00,2026-06-05T17:00:00+07:00,fri,pm,75.80747843160408,13.217310285425572,84,25,1.891458962536949,ok,,google,0.6373484691310071,1.108070097276583,0.8144520671992799,,True,observed_google
5447136689_11507145325_0,5447136689,11507145325,0,sat_01,2026-06-06T01:00:00+07:00,2026-06-06T01:00:00+07:00,sat,night,75.80747843160408,13.217310285425572,84,24,1.815800604035471,ok,,google,0.5965264746107519,1.108070097276583,0.8144520671992799,,True,observed_google
5447136689_11507145325_0,5447136689,11507145325,0,sat_07,2026-06-06T07:00:00+07:00,2026-06-06T07:00:00+07:00,sat,am,75.80747843160408,13.217310285425572,84,23,1.7401422455339932,ok,,google,0.5539668601919561,1.108070097276583,0.8144520671992799,,True,observed_google
5447136689_11507145325_0,5447136689,11507145325,0,sat_17,2026-06-06T17:00:00+07:00,2026-06-06T17:00:00+07:00,sat,pm,75.80747843160408,13.217310285425572,84,25,1.891458962536949,ok,,google,0.6373484691310071,1.108070097276583,0.8144520671992799,,True,observed_google
5447136689_11507145325_0,5447136689,11507145325,0,sun_01,2026-06-07T01:00:00+07:00,2026-06-07T01:00:00+07:00,sun,night,75.80747843160408,13.217310285425572,84,24,1.815800604035471,ok,,google,0.5965264746107519,1.108070097276583,0.8144520671992799,,True,observed_google
5447136689_11507145325_0,5447136689,11507145325,0,sun_07,2026-06-07T07:00:00+07:00,2026-06-07T07:00:00+07:00,sun,am,75.80747843160408,13.217310285425572,84,23,1.7401422455339932,ok,,google,0.5539668601919561,1.108070097276583,0.8144520671992799,,True,observed_google
5447136689_11507145325_0,5447136689,11507145325,0,sun_17,2026-06-07T17:00:00+07:00,2026-06-07T17:00:00+07:00,sun,pm,75.80747843160408,13.217310285425572,84,25,1.891458962536949,ok,,google,0.6373484691310071,1.108070097276583,0.8144520671992799,,True,observed_google
6436583100_5455565512_0,6436583100,5455565512,0,mon_01,2026-06-01T01:00:00+07:00,2026-06-08T01:00:00+07:00,mon,night,103.69784903706334,18.080098098641948,95,22,1.2168075571256158,ok,,google,0.19623067259916283,0.9161231489579443,0.8392816240566199,,True,observed_google
6436583100_5455565512_0,6436583100,5455565512,0,mon_07,2026-06-01T07:00:00+07:00,2026-06-01T07:00:00+07:00,mon,am,103.69784903706334,18.080098098641948,95,22,1.2168075571256158,ok,,google,0.19623067259916283,0.9161231489579443,0.8392816240566199,,True,observed_google
6436583100_5455565512_0,6436583100,5455565512,0,mon_17,2026-06-01T17:00:00+07:00,2026-06-01T17:00:00+07:00,mon,pm,103.69784903706334,18.080098098641948,95,22,1.2168075571256158,ok,,google,0.19623067259916283,0.9161231489579443,0.8392816240566199,,True,observed_google
6436583100_5455565512_0,6436583100,5455565512,0,tue_01,2026-06-02T01:00:00+07:00,2026-06-02T01:00:00+07:00,tue,night,103.69784903706334,18.080098098641948,95,22,1.2168075571256158,ok,,google,0.19623067259916283,0.9161231489579443,0.8392816240566199,,True,observed_google
6436583100_5455565512_0,6436583100,5455565512,0,tue_07,2026-06-02T07:00:00+07:00,2026-06-02T07:00:00+07:00,tue,am,103.69784903706334,18.080098098641948,95,22,1.2168075571256158,ok,,google,0.19623067259916283,0.9161231489579443,0.8392816240566199,,True,observed_google
6436583100_5455565512_0,6436583100,5455565512,0,tue_17,2026-06-02T17:00:00+07:00,2026-06-02T17:00:00+07:00,tue,pm,103.69784903706334,18.080098098641948,95,22,1.2168075571256158,ok,,google,0.19623067259916283,0.9161231489579443,0.8392816240566199,,True,observed_google
6436583100_5455565512_0,6436583100,5455565512,0,wed_01,2026-06-03T01:00:00+07:00,2026-06-03T01:00:00+07:00,wed,night,103.69784903706334,18.080098098641948,95,22,1.2168075571256158,ok,,google,0.19623067259916283,0.9161231489579443,0.8392816240566199,,True,observed_google
6436583100_5455565512_0,6436583100,5455565512,0,wed_07,2026-06-03T07:00:00+07:00,2026-06-03T07:00:00+07:00,wed,am,103.69784903706334,18.080098098641948,95,22,1.2168075571256158,ok,,google,0.19623067259916283,0.9161231489579443,0.8392816240566199,,True,observed_google
6436583100_5455565512_0,6436583100,5455565512,0,wed_17,2026-06-03T17:00:00+07:00,2026-06-03T17:00:00+07:00,wed,pm,103.69784903706334,18.080098098641948,95,22,1.2168075571256158,ok,,google,0.19623067259916283,0.9161231489579443,0.8392816240566199,,True,observed_google
6436583100_5455565512_0,6436583100,5455565512,0,thu_01,2026-06-04T01:00:00+07:00,2026-06-04T01:00:00+07:00,thu,night,103.69784903706334,18.080098098641948,95,22,1.2168075571256158,ok,,google,0.19623067259916283,0.9161231489579443,0.8392816240566199,,True,observed_google
6436583100_5455565512_0,6436583100,5455565512,0,thu_07,2026-06-04T07:00:00+07:00,2026-06-04T07:00:00+07:00,thu,am,103.69784903706334,18.080098098641948,95,22,1.2168075571256158,ok,,google,0.19623067259916283,0.9161231489579443,0.8392816240566199,,True,observed_google
6436583100_5455565512_0,6436583100,5455565512,0,thu_17,2026-06-04T17:00:00+07:00,2026-06-04T17:00:00+07:00,thu,pm,103.69784903706334,18.080098098641948,95,22,1.2168075571256158,ok,,google,0.19623067259916283,0.9161231489579443,0.8392816240566199,,True,observed_google
6436583100_5455565512_0,6436583100,5455565512,0,fri_01,2026-06-05T01:00:00+07:00,2026-06-05T01:00:00+07:00,fri,night,103.69784903706334,18.080098098641948,95,22,1.2168075571256158,ok,,google,0.19623067259916283,0.9161231489579443,0.8392816240566199,,True,observed_google
6436583100_5455565512_0,6436583100,5455565512,0,fri_07,2026-06-05T07:00:00+07:00,2026-06-05T07:00:00+07:00,fri,am,103.69784903706334,18.080098098641948,95,22,1.2168075571256158,ok,,google,0.19623067259916283,0.9161231489579443,0.8392816240566199,,True,observed_google
6436583100_5455565512_0,6436583100,5455565512,0,fri_17,2026-06-05T17:00:00+07:00,2026-06-05T17:00:00+07:00,fri,pm,103.69784903706334,18.080098098641948,95,22,1.2168075571256158,ok,,google,0.19623067259916283,0.9161231489579443,0.8392816240566199,,True,observed_google
6436583100_5455565512_0,6436583100,5455565512,0,sat_01,2026-06-06T01:00:00+07:00,2026-06-06T01:00:00+07:00,sat,night,103.69784903706334,18.080098098641948,95,22,1.2168075571256158,ok,,google,0.19623067259916283,0.9161231489579443,0.8392816240566199,,True,observed_google
6436583100_5455565512_0,6436583100,5455565512,0,sat_07,2026-06-06T07:00:00+07:00,2026-06-06T07:00:00+07:00,sat,am,103.69784903706334,18.080098098641948,95,22,1.2168075571256158,ok,,google,0.19623067259916283,0.9161231489579443,0.8392816240566199,,True,observed_google
6436583100_5455565512_0,6436583100,5455565512,0,sat_17,2026-06-06T17:00:00+07:00,2026-06-06T17:00:00+07:00,sat,pm,103.69784903706334,18.080098098641948,95,22,1.2168075571256158,ok,,google,0.19623067259916283,0.9161231489579443,0.8392816240566199,,True,observed_google
6436583100_5455565512_0,6436583100,5455565512,0,sun_01,2026-06-07T01:00:00+07:00,2026-06-07T01:00:00+07:00,sun,night,103.69784903706334,18.080098098641948,95,22,1.2168075571256158,ok,,google,0.19623067259916283,0.9161231489579443,0.8392816240566199,,True,observed_google
6436583100_5455565512_0,6436583100,5455565512,0,sun_07,2026-06-07T07:00:00+07:00,2026-06-07T07:00:00+07:00,sun,am,103.69784903706334,18.080098098641948,95,22,1.2168075571256158,ok,,google,0.19623067259916283,0.9161231489579443,0.8392816240566199,,True,observed_google
6436583100_5455565512_0,6436583100,5455565512,0,sun_17,2026-06-07T17:00:00+07:00,2026-06-07T17:00:00+07:00,sun,pm,103.69784903706334,18.080098098641948,95,22,1.2168075571256158,ok,,google,0.19623067259916283,0.9161231489579443,0.8392816240566199,,True,observed_google
5346063802_5346063799_0,5346063802,5346063799,0,mon_01,2026-06-01T01:00:00+07:00,2026-06-08T01:00:00+07:00,mon,night,50.26896597228107,8.764577515694576,51,21,2.396008245964585,ok,,google,0.873804121801782,1.0145424520592292,0.9715374624845647,,True,observed_google
5346063802_5346063799_0,5346063802,5346063799,0,mon_07,2026-06-01T07:00:00+07:00,2026-06-01T07:00:00+07:00,mon,am,50.26896597228107,8.764577515694576,51,21,2.396008245964585,ok,,google,0.873804121801782,1.0145424520592292,0.9715374624845647,,True,observed_google
5346063802_5346063799_0,5346063802,5346063799,0,mon_17,2026-06-01T17:00:00+07:00,2026-06-01T17:00:00+07:00,mon,pm,50.26896597228107,8.764577515694576,51,21,2.396008245964585,ok,,google,0.873804121801782,1.0145424520592292,0.9715374624845647,,True,observed_google
5346063802_5346063799_0,5346063802,5346063799,0,tue_01,2026-06-02T01:00:00+07:00,2026-06-02T01:00:00+07:00,tue,night,50.26896597228107,8.764577515694576,51,21,2.396008245964585,ok,,google,0.873804121801782,1.0145424520592292,0.9715374624845647,,True,observed_google
5346063802_5346063799_0,5346063802,5346063799,0,tue_07,2026-06-02T07:00:00+07:00,2026-06-02T07:00:00+07:00,tue,am,50.26896597228107,8.764577515694576,51,21,2.396008245964585,ok,,google,0.873804121801782,1.0145424520592292,0.9715374624845647,,True,observed_google
5346063802_5346063799_0,5346063802,5346063799,0,tue_17,2026-06-02T17:00:00+07:00,2026-06-02T17:00:00+07:00,tue,pm,50.26896597228107,8.764577515694576,51,21,2.396008245964585,ok,,google,0.873804121801782,1.0145424520592292,0.9715374624845647,,True,observed_google
5346063802_5346063799_0,5346063802,5346063799,0,wed_01,2026-06-03T01:00:00+07:00,2026-06-03T01:00:00+07:00,wed,night,50.26896597228107,8.764577515694576,51,21,2.396008245964585,ok,,google,0.873804121801782,1.0145424520592292,0.9715374624845647,,True,observed_google
5346063802_5346063799_0,5346063802,5346063799,0,wed_07,2026-06-03T07:00:00+07:00,2026-06-03T07:00:00+07:00,wed,am,50.26896597228107,8.764577515694576,51,21,2.396008245964585,ok,,google,0.873804121801782,1.0145424520592292,0.9715374624845647,,True,observed_google
5346063802_5346063799_0,5346063802,5346063799,0,wed_17,2026-06-03T17:00:00+07:00,2026-06-03T17:00:00+07:00,wed,pm,50.26896597228107,8.764577515694576,51,21,2.396008245964585,ok,,google,0.873804121801782,1.0145424520592292,0.9715374624845647,,True,observed_google
5346063802_5346063799_0,5346063802,5346063799,0,thu_01,2026-06-04T01:00:00+07:00,2026-06-04T01:00:00+07:00,thu,night,50.26896597228107,8.764577515694576,51,21,2.396008245964585,ok,,google,0.873804121801782,1.0145424520592292,0.9715374624845647,,True,observed_google
5346063802_5346063799_0,5346063802,5346063799,0,thu_07,2026-06-04T07:00:00+07:00,2026-06-04T07:00:00+07:00,thu,am,50.26896597228107,8.764577515694576,51,21,2.396008245964585,ok,,google,0.873804121801782,1.0145424520592292,0.9715374624845647,,True,observed_google
5346063802_5346063799_0,5346063802,5346063799,0,thu_17,2026-06-04T17:00:00+07:00,2026-06-04T17:00:00+07:00,thu,pm,50.26896597228107,8.764577515694576,51,21,2.396008245964585,ok,,google,0.873804121801782,1.0145424520592292,0.9715374624845647,,True,observed_google
5346063802_5346063799_0,5346063802,5346063799,0,fri_01,2026-06-05T01:00:00+07:00,2026-06-05T01:00:00+07:00,fri,night,50.26896597228107,8.764577515694576,51,21,2.396008245964585,ok,,google,0.873804121801782,1.0145424520592292,0.9715374624845647,,True,observed_google
5346063802_5346063799_0,5346063802,5346063799,0,fri_07,2026-06-05T07:00:00+07:00,2026-06-05T07:00:00+07:00,fri,am,50.26896597228107,8.764577515694576,51,21,2.396008245964585,ok,,google,0.873804121801782,1.0145424520592292,0.9715374624845647,,True,observed_google
5346063802_5346063799_0,5346063802,5346063799,0,fri_17,2026-06-05T17:00:00+07:00,2026-06-05T17:00:00+07:00,fri,pm,50.26896597228107,8.764577515694576,51,21,2.396008245964585,ok,,google,0.873804121801782,1.0145424520592292,0.9715374624845647,,True,observed_google
5346063802_5346063799_0,5346063802,5346063799,0,sat_01,2026-06-06T01:00:00+07:00,2026-06-06T01:00:00+07:00,sat,night,50.26896597228107,8.764577515694576,51,21,2.396008245964585,ok,,google,0.873804121801782,1.0145424520592292,0.9715374624845647,,True,observed_google
5346063802_5346063799_0,5346063802,5346063799,0,sat_07,2026-06-06T07:00:00+07:00,2026-06-06T07:00:00+07:00,sat,am,50.26896597228107,8.764577515694576,51,21,2.396008245964585,ok,,google,0.873804121801782,1.0145424520592292,0.9715374624845647,,True,observed_google
5346063802_5346063799_0,5346063802,5346063799,0,sat_17,2026-06-06T17:00:00+07:00,2026-06-06T17:00:00+07:00,sat,pm,50.26896597228107,8.764577515694576,51,21,2.396008245964585,ok,,google,0.873804121801782,1.0145424520592292,0.9715374624845647,,True,observed_google
5346063802_5346063799_0,5346063802,5346063799,0,sun_01,2026-06-07T01:00:00+07:00,2026-06-07T01:00:00+07:00,sun,night,50.26896597228107,8.764577515694576,51,21,2.396008245964585,ok,,google,0.873804121801782,1.0145424520592292,0.9715374624845647,,True,observed_google
5346063802_5346063799_0,5346063802,5346063799,0,sun_07,2026-06-07T07:00:00+07:00,2026-06-07T07:00:00+07:00,sun,am,50.26896597228107,8.764577515694576,51,21,2.396008245964585,ok,,google,0.873804121801782,1.0145424520592292,0.9715374624845647,,True,observed_google
5346063802_5346063799_0,5346063802,5346063799,0,sun_17,2026-06-07T17:00:00+07:00,2026-06-07T17:00:00+07:00,sun,pm,50.26896597228107,8.764577515694576,51,21,2.396008245964585,ok,,google,0.873804121801782,1.0145424520592292,0.9715374624845647,,True,observed_google
5354200632_5354200633_0,5354200632,5354200633,0,mon_01,2026-06-01T01:00:00+07:00,2026-06-08T01:00:00+07:00,mon,night,71.36890288424246,12.44342845412694,85,27,2.169820005759368,ok,,google,0.7746442174574352,1.1909949090553718,0.7049855084983295,,True,observed_google
5354200632_5354200633_0,5354200632,5354200633,0,mon_07,2026-06-01T07:00:00+07:00,2026-06-01T07:00:00+07:00,mon,am,71.36890288424246,12.44342845412694,85,27,2.169820005759368,ok,,google,0.7746442174574352,1.1909949090553718,0.7049855084983295,,True,observed_google
5354200632_5354200633_0,5354200632,5354200633,0,mon_17,2026-06-01T17:00:00+07:00,2026-06-01T17:00:00+07:00,mon,pm,71.36890288424246,12.44342845412694,85,27,2.169820005759368,ok,,google,0.7746442174574352,1.1909949090553718,0.7049855084983295,,True,observed_google
5354200632_5354200633_0,5354200632,5354200633,0,tue_01,2026-06-02T01:00:00+07:00,2026-06-02T01:00:00+07:00,tue,night,71.36890288424246,12.44342845412694,85,27,2.169820005759368,ok,,google,0.7746442174574352,1.1909949090553718,0.7049855084983295,,True,observed_google
5354200632_5354200633_0,5354200632,5354200633,0,tue_07,2026-06-02T07:00:00+07:00,2026-06-02T07:00:00+07:00,tue,am,71.36890288424246,12.44342845412694,85,27,2.169820005759368,ok,,google,0.7746442174574352,1.1909949090553718,0.7049855084983295,,True,observed_google
5354200632_5354200633_0,5354200632,5354200633,0,tue_17,2026-06-02T17:00:00+07:00,2026-06-02T17:00:00+07:00,tue,pm,71.36890288424246,12.44342845412694,85,27,2.169820005759368,ok,,google,0.7746442174574352,1.1909949090553718,0.7049855084983295,,True,observed_google
5354200632_5354200633_0,5354200632,5354200633,0,wed_01,2026-06-03T01:00:00+07:00,2026-06-03T01:00:00+07:00,wed,night,71.36890288424246,12.44342845412694,85,27,2.169820005759368,ok,,google,0.7746442174574352,1.1909949090553718,0.7049855084983295,,True,observed_google
5354200632_5354200633_0,5354200632,5354200633,0,wed_07,2026-06-03T07:00:00+07:00,2026-06-03T07:00:00+07:00,wed,am,71.36890288424246,12.44342845412694,85,27,2.169820005759368,ok,,google,0.7746442174574352,1.1909949090553718,0.7049855084983295,,True,observed_google
5354200632_5354200633_0,5354200632,5354200633,0,wed_17,2026-06-03T17:00:00+07:00,2026-06-03T17:00:00+07:00,wed,pm,71.36890288424246,12.44342845412694,85,27,2.169820005759368,ok,,google,0.7746442174574352,1.1909949090553718,0.7049855084983295,,True,observed_google
5354200632_5354200633_0,5354200632,5354200633,0,thu_01,2026-06-04T01:00:00+07:00,2026-06-04T01:00:00+07:00,thu,night,71.36890288424246,12.44342845412694,85,27,2.169820005759368,ok,,google,0.7746442174574352,1.1909949090553718,0.7049855084983295,,True,observed_google
5354200632_5354200633_0,5354200632,5354200633,0,thu_07,2026-06-04T07:00:00+07:00,2026-06-04T07:00:00+07:00,thu,am,71.36890288424246,12.44342845412694,85,27,2.169820005759368,ok,,google,0.7746442174574352,1.1909949090553718,0.7049855084983295,,True,observed_google
5354200632_5354200633_0,5354200632,5354200633,0,thu_17,2026-06-04T17:00:00+07:00,2026-06-04T17:00:00+07:00,thu,pm,71.36890288424246,12.44342845412694,85,27,2.169820005759368,ok,,google,0.7746442174574352,1.1909949090553718,0.7049855084983295,,True,observed_google
5354200632_5354200633_0,5354200632,5354200633,0,fri_01,2026-06-05T01:00:00+07:00,2026-06-05T01:00:00+07:00,fri,night,71.36890288424246,12.44342845412694,85,27,2.169820005759368,ok,,google,0.7746442174574352,1.1909949090553718,0.7049855084983295,,True,observed_google
5354200632_5354200633_0,5354200632,5354200633,0,fri_07,2026-06-05T07:00:00+07:00,2026-06-05T07:00:00+07:00,fri,am,71.36890288424246,12.44342845412694,85,27,2.169820005759368,ok,,google,0.7746442174574352,1.1909949090553718,0.7049855084983295,,True,observed_google
5354200632_5354200633_0,5354200632,5354200633,0,fri_17,2026-06-05T17:00:00+07:00,2026-06-05T17:00:00+07:00,fri,pm,71.36890288424246,12.44342845412694,85,27,2.169820005759368,ok,,google,0.7746442174574352,1.1909949090553718,0.7049855084983295,,True,observed_google
5354200632_5354200633_0,5354200632,5354200633,0,sat_01,2026-06-06T01:00:00+07:00,2026-06-06T01:00:00+07:00,sat,night,71.36890288424246,12.44342845412694,85,27,2.169820005759368,ok,,google,0.7746442174574352,1.1909949090553718,0.7049855084983295,,True,observed_google
5354200632_5354200633_0,5354200632,5354200633,0,sat_07,2026-06-06T07:00:00+07:00,2026-06-06T07:00:00+07:00,sat,am,71.36890288424246,12.44342845412694,85,27,2.169820005759368,ok,,google,0.7746442174574352,1.1909949090553718,0.7049855084983295,,True,observed_google
5354200632_5354200633_0,5354200632,5354200633,0,sat_17,2026-06-06T17:00:00+07:00,2026-06-06T17:00:00+07:00,sat,pm,71.36890288424246,12.44342845412694,85,27,2.169820005759368,ok,,google,0.7746442174574352,1.1909949090553718,0.7049855084983295,,True,observed_google
5354200632_5354200633_0,5354200632,5354200633,0,sun_01,2026-06-07T01:00:00+07:00,2026-06-07T01:00:00+07:00,sun,night,71.36890288424246,12.44342845412694,85,27,2.169820005759368,ok,,google,0.7746442174574352,1.1909949090553718,0.7049855084983295,,True,observed_google
5354200632_5354200633_0,5354200632,5354200633,0,sun_07,2026-06-07T07:00:00+07:00,2026-06-07T07:00:00+07:00,sun,am,71.36890288424246,12.44342845412694,85,27,2.169820005759368,ok,,google,0.7746442174574352,1.1909949090553718,0.7049855084983295,,True,observed_google
5354200632_5354200633_0,5354200632,5354200633,0,sun_17,2026-06-07T17:00:00+07:00,2026-06-07T17:00:00+07:00,sun,pm,71.36890288424246,12.44342845412694,85,27,2.169820005759368,ok,,google,0.7746442174574352,1.1909949090553718,0.7049855084983295,,True,observed_google
5059523327_5458147981_0,5059523327,5458147981,0,mon_01,2026-06-01T01:00:00+07:00,2026-06-08T01:00:00+07:00,mon,night,121.1654381273769,21.12563594954529,118,32,1.514747299273079,ok,,google,0.41524862588912176,0.9738750738139601,0.9484326593961462,,True,observed_google
5059523327_5458147981_0,5059523327,5458147981,0,mon_07,2026-06-01T07:00:00+07:00,2026-06-01T07:00:00+07:00,mon,am,121.1654381273769,21.12563594954529,118,32,1.514747299273079,ok,,google,0.41524862588912176,0.9738750738139601,0.9484326593961462,,True,observed_google
5059523327_5458147981_0,5059523327,5458147981,0,mon_17,2026-06-01T17:00:00+07:00,2026-06-01T17:00:00+07:00,mon,pm,121.1654381273769,21.12563594954529,118,32,1.514747299273079,ok,,google,0.41524862588912176,0.9738750738139601,0.9484326593961462,,True,observed_google
5059523327_5458147981_0,5059523327,5458147981,0,tue_01,2026-06-02T01:00:00+07:00,2026-06-02T01:00:00+07:00,tue,night,121.1654381273769,21.12563594954529,118,32,1.514747299273079,ok,,google,0.41524862588912176,0.9738750738139601,0.9484326593961462,,True,observed_google
5059523327_5458147981_0,5059523327,5458147981,0,tue_07,2026-06-02T07:00:00+07:00,2026-06-02T07:00:00+07:00,tue,am,121.1654381273769,21.12563594954529,118,32,1.514747299273079,ok,,google,0.41524862588912176,0.9738750738139601,0.9484326593961462,,True,observed_google
5059523327_5458147981_0,5059523327,5458147981,0,tue_17,2026-06-02T17:00:00+07:00,2026-06-02T17:00:00+07:00,tue,pm,121.1654381273769,21.12563594954529,118,32,1.514747299273079,ok,,google,0.41524862588912176,0.9738750738139601,0.9484326593961462,,True,observed_google
5059523327_5458147981_0,5059523327,5458147981,0,wed_01,2026-06-03T01:00:00+07:00,2026-06-03T01:00:00+07:00,wed,night,121.1654381273769,21.12563594954529,118,32,1.514747299273079,ok,,google,0.41524862588912176,0.9738750738139601,0.9484326593961462,,True,observed_google
5059523327_5458147981_0,5059523327,5458147981,0,wed_07,2026-06-03T07:00:00+07:00,2026-06-03T07:00:00+07:00,wed,am,121.1654381273769,21.12563594954529,118,32,1.514747299273079,ok,,google,0.41524862588912176,0.9738750738139601,0.9484326593961462,,True,observed_google
5059523327_5458147981_0,5059523327,5458147981,0,wed_17,2026-06-03T17:00:00+07:00,2026-06-03T17:00:00+07:00,wed,pm,121.1654381273769,21.12563594954529,118,32,1.514747299273079,ok,,google,0.41524862588912176,0.9738750738139601,0.9484326593961462,,True,observed_google
5059523327_5458147981_0,5059523327,5458147981,0,thu_01,2026-06-04T01:00:00+07:00,2026-06-04T01:00:00+07:00,thu,night,121.1654381273769,21.12563594954529,118,32,1.514747299273079,ok,,google,0.41524862588912176,0.9738750738139601,0.9484326593961462,,True,observed_google
5059523327_5458147981_0,5059523327,5458147981,0,thu_07,2026-06-04T07:00:00+07:00,2026-06-04T07:00:00+07:00,thu,am,121.1654381273769,21.12563594954529,118,32,1.514747299273079,ok,,google,0.41524862588912176,0.9738750738139601,0.9484326593961462,,True,observed_google
5059523327_5458147981_0,5059523327,5458147981,0,thu_17,2026-06-04T17:00:00+07:00,2026-06-04T17:00:00+07:00,thu,pm,121.1654381273769,21.12563594954529,118,32,1.514747299273079,ok,,google,0.41524862588912176,0.9738750738139601,0.9484326593961462,,True,observed_google
5059523327_5458147981_0,5059523327,5458147981,0,fri_01,2026-06-05T01:00:00+07:00,2026-06-05T01:00:00+07:00,fri,night,121.1654381273769,21.12563594954529,118,32,1.514747299273079,ok,,google,0.41524862588912176,0.9738750738139601,0.9484326593961462,,True,observed_google
5059523327_5458147981_0,5059523327,5458147981,0,fri_07,2026-06-05T07:00:00+07:00,2026-06-05T07:00:00+07:00,fri,am,121.1654381273769,21.12563594954529,118,32,1.514747299273079,ok,,google,0.41524862588912176,0.9738750738139601,0.9484326593961462,,True,observed_google
5059523327_5458147981_0,5059523327,5458147981,0,fri_17,2026-06-05T17:00:00+07:00,2026-06-05T17:00:00+07:00,fri,pm,121.1654381273769,21.12563594954529,118,32,1.514747299273079,ok,,google,0.41524862588912176,0.9738750738139601,0.9484326593961462,,True,observed_google
5059523327_5458147981_0,5059523327,5458147981,0,sat_01,2026-06-06T01:00:00+07:00,2026-06-06T01:00:00+07:00,sat,night,121.1654381273769,21.12563594954529,118,32,1.514747299273079,ok,,google,0.41524862588912176,0.9738750738139601,0.9484326593961462,,True,observed_google
5059523327_5458147981_0,5059523327,5458147981,0,sat_07,2026-06-06T07:00:00+07:00,2026-06-06T07:00:00+07:00,sat,am,121.1654381273769,21.12563594954529,118,32,1.514747299273079,ok,,google,0.41524862588912176,0.9738750738139601,0.9484326593961462,,True,observed_google
5059523327_5458147981_0,5059523327,5458147981,0,sat_17,2026-06-06T17:00:00+07:00,2026-06-06T17:00:00+07:00,sat,pm,121.1654381273769,21.12563594954529,118,32,1.514747299273079,ok,,google,0.41524862588912176,0.9738750738139601,0.9484326593961462,,True,observed_google
5059523327_5458147981_0,5059523327,5458147981,0,sun_01,2026-06-07T01:00:00+07:00,2026-06-07T01:00:00+07:00,sun,night,121.1654381273769,21.12563594954529,118,32,1.514747299273079,ok,,google,0.41524862588912176,0.9738750738139601,0.9484326593961462,,True,observed_google
5059523327_5458147981_0,5059523327,5458147981,0,sun_07,2026-06-07T07:00:00+07:00,2026-06-07T07:00:00+07:00,sun,am,121.1654381273769,21.12563594954529,118,32,1.514747299273079,ok,,google,0.41524862588912176,0.9738750738139601,0.9484326593961462,,True,observed_google
5059523327_5458147981_0,5059523327,5458147981,0,sun_17,2026-06-07T17:00:00+07:00,2026-06-07T17:00:00+07:00,sun,pm,121.1654381273769,21.12563594954529,118,32,1.514747299273079,ok,,google,0.41524862588912176,0.9738750738139601,0.9484326593961462,,True,observed_google
6385743749_5460792600_0,6385743749,5460792600,0,mon_01,2026-06-01T01:00:00+07:00,2026-06-08T01:00:00+07:00,mon,night,129.37438169805498,22.556895193804337,127,38,1.6846290091571376,ok,,google,0.5215453669557384,0.9816472035120793,0.9636312321630858,,True,observed_google
6385743749_5460792600_0,6385743749,5460792600,0,mon_07,2026-06-01T07:00:00+07:00,2026-06-01T07:00:00+07:00,mon,am,129.37438169805498,22.556895193804337,127,38,1.6846290091571376,ok,,google,0.5215453669557384,0.9816472035120793,0.9636312321630858,,True,observed_google
6385743749_5460792600_0,6385743749,5460792600,0,mon_17,2026-06-01T17:00:00+07:00,2026-06-01T17:00:00+07:00,mon,pm,129.37438169805498,22.556895193804337,127,38,1.6846290091571376,ok,,google,0.5215453669557384,0.9816472035120793,0.9636312321630858,,True,observed_google
6385743749_5460792600_0,6385743749,5460792600,0,tue_01,2026-06-02T01:00:00+07:00,2026-06-02T01:00:00+07:00,tue,night,129.37438169805498,22.556895193804337,127,38,1.6846290091571376,ok,,google,0.5215453669557384,0.9816472035120793,0.9636312321630858,,True,observed_google
6385743749_5460792600_0,6385743749,5460792600,0,tue_07,2026-06-02T07:00:00+07:00,2026-06-02T07:00:00+07:00,tue,am,129.37438169805498,22.556895193804337,127,38,1.6846290091571376,ok,,google,0.5215453669557384,0.9816472035120793,0.9636312321630858,,True,observed_google
6385743749_5460792600_0,6385743749,5460792600,0,tue_17,2026-06-02T17:00:00+07:00,2026-06-02T17:00:00+07:00,tue,pm,129.37438169805498,22.556895193804337,127,38,1.6846290091571376,ok,,google,0.5215453669557384,0.9816472035120793,0.9636312321630858,,True,observed_google
6385743749_5460792600_0,6385743749,5460792600,0,wed_01,2026-06-03T01:00:00+07:00,2026-06-03T01:00:00+07:00,wed,night,129.37438169805498,22.556895193804337,127,38,1.6846290091571376,ok,,google,0.5215453669557384,0.9816472035120793,0.9636312321630858,,True,observed_google
6385743749_5460792600_0,6385743749,5460792600,0,wed_07,2026-06-03T07:00:00+07:00,2026-06-03T07:00:00+07:00,wed,am,129.37438169805498,22.556895193804337,127,38,1.6846290091571376,ok,,google,0.5215453669557384,0.9816472035120793,0.9636312321630858,,True,observed_google
6385743749_5460792600_0,6385743749,5460792600,0,wed_17,2026-06-03T17:00:00+07:00,2026-06-03T17:00:00+07:00,wed,pm,129.37438169805498,22.556895193804337,127,38,1.6846290091571376,ok,,google,0.5215453669557384,0.9816472035120793,0.9636312321630858,,True,observed_google
6385743749_5460792600_0,6385743749,5460792600,0,thu_01,2026-06-04T01:00:00+07:00,2026-06-04T01:00:00+07:00,thu,night,129.37438169805498,22.556895193804337,127,38,1.6846290091571376,ok,,google,0.5215453669557384,0.9816472035120793,0.9636312321630858,,True,observed_google
6385743749_5460792600_0,6385743749,5460792600,0,thu_07,2026-06-04T07:00:00+07:00,2026-06-04T07:00:00+07:00,thu,am,129.37438169805498,22.556895193804337,127,38,1.6846290091571376,ok,,google,0.5215453669557384,0.9816472035120793,0.9636312321630858,,True,observed_google
6385743749_5460792600_0,6385743749,5460792600,0,thu_17,2026-06-04T17:00:00+07:00,2026-06-04T17:00:00+07:00,thu,pm,129.37438169805498,22.556895193804337,127,38,1.6846290091571376,ok,,google,0.5215453669557384,0.9816472035120793,0.9636312321630858,,True,observed_google
6385743749_5460792600_0,6385743749,5460792600,0,fri_01,2026-06-05T01:00:00+07:00,2026-06-05T01:00:00+07:00,fri,night,129.37438169805498,22.556895193804337,127,38,1.6846290091571376,ok,,google,0.5215453669557384,0.9816472035120793,0.9636312321630858,,True,observed_google
6385743749_5460792600_0,6385743749,5460792600,0,fri_07,2026-06-05T07:00:00+07:00,2026-06-05T07:00:00+07:00,fri,am,129.37438169805498,22.556895193804337,127,38,1.6846290091571376,ok,,google,0.5215453669557384,0.9816472035120793,0.9636312321630858,,True,observed_google
6385743749_5460792600_0,6385743749,5460792600,0,fri_17,2026-06-05T17:00:00+07:00,2026-06-05T17:00:00+07:00,fri,pm,129.37438169805498,22.556895193804337,127,38,1.6846290091571376,ok,,google,0.5215453669557384,0.9816472035120793,0.9636312321630858,,True,observed_google
6385743749_5460792600_0,6385743749,5460792600,0,sat_01,2026-06-06T01:00:00+07:00,2026-06-06T01:00:00+07:00,sat,night,129.37438169805498,22.556895193804337,127,38,1.6846290091571376,ok,,google,0.5215453669557384,0.9816472035120793,0.9636312321630858,,True,observed_google
6385743749_5460792600_0,6385743749,5460792600,0,sat_07,2026-06-06T07:00:00+07:00,2026-06-06T07:00:00+07:00,sat,am,129.37438169805498,22.556895193804337,127,38,1.6846290091571376,ok,,google,0.5215453669557384,0.9816472035120793,0.9636312321630858,,True,observed_google
6385743749_5460792600_0,6385743749,5460792600,0,sat_17,2026-06-06T17:00:00+07:00,2026-06-06T17:00:00+07:00,sat,pm,129.37438169805498,22.556895193804337,127,38,1.6846290091571376,ok,,google,0.5215453669557384,0.9816472035120793,0.9636312321630858,,True,observed_google
6385743749_5460792600_0,6385743749,5460792600,0,sun_01,2026-06-07T01:00:00+07:00,2026-06-07T01:00:00+07:00,sun,night,129.37438169805498,22.556895193804337,127,38,1.6846290091571376,ok,,google,0.5215453669557384,0.9816472035120793,0.9636312321630858,,True,observed_google
6385743749_5460792600_0,6385743749,5460792600,0,sun_07,2026-06-07T07:00:00+07:00,2026-06-07T07:00:00+07:00,sun,am,129.37438169805498,22.556895193804337,127,38,1.6846290091571376,ok,,google,0.5215453669557384,0.9816472035120793,0.9636312321630858,,True,observed_google
6385743749_5460792600_0,6385743749,5460792600,0,sun_17,2026-06-07T17:00:00+07:00,2026-06-07T17:00:00+07:00,sun,pm,129.37438169805498,22.556895193804337,127,38,1.6846290091571376,ok,,google,0.5215453669557384,0.9816472035120793,0.9636312321630858,,True,observed_google
5355819050_7283790973_0,5355819050,7283790973,0,mon_01,2026-06-01T01:00:00+07:00,2026-06-08T01:00:00+07:00,mon,night,101.98653406253982,17.781724092774176,76,26,1.4621754259793864,ok,,google,0.3799253445392904,0.7451964192978218,0.555317703334295,,True,observed_google
5355819050_7283790973_0,5355819050,7283790973,0,mon_07,2026-06-01T07:00:00+07:00,2026-06-01T07:00:00+07:00,mon,am,101.98653406253982,17.781724092774176,76,26,1.4621754259793864,ok,,google,0.3799253445392904,0.7451964192978218,0.555317703334295,,True,observed_google
5355819050_7283790973_0,5355819050,7283790973,0,mon_17,2026-06-01T17:00:00+07:00,2026-06-01T17:00:00+07:00,mon,pm,101.98653406253982,17.781724092774176,76,26,1.4621754259793864,ok,,google,0.3799253445392904,0.7451964192978218,0.555317703334295,,True,observed_google
5355819050_7283790973_0,5355819050,7283790973,0,tue_01,2026-06-02T01:00:00+07:00,2026-06-02T01:00:00+07:00,tue,night,101.98653406253982,17.781724092774176,76,26,1.4621754259793864,ok,,google,0.3799253445392904,0.7451964192978218,0.555317703334295,,True,observed_google
5355819050_7283790973_0,5355819050,7283790973,0,tue_07,2026-06-02T07:00:00+07:00,2026-06-02T07:00:00+07:00,tue,am,101.98653406253982,17.781724092774176,76,26,1.4621754259793864,ok,,google,0.3799253445392904,0.7451964192978218,0.555317703334295,,True,observed_google
5355819050_7283790973_0,5355819050,7283790973,0,tue_17,2026-06-02T17:00:00+07:00,2026-06-02T17:00:00+07:00,tue,pm,101.98653406253982,17.781724092774176,76,26,1.4621754259793864,ok,,google,0.3799253445392904,0.7451964192978218,0.555317703334295,,True,observed_google
5355819050_7283790973_0,5355819050,7283790973,0,wed_01,2026-06-03T01:00:00+07:00,2026-06-03T01:00:00+07:00,wed,night,101.98653406253982,17.781724092774176,76,26,1.4621754259793864,ok,,google,0.3799253445392904,0.7451964192978218,0.555317703334295,,True,observed_google
5355819050_7283790973_0,5355819050,7283790973,0,wed_07,2026-06-03T07:00:00+07:00,2026-06-03T07:00:00+07:00,wed,am,101.98653406253982,17.781724092774176,76,26,1.4621754259793864,ok,,google,0.3799253445392904,0.7451964192978218,0.555317703334295,,True,observed_google
5355819050_7283790973_0,5355819050,7283790973,0,wed_17,2026-06-03T17:00:00+07:00,2026-06-03T17:00:00+07:00,wed,pm,101.98653406253982,17.781724092774176,76,26,1.4621754259793864,ok,,google,0.3799253445392904,0.7451964192978218,0.555317703334295,,True,observed_google
5355819050_7283790973_0,5355819050,7283790973,0,thu_01,2026-06-04T01:00:00+07:00,2026-06-04T01:00:00+07:00,thu,night,101.98653406253982,17.781724092774176,76,26,1.4621754259793864,ok,,google,0.3799253445392904,0.7451964192978218,0.555317703334295,,True,observed_google
5355819050_7283790973_0,5355819050,7283790973,0,thu_07,2026-06-04T07:00:00+07:00,2026-06-04T07:00:00+07:00,thu,am,101.98653406253982,17.781724092774176,76,26,1.4621754259793864,ok,,google,0.3799253445392904,0.7451964192978218,0.555317703334295,,True,observed_google
5355819050_7283790973_0,5355819050,7283790973,0,thu_17,2026-06-04T17:00:00+07:00,2026-06-04T17:00:00+07:00,thu,pm,101.98653406253982,17.781724092774176,76,26,1.4621754259793864,ok,,google,0.3799253445392904,0.7451964192978218,0.555317703334295,,True,observed_google
5355819050_7283790973_0,5355819050,7283790973,0,fri_01,2026-06-05T01:00:00+07:00,2026-06-05T01:00:00+07:00,fri,night,101.98653406253982,17.781724092774176,76,26,1.4621754259793864,ok,,google,0.3799253445392904,0.7451964192978218,0.555317703334295,,True,observed_google
5355819050_7283790973_0,5355819050,7283790973,0,fri_07,2026-06-05T07:00:00+07:00,2026-06-05T07:00:00+07:00,fri,am,101.98653406253982,17.781724092774176,76,26,1.4621754259793864,ok,,google,0.3799253445392904,0.7451964192978218,0.555317703334295,,True,observed_google
5355819050_7283790973_0,5355819050,7283790973,0,fri_17,2026-06-05T17:00:00+07:00,2026-06-05T17:00:00+07:00,fri,pm,101.98653406253982,17.781724092774176,76,26,1.4621754259793864,ok,,google,0.3799253445392904,0.7451964192978218,0.555317703334295,,True,observed_google
5355819050_7283790973_0,5355819050,7283790973,0,sat_01,2026-06-06T01:00:00+07:00,2026-06-06T01:00:00+07:00,sat,night,101.98653406253982,17.781724092774176,76,26,1.4621754259793864,ok,,google,0.3799253445392904,0.7451964192978218,0.555317703334295,,True,observed_google
5355819050_7283790973_0,5355819050,7283790973,0,sat_07,2026-06-06T07:00:00+07:00,2026-06-06T07:00:00+07:00,sat,am,101.98653406253982,17.781724092774176,76,26,1.4621754259793864,ok,,google,0.3799253445392904,0.7451964192978218,0.555317703334295,,True,observed_google
5355819050_7283790973_0,5355819050,7283790973,0,sat_17,2026-06-06T17:00:00+07:00,2026-06-06T17:00:00+07:00,sat,pm,101.98653406253982,17.781724092774176,76,26,1.4621754259793864,ok,,google,0.3799253445392904,0.7451964192978218,0.555317703334295,,True,observed_google
5355819050_7283790973_0,5355819050,7283790973,0,sun_01,2026-06-07T01:00:00+07:00,2026-06-07T01:00:00+07:00,sun,night,101.98653406253982,17.781724092774176,76,26,1.4621754259793864,ok,,google,0.3799253445392904,0.7451964192978218,0.555317703334295,,True,observed_google
5355819050_7283790973_0,5355819050,7283790973,0,sun_07,2026-06-07T07:00:00+07:00,2026-06-07T07:00:00+07:00,sun,am,101.98653406253982,17.781724092774176,76,26,1.4621754259793864,ok,,google,0.3799253445392904,0.7451964192978218,0.555317703334295,,True,observed_google
5355819050_7283790973_0,5355819050,7283790973,0,sun_17,2026-06-07T17:00:00+07:00,2026-06-07T17:00:00+07:00,sun,pm,101.98653406253982,17.781724092774176,76,26,1.4621754259793864,ok,,google,0.3799253445392904,0.7451964192978218,0.555317703334295,,True,observed_google
4118521436_9351870799_0,4118521436,9351870799,0,mon_01,2026-06-01T01:00:00+07:00,2026-06-08T01:00:00+07:00,mon,night,111.87168045960264,19.50523541184169,110,24,1.230438879267744,ok,,google,0.20737091815471553,0.9832693989049488,0.9668187108228993,,True,observed_google
4118521436_9351870799_0,4118521436,9351870799,0,mon_07,2026-06-01T07:00:00+07:00,2026-06-01T07:00:00+07:00,mon,am,111.87168045960264,19.50523541184169,110,24,1.230438879267744,ok,,google,0.20737091815471553,0.9832693989049488,0.9668187108228993,,True,observed_google
4118521436_9351870799_0,4118521436,9351870799,0,mon_17,2026-06-01T17:00:00+07:00,2026-06-01T17:00:00+07:00,mon,pm,111.87168045960264,19.50523541184169,110,24,1.230438879267744,ok,,google,0.20737091815471553,0.9832693989049488,0.9668187108228993,,True,observed_google
4118521436_9351870799_0,4118521436,9351870799,0,tue_01,2026-06-02T01:00:00+07:00,2026-06-02T01:00:00+07:00,tue,night,111.87168045960264,19.50523541184169,110,24,1.230438879267744,ok,,google,0.20737091815471553,0.9832693989049488,0.9668187108228993,,True,observed_google
4118521436_9351870799_0,4118521436,9351870799,0,tue_07,2026-06-02T07:00:00+07:00,2026-06-02T07:00:00+07:00,tue,am,111.87168045960264,19.50523541184169,110,24,1.230438879267744,ok,,google,0.20737091815471553,0.9832693989049488,0.9668187108228993,,True,observed_google
4118521436_9351870799_0,4118521436,9351870799,0,tue_17,2026-06-02T17:00:00+07:00,2026-06-02T17:00:00+07:00,tue,pm,111.87168045960264,19.50523541184169,110,24,1.230438879267744,ok,,google,0.20737091815471553,0.9832693989049488,0.9668187108228993,,True,observed_google
4118521436_9351870799_0,4118521436,9351870799,0,wed_01,2026-06-03T01:00:00+07:00,2026-06-03T01:00:00+07:00,wed,night,111.87168045960264,19.50523541184169,110,24,1.230438879267744,ok,,google,0.20737091815471553,0.9832693989049488,0.9668187108228993,,True,observed_google
4118521436_9351870799_0,4118521436,9351870799,0,wed_07,2026-06-03T07:00:00+07:00,2026-06-03T07:00:00+07:00,wed,am,111.87168045960264,19.50523541184169,110,24,1.230438879267744,ok,,google,0.20737091815471553,0.9832693989049488,0.9668187108228993,,True,observed_google
4118521436_9351870799_0,4118521436,9351870799,0,wed_17,2026-06-03T17:00:00+07:00,2026-06-03T17:00:00+07:00,wed,pm,111.87168045960264,19.50523541184169,110,24,1.230438879267744,ok,,google,0.20737091815471553,0.9832693989049488,0.9668187108228993,,True,observed_google
4118521436_9351870799_0,4118521436,9351870799,0,thu_01,2026-06-04T01:00:00+07:00,2026-06-04T01:00:00+07:00,thu,night,111.87168045960264,19.50523541184169,110,24,1.230438879267744,ok,,google,0.20737091815471553,0.9832693989049488,0.9668187108228993,,True,observed_google
4118521436_9351870799_0,4118521436,9351870799,0,thu_07,2026-06-04T07:00:00+07:00,2026-06-04T07:00:00+07:00,thu,am,111.87168045960264,19.50523541184169,110,24,1.230438879267744,ok,,google,0.20737091815471553,0.9832693989049488,0.9668187108228993,,True,observed_google
4118521436_9351870799_0,4118521436,9351870799,0,thu_17,2026-06-04T17:00:00+07:00,2026-06-04T17:00:00+07:00,thu,pm,111.87168045960264,19.50523541184169,110,24,1.230438879267744,ok,,google,0.20737091815471553,0.9832693989049488,0.9668187108228993,,True,observed_google
4118521436_9351870799_0,4118521436,9351870799,0,fri_01,2026-06-05T01:00:00+07:00,2026-06-05T01:00:00+07:00,fri,night,111.87168045960264,19.50523541184169,110,24,1.230438879267744,ok,,google,0.20737091815471553,0.9832693989049488,0.9668187108228993,,True,observed_google
4118521436_9351870799_0,4118521436,9351870799,0,fri_07,2026-06-05T07:00:00+07:00,2026-06-05T07:00:00+07:00,fri,am,111.87168045960264,19.50523541184169,110,24,1.230438879267744,ok,,google,0.20737091815471553,0.9832693989049488,0.9668187108228993,,True,observed_google
4118521436_9351870799_0,4118521436,9351870799,0,fri_17,2026-06-05T17:00:00+07:00,2026-06-05T17:00:00+07:00,fri,pm,111.87168045960264,19.50523541184169,110,24,1.230438879267744,ok,,google,0.20737091815471553,0.9832693989049488,0.9668187108228993,,True,observed_google
4118521436_9351870799_0,4118521436,9351870799,0,sat_01,2026-06-06T01:00:00+07:00,2026-06-06T01:00:00+07:00,sat,night,111.87168045960264,19.50523541184169,110,24,1.230438879267744,ok,,google,0.20737091815471553,0.9832693989049488,0.9668187108228993,,True,observed_google
4118521436_9351870799_0,4118521436,9351870799,0,sat_07,2026-06-06T07:00:00+07:00,2026-06-06T07:00:00+07:00,sat,am,111.87168045960264,19.50523541184169,110,24,1.230438879267744,ok,,google,0.20737091815471553,0.9832693989049488,0.9668187108228993,,True,observed_google
4118521436_9351870799_0,4118521436,9351870799,0,sat_17,2026-06-06T17:00:00+07:00,2026-06-06T17:00:00+07:00,sat,pm,111.87168045960264,19.50523541184169,110,24,1.230438879267744,ok,,google,0.20737091815471553,0.9832693989049488,0.9668187108228993,,True,observed_google
4118521436_9351870799_0,4118521436,9351870799,0,sun_01,2026-06-07T01:00:00+07:00,2026-06-07T01:00:00+07:00,sun,night,111.87168045960264,19.50523541184169,110,24,1.230438879267744,ok,,google,0.20737091815471553,0.9832693989049488,0.9668187108228993,,True,observed_google
4118521436_9351870799_0,4118521436,9351870799,0,sun_07,2026-06-07T07:00:00+07:00,2026-06-07T07:00:00+07:00,sun,am,111.87168045960264,19.50523541184169,110,24,1.230438879267744,ok,,google,0.20737091815471553,0.9832693989049488,0.9668187108228993,,True,observed_google
4118521436_9351870799_0,4118521436,9351870799,0,sun_17,2026-06-07T17:00:00+07:00,2026-06-07T17:00:00+07:00,sun,pm,111.87168045960264,19.50523541184169,110,24,1.230438879267744,ok,,google,0.20737091815471553,0.9832693989049488,0.9668187108228993,,True,observed_google
2255977972_2255977947_0,2255977972,2255977947,0,mon_01,2026-06-01T01:00:00+07:00,2026-06-08T01:00:00+07:00,mon,night,58.24550952484105,10.155316969382076,57,13,1.280117601370252,ok,,google,0.2469519497816875,0.9786162137647736,0.957689693843301,,True,observed_google
2255977972_2255977947_0,2255977972,2255977947,0,mon_07,2026-06-01T07:00:00+07:00,2026-06-01T07:00:00+07:00,mon,am,58.24550952484105,10.155316969382076,57,18,1.772470524974195,ok,,google,0.5723743502163154,0.9786162137647736,0.957689693843301,,True,observed_google
2255977972_2255977947_0,2255977972,2255977947,0,mon_17,2026-06-01T17:00:00+07:00,2026-06-01T17:00:00+07:00,mon,pm,58.24550952484105,10.155316969382076,57,13,1.280117601370252,ok,,google,0.2469519497816875,0.9786162137647736,0.957689693843301,,True,observed_google
2255977972_2255977947_0,2255977972,2255977947,0,tue_01,2026-06-02T01:00:00+07:00,2026-06-02T01:00:00+07:00,tue,night,58.24550952484105,10.155316969382076,57,13,1.280117601370252,ok,,google,0.2469519497816875,0.9786162137647736,0.957689693843301,,True,observed_google
2255977972_2255977947_0,2255977972,2255977947,0,tue_07,2026-06-02T07:00:00+07:00,2026-06-02T07:00:00+07:00,tue,am,58.24550952484105,10.155316969382076,57,13,1.280117601370252,ok,,google,0.2469519497816875,0.9786162137647736,0.957689693843301,,True,observed_google
2255977972_2255977947_0,2255977972,2255977947,0,tue_17,2026-06-02T17:00:00+07:00,2026-06-02T17:00:00+07:00,tue,pm,58.24550952484105,10.155316969382076,57,14,1.3785881860910407,ok,,google,0.32105992193540944,0.9786162137647736,0.957689693843301,,True,observed_google
2255977972_2255977947_0,2255977972,2255977947,0,wed_01,2026-06-03T01:00:00+07:00,2026-06-03T01:00:00+07:00,wed,night,58.24550952484105,10.155316969382076,57,13,1.280117601370252,ok,,google,0.2469519497816875,0.9786162137647736,0.957689693843301,,True,observed_google
2255977972_2255977947_0,2255977972,2255977947,0,wed_07,2026-06-03T07:00:00+07:00,2026-06-03T07:00:00+07:00,wed,am,58.24550952484105,10.155316969382076,57,20,1.969411694415772,ok,,google,0.6777348658741418,0.9786162137647736,0.957689693843301,,True,observed_google
2255977972_2255977947_0,2255977972,2255977947,0,wed_17,2026-06-03T17:00:00+07:00,2026-06-03T17:00:00+07:00,wed,pm,58.24550952484105,10.155316969382076,57,13,1.280117601370252,ok,,google,0.2469519497816875,0.9786162137647736,0.957689693843301,,True,observed_google
2255977972_2255977947_0,2255977972,2255977947,0,thu_01,2026-06-04T01:00:00+07:00,2026-06-04T01:00:00+07:00,thu,night,58.24550952484105,10.155316969382076,57,13,1.280117601370252,ok,,google,0.2469519497816875,0.9786162137647736,0.957689693843301,,True,observed_google
2255977972_2255977947_0,2255977972,2255977947,0,thu_07,2026-06-04T07:00:00+07:00,2026-06-04T07:00:00+07:00,thu,am,58.24550952484105,10.155316969382076,57,13,1.280117601370252,ok,,google,0.2469519497816875,0.9786162137647736,0.957689693843301,,True,observed_google
2255977972_2255977947_0,2255977972,2255977947,0,thu_17,2026-06-04T17:00:00+07:00,2026-06-04T17:00:00+07:00,thu,pm,58.24550952484105,10.155316969382076,57,22,2.166352863857349,ok,,google,0.7730450456784665,0.9786162137647736,0.957689693843301,,True,observed_google
2255977972_2255977947_0,2255977972,2255977947,0,fri_01,2026-06-05T01:00:00+07:00,2026-06-05T01:00:00+07:00,fri,night,58.24550952484105,10.155316969382076,57,13,1.280117601370252,ok,,google,0.2469519497816875,0.9786162137647736,0.957689693843301,,True,observed_google
2255977972_2255977947_0,2255977972,2255977947,0,fri_07,2026-06-05T07:00:00+07:00,2026-06-05T07:00:00+07:00,fri,am,58.24550952484105,10.155316969382076,57,13,1.280117601370252,ok,,google,0.2469519497816875,0.9786162137647736,0.957689693843301,,True,observed_google
2255977972_2255977947_0,2255977972,2255977947,0,fri_17,2026-06-05T17:00:00+07:00,2026-06-05T17:00:00+07:00,fri,pm,58.24550952484105,10.155316969382076,57,10,0.984705847207886,ok,,google,-0.015412314685803582,0.9786162137647736,0.957689693843301,,True,observed_google
2255977972_2255977947_0,2255977972,2255977947,0,sat_01,2026-06-06T01:00:00+07:00,2026-06-06T01:00:00+07:00,sat,night,58.24550952484105,10.155316969382076,57,13,1.280117601370252,ok,,google,0.2469519497816875,0.9786162137647736,0.957689693843301,,True,observed_google
2255977972_2255977947_0,2255977972,2255977947,0,sat_07,2026-06-06T07:00:00+07:00,2026-06-06T07:00:00+07:00,sat,am,58.24550952484105,10.155316969382076,57,13,1.280117601370252,ok,,google,0.2469519497816875,0.9786162137647736,0.957689693843301,,True,observed_google
2255977972_2255977947_0,2255977972,2255977947,0,sat_17,2026-06-06T17:00:00+07:00,2026-06-06T17:00:00+07:00,sat,pm,58.24550952484105,10.155316969382076,57,13,1.280117601370252,ok,,google,0.2469519497816875,0.9786162137647736,0.957689693843301,,True,observed_google
2255977972_2255977947_0,2255977972,2255977947,0,sun_01,2026-06-07T01:00:00+07:00,2026-06-07T01:00:00+07:00,sun,night,58.24550952484105,10.155316969382076,57,13,1.280117601370252,ok,,google,0.2469519497816875,0.9786162137647736,0.957689693843301,,True,observed_google
2255977972_2255977947_0,2255977972,2255977947,0,sun_07,2026-06-07T07:00:00+07:00,2026-06-07T07:00:00+07:00,sun,am,58.24550952484105,10.155316969382076,57,13,1.280117601370252,ok,,google,0.2469519497816875,0.9786162137647736,0.957689693843301,,True,observed_google
2255977972_2255977947_0,2255977972,2255977947,0,sun_17,2026-06-07T17:00:00+07:00,2026-06-07T17:00:00+07:00,sun,pm,58.24550952484105,10.155316969382076,57,18,1.772470524974195,ok,,google,0.5723743502163154,0.9786162137647736,0.957689693843301,,True,observed_google
5865250821_5463437309_0,5865250821,5463437309,0,mon_01,2026-06-01T01:00:00+07:00,2026-06-08T01:00:00+07:00,mon,night,95.9797218652134,16.734414483208756,96,22,1.3146560952027757,ok,,google,0.2735751068655896,1.0002112751984744,0.9995775834769667,,True,observed_google
5865250821_5463437309_0,5865250821,5463437309,0,mon_07,2026-06-01T07:00:00+07:00,2026-06-01T07:00:00+07:00,mon,am,95.9797218652134,16.734414483208756,96,25,1.4939273809122453,ok,,google,0.40140847837547466,1.0002112751984744,0.9995775834769667,,True,observed_google
5865250821_5463437309_0,5865250821,5463437309,0,mon_17,2026-06-01T17:00:00+07:00,2026-06-01T17:00:00+07:00,mon,pm,95.9797218652134,16.734414483208756,96,40,2.3902838094595924,ok,,google,0.8714121076212101,1.0002112751984744,0.9995775834769667,,True,observed_google
5865250821_5463437309_0,5865250821,5463437309,0,tue_01,2026-06-02T01:00:00+07:00,2026-06-02T01:00:00+07:00,tue,night,95.9797218652134,16.734414483208756,96,22,1.3146560952027757,ok,,google,0.2735751068655896,1.0002112751984744,0.9995775834769667,,True,observed_google
5865250821_5463437309_0,5865250821,5463437309,0,tue_07,2026-06-02T07:00:00+07:00,2026-06-02T07:00:00+07:00,tue,am,95.9797218652134,16.734414483208756,96,31,1.852469952331184,ok,,google,0.61651985799242,1.0002112751984744,0.9995775834769667,,True,observed_google
5865250821_5463437309_0,5865250821,5463437309,0,tue_17,2026-06-02T17:00:00+07:00,2026-06-02T17:00:00+07:00,tue,pm,95.9797218652134,16.734414483208756,96,26,1.553684476148735,ok,,google,0.44062919152875585,1.0002112751984744,0.9995775834769667,,True,observed_google
5865250821_5463437309_0,5865250821,5463437309,0,wed_01,2026-06-03T01:00:00+07:00,2026-06-03T01:00:00+07:00,wed,night,95.9797218652134,16.734414483208756,96,22,1.3146560952027757,ok,,google,0.2735751068655896,1.0002112751984744,0.9995775834769667,,True,observed_google
5865250821_5463437309_0,5865250821,5463437309,0,wed_07,2026-06-03T07:00:00+07:00,2026-06-03T07:00:00+07:00,wed,am,95.9797218652134,16.734414483208756,96,39,2.3305267142231023,ok,,google,0.8460942996369202,1.0002112751984744,0.9995775834769667,,True,observed_google
5865250821_5463437309_0,5865250821,5463437309,0,wed_17,2026-06-03T17:00:00+07:00,2026-06-03T17:00:00+07:00,wed,pm,95.9797218652134,16.734414483208756,96,29,1.7329557618582043,ok,,google,0.5498284834937479,1.0002112751984744,0.9995775834769667,,True,observed_google
5865250821_5463437309_0,5865250821,5463437309,0,thu_01,2026-06-04T01:00:00+07:00,2026-06-04T01:00:00+07:00,thu,night,95.9797218652134,16.734414483208756,96,22,1.3146560952027757,ok,,google,0.2735751068655896,1.0002112751984744,0.9995775834769667,,True,observed_google
5865250821_5463437309_0,5865250821,5463437309,0,thu_07,2026-06-04T07:00:00+07:00,2026-06-04T07:00:00+07:00,thu,am,95.9797218652134,16.734414483208756,96,32,1.912227047567674,ok,,google,0.6482685563070004,1.0002112751984744,0.9995775834769667,,True,observed_google
5865250821_5463437309_0,5865250821,5463437309,0,thu_17,2026-06-04T17:00:00+07:00,2026-06-04T17:00:00+07:00,thu,pm,95.9797218652134,16.734414483208756,96,26,1.553684476148735,ok,,google,0.44062919152875585,1.0002112751984744,0.9995775834769667,,True,observed_google
5865250821_5463437309_0,5865250821,5463437309,0,fri_01,2026-06-05T01:00:00+07:00,2026-06-05T01:00:00+07:00,fri,night,95.9797218652134,16.734414483208756,96,22,1.3146560952027757,ok,,google,0.2735751068655896,1.0002112751984744,0.9995775834769667,,True,observed_google
5865250821_5463437309_0,5865250821,5463437309,0,fri_07,2026-06-05T07:00:00+07:00,2026-06-05T07:00:00+07:00,fri,am,95.9797218652134,16.734414483208756,96,29,1.7329557618582043,ok,,google,0.5498284834937479,1.0002112751984744,0.9995775834769667,,True,observed_google
5865250821_5463437309_0,5865250821,5463437309,0,fri_17,2026-06-05T17:00:00+07:00,2026-06-05T17:00:00+07:00,fri,pm,95.9797218652134,16.734414483208756,96,25,1.4939273809122453,ok,,google,0.40140847837547466,1.0002112751984744,0.9995775834769667,,True,observed_google
5865250821_5463437309_0,5865250821,5463437309,0,sat_01,2026-06-06T01:00:00+07:00,2026-06-06T01:00:00+07:00,sat,night,95.9797218652134,16.734414483208756,96,22,1.3146560952027757,ok,,google,0.2735751068655896,1.0002112751984744,0.9995775834769667,,True,observed_google
5865250821_5463437309_0,5865250821,5463437309,0,sat_07,2026-06-06T07:00:00+07:00,2026-06-06T07:00:00+07:00,sat,am,95.9797218652134,16.734414483208756,96,22,1.3146560952027757,ok,,google,0.2735751068655896,1.0002112751984744,0.9995775834769667,,True,observed_google
5865250821_5463437309_0,5865250821,5463437309,0,sat_17,2026-06-06T17:00:00+07:00,2026-06-06T17:00:00+07:00,sat,pm,95.9797218652134,16.734414483208756,96,26,1.553684476148735,ok,,google,0.44062919152875585,1.0002112751984744,0.9995775834769667,,True,observed_google
5865250821_5463437309_0,5865250821,5463437309,0,sun_01,2026-06-07T01:00:00+07:00,2026-06-07T01:00:00+07:00,sun,night,95.9797218652134,16.734414483208756,96,22,1.3146560952027757,ok,,google,0.2735751068655896,1.0002112751984744,0.9995775834769667,,True,observed_google
5865250821_5463437309_0,5865250821,5463437309,0,sun_07,2026-06-07T07:00:00+07:00,2026-06-07T07:00:00+07:00,sun,am,95.9797218652134,16.734414483208756,96,22,1.3146560952027757,ok,,google,0.2735751068655896,1.0002112751984744,0.9995775834769667,,True,observed_google
5865250821_5463437309_0,5865250821,5463437309,0,sun_17,2026-06-07T17:00:00+07:00,2026-06-07T17:00:00+07:00,sun,pm,95.9797218652134,16.734414483208756,96,23,1.3744131904392656,ok,,google,0.3180268694364235,1.0002112751984744,0.9995775834769667,,True,observed_google
5471927425_6436533772_0,5471927425,6436533772,0,mon_01,2026-06-01T01:00:00+07:00,2026-06-08T01:00:00+07:00,mon,night,66.55827469885469,11.604677888752958,67,16,1.378754339705276,ok,,google,0.3211804391456449,1.0066366699429021,0.9868576366425039,,True,observed_google
5471927425_6436533772_0,5471927425,6436533772,0,mon_07,2026-06-01T07:00:00+07:00,2026-06-01T07:00:00+07:00,mon,am,66.55827469885469,11.604677888752958,67,13,1.1202379010105368,ok,,google,0.11354107436740052,1.0066366699429021,0.9868576366425039,,True,observed_google
5471927425_6436533772_0,5471927425,6436533772,0,mon_17,2026-06-01T17:00:00+07:00,2026-06-01T17:00:00+07:00,mon,pm,66.55827469885469,11.604677888752958,67,22,1.8957872170947545,ok,,google,0.6396341702641795,1.0066366699429021,0.9868576366425039,,True,observed_google
5471927425_6436533772_0,5471927425,6436533772,0,tue_01,2026-06-02T01:00:00+07:00,2026-06-02T01:00:00+07:00,tue,night,66.55827469885469,11.604677888752958,67,16,1.378754339705276,ok,,google,0.3211804391456449,1.0066366699429021,0.9868576366425039,,True,observed_google
5471927425_6436533772_0,5471927425,6436533772,0,tue_07,2026-06-02T07:00:00+07:00,2026-06-02T07:00:00+07:00,tue,am,66.55827469885469,11.604677888752958,67,18,1.5510986321684357,ok,,google,0.4389634748020284,1.0066366699429021,0.9868576366425039,,True,observed_google
5471927425_6436533772_0,5471927425,6436533772,0,tue_17,2026-06-02T17:00:00+07:00,2026-06-02T17:00:00+07:00,tue,pm,66.55827469885469,11.604677888752958,67,19,1.6372707784000151,ok,,google,0.49303069607230415,1.0066366699429021,0.9868576366425039,,True,observed_google
5471927425_6436533772_0,5471927425,6436533772,0,wed_01,2026-06-03T01:00:00+07:00,2026-06-03T01:00:00+07:00,wed,night,66.55827469885469,11.604677888752958,67,16,1.378754339705276,ok,,google,0.3211804391456449,1.0066366699429021,0.9868576366425039,,True,observed_google
5471927425_6436533772_0,5471927425,6436533772,0,wed_07,2026-06-03T07:00:00+07:00,2026-06-03T07:00:00+07:00,wed,am,66.55827469885469,11.604677888752958,67,18,1.5510986321684357,ok,,google,0.4389634748020284,1.0066366699429021,0.9868576366425039,,True,observed_google
5471927425_6436533772_0,5471927425,6436533772,0,wed_17,2026-06-03T17:00:00+07:00,2026-06-03T17:00:00+07:00,wed,pm,66.55827469885469,11.604677888752958,67,24,2.068131509557914,ok,,google,0.7266455472538093,1.0066366699429021,0.9868576366425039,,True,observed_google
5471927425_6436533772_0,5471927425,6436533772,0,thu_01,2026-06-04T01:00:00+07:00,2026-06-04T01:00:00+07:00,thu,night,66.55827469885469,11.604677888752958,67,16,1.378754339705276,ok,,google,0.3211804391456449,1.0066366699429021,0.9868576366425039,,True,observed_google
5471927425_6436533772_0,5471927425,6436533772,0,thu_07,2026-06-04T07:00:00+07:00,2026-06-04T07:00:00+07:00,thu,am,66.55827469885469,11.604677888752958,67,16,1.378754339705276,ok,,google,0.3211804391456449,1.0066366699429021,0.9868576366425039,,True,observed_google
5471927425_6436533772_0,5471927425,6436533772,0,thu_17,2026-06-04T17:00:00+07:00,2026-06-04T17:00:00+07:00,thu,pm,66.55827469885469,11.604677888752958,67,20,1.723442924631595,ok,,google,0.5443239904598547,1.0066366699429021,0.9868576366425039,,True,observed_google
5471927425_6436533772_0,5471927425,6436533772,0,fri_01,2026-06-05T01:00:00+07:00,2026-06-05T01:00:00+07:00,fri,night,66.55827469885469,11.604677888752958,67,16,1.378754339705276,ok,,google,0.3211804391456449,1.0066366699429021,0.9868576366425039,,True,observed_google
5471927425_6436533772_0,5471927425,6436533772,0,fri_07,2026-06-05T07:00:00+07:00,2026-06-05T07:00:00+07:00,fri,am,66.55827469885469,11.604677888752958,67,20,1.723442924631595,ok,,google,0.5443239904598547,1.0066366699429021,0.9868576366425039,,True,observed_google
5471927425_6436533772_0,5471927425,6436533772,0,fri_17,2026-06-05T17:00:00+07:00,2026-06-05T17:00:00+07:00,fri,pm,66.55827469885469,11.604677888752958,67,17,1.4649264859368556,ok,,google,0.3818050609620797,1.0066366699429021,0.9868576366425039,,True,observed_google
5471927425_6436533772_0,5471927425,6436533772,0,sat_01,2026-06-06T01:00:00+07:00,2026-06-06T01:00:00+07:00,sat,night,66.55827469885469,11.604677888752958,67,16,1.378754339705276,ok,,google,0.3211804391456449,1.0066366699429021,0.9868576366425039,,True,observed_google
5471927425_6436533772_0,5471927425,6436533772,0,sat_07,2026-06-06T07:00:00+07:00,2026-06-06T07:00:00+07:00,sat,am,66.55827469885469,11.604677888752958,67,19,1.6372707784000151,ok,,google,0.49303069607230415,1.0066366699429021,0.9868576366425039,,True,observed_google
5471927425_6436533772_0,5471927425,6436533772,0,sat_17,2026-06-06T17:00:00+07:00,2026-06-06T17:00:00+07:00,sat,pm,66.55827469885469,11.604677888752958,67,21,1.8096150708631744,ok,,google,0.5931141546292867,1.0066366699429021,0.9868576366425039,,True,observed_google
5471927425_6436533772_0,5471927425,6436533772,0,sun_01,2026-06-07T01:00:00+07:00,2026-06-07T01:00:00+07:00,sun,night,66.55827469885469,11.604677888752958,67,16,1.378754339705276,ok,,google,0.3211804391456449,1.0066366699429021,0.9868576366425039,,True,observed_google
5471927425_6436533772_0,5471927425,6436533772,0,sun_07,2026-06-07T07:00:00+07:00,2026-06-07T07:00:00+07:00,sun,am,66.55827469885469,11.604677888752958,67,16,1.378754339705276,ok,,google,0.3211804391456449,1.0066366699429021,0.9868576366425039,,True,observed_google
5471927425_6436533772_0,5471927425,6436533772,0,sun_17,2026-06-07T17:00:00+07:00,2026-06-07T17:00:00+07:00,sun,pm,66.55827469885469,11.604677888752958,67,20,1.723442924631595,ok,,google,0.5443239904598547,1.0066366699429021,0.9868576366425039,,True,observed_google
4002514451_3959652917_0,4002514451,3959652917,0,mon_01,2026-06-01T01:00:00+07:00,2026-06-08T01:00:00+07:00,mon,night,127.44776123021288,22.2209818900965,132,48,2.1601205670120613,ok,,google,0.7701640381994431,1.0357184679106624,0.9322160148412164,,True,observed_google
4002514451_3959652917_0,4002514451,3959652917,0,mon_07,2026-06-01T07:00:00+07:00,2026-06-01T07:00:00+07:00,mon,am,127.44776123021288,22.2209818900965,132,48,2.1601205670120613,ok,,google,0.7701640381994431,1.0357184679106624,0.9322160148412164,,True,observed_google
4002514451_3959652917_0,4002514451,3959652917,0,mon_17,2026-06-01T17:00:00+07:00,2026-06-01T17:00:00+07:00,mon,pm,127.44776123021288,22.2209818900965,132,48,2.1601205670120613,ok,,google,0.7701640381994431,1.0357184679106624,0.9322160148412164,,True,observed_google
4002514451_3959652917_0,4002514451,3959652917,0,tue_01,2026-06-02T01:00:00+07:00,2026-06-02T01:00:00+07:00,tue,night,127.44776123021288,22.2209818900965,132,48,2.1601205670120613,ok,,google,0.7701640381994431,1.0357184679106624,0.9322160148412164,,True,observed_google
4002514451_3959652917_0,4002514451,3959652917,0,tue_07,2026-06-02T07:00:00+07:00,2026-06-02T07:00:00+07:00,tue,am,127.44776123021288,22.2209818900965,132,48,2.1601205670120613,ok,,google,0.7701640381994431,1.0357184679106624,0.9322160148412164,,True,observed_google
4002514451_3959652917_0,4002514451,3959652917,0,tue_17,2026-06-02T17:00:00+07:00,2026-06-02T17:00:00+07:00,tue,pm,127.44776123021288,22.2209818900965,132,48,2.1601205670120613,ok,,google,0.7701640381994431,1.0357184679106624,0.9322160148412164,,True,observed_google
4002514451_3959652917_0,4002514451,3959652917,0,wed_01,2026-06-03T01:00:00+07:00,2026-06-03T01:00:00+07:00,wed,night,127.44776123021288,22.2209818900965,132,48,2.1601205670120613,ok,,google,0.7701640381994431,1.0357184679106624,0.9322160148412164,,True,observed_google
4002514451_3959652917_0,4002514451,3959652917,0,wed_07,2026-06-03T07:00:00+07:00,2026-06-03T07:00:00+07:00,wed,am,127.44776123021288,22.2209818900965,132,48,2.1601205670120613,ok,,google,0.7701640381994431,1.0357184679106624,0.9322160148412164,,True,observed_google
4002514451_3959652917_0,4002514451,3959652917,0,wed_17,2026-06-03T17:00:00+07:00,2026-06-03T17:00:00+07:00,wed,pm,127.44776123021288,22.2209818900965,132,48,2.1601205670120613,ok,,google,0.7701640381994431,1.0357184679106624,0.9322160148412164,,True,observed_google
4002514451_3959652917_0,4002514451,3959652917,0,thu_01,2026-06-04T01:00:00+07:00,2026-06-04T01:00:00+07:00,thu,night,127.44776123021288,22.2209818900965,132,48,2.1601205670120613,ok,,google,0.7701640381994431,1.0357184679106624,0.9322160148412164,,True,observed_google
4002514451_3959652917_0,4002514451,3959652917,0,thu_07,2026-06-04T07:00:00+07:00,2026-06-04T07:00:00+07:00,thu,am,127.44776123021288,22.2209818900965,132,48,2.1601205670120613,ok,,google,0.7701640381994431,1.0357184679106624,0.9322160148412164,,True,observed_google
4002514451_3959652917_0,4002514451,3959652917,0,thu_17,2026-06-04T17:00:00+07:00,2026-06-04T17:00:00+07:00,thu,pm,127.44776123021288,22.2209818900965,132,48,2.1601205670120613,ok,,google,0.7701640381994431,1.0357184679106624,0.9322160148412164,,True,observed_google
4002514451_3959652917_0,4002514451,3959652917,0,fri_01,2026-06-05T01:00:00+07:00,2026-06-05T01:00:00+07:00,fri,night,127.44776123021288,22.2209818900965,132,48,2.1601205670120613,ok,,google,0.7701640381994431,1.0357184679106624,0.9322160148412164,,True,observed_google
4002514451_3959652917_0,4002514451,3959652917,0,fri_07,2026-06-05T07:00:00+07:00,2026-06-05T07:00:00+07:00,fri,am,127.44776123021288,22.2209818900965,132,48,2.1601205670120613,ok,,google,0.7701640381994431,1.0357184679106624,0.9322160148412164,,True,observed_google
4002514451_3959652917_0,4002514451,3959652917,0,fri_17,2026-06-05T17:00:00+07:00,2026-06-05T17:00:00+07:00,fri,pm,127.44776123021288,22.2209818900965,132,48,2.1601205670120613,ok,,google,0.7701640381994431,1.0357184679106624,0.9322160148412164,,True,observed_google
4002514451_3959652917_0,4002514451,3959652917,0,sat_01,2026-06-06T01:00:00+07:00,2026-06-06T01:00:00+07:00,sat,night,127.44776123021288,22.2209818900965,132,48,2.1601205670120613,ok,,google,0.7701640381994431,1.0357184679106624,0.9322160148412164,,True,observed_google
4002514451_3959652917_0,4002514451,3959652917,0,sat_07,2026-06-06T07:00:00+07:00,2026-06-06T07:00:00+07:00,sat,am,127.44776123021288,22.2209818900965,132,48,2.1601205670120613,ok,,google,0.7701640381994431,1.0357184679106624,0.9322160148412164,,True,observed_google
4002514451_3959652917_0,4002514451,3959652917,0,sat_17,2026-06-06T17:00:00+07:00,2026-06-06T17:00:00+07:00,sat,pm,127.44776123021288,22.2209818900965,132,48,2.1601205670120613,ok,,google,0.7701640381994431,1.0357184679106624,0.9322160148412164,,True,observed_google
4002514451_3959652917_0,4002514451,3959652917,0,sun_01,2026-06-07T01:00:00+07:00,2026-06-07T01:00:00+07:00,sun,night,127.44776123021288,22.2209818900965,132,48,2.1601205670120613,ok,,google,0.7701640381994431,1.0357184679106624,0.9322160148412164,,True,observed_google
4002514451_3959652917_0,4002514451,3959652917,0,sun_07,2026-06-07T07:00:00+07:00,2026-06-07T07:00:00+07:00,sun,am,127.44776123021288,22.2209818900965,132,48,2.1601205670120613,ok,,google,0.7701640381994431,1.0357184679106624,0.9322160148412164,,True,observed_google
4002514451_3959652917_0,4002514451,3959652917,0,sun_17,2026-06-07T17:00:00+07:00,2026-06-07T17:00:00+07:00,sun,pm,127.44776123021288,22.2209818900965,132,48,2.1601205670120613,ok,,google,0.7701640381994431,1.0357184679106624,0.9322160148412164,,True,observed_google
5646922186_1396428209_0,5646922186,1396428209,0,mon_01,2026-06-01T01:00:00+07:00,2026-06-08T01:00:00+07:00,mon,night,79.14702126782889,13.799571756075569,78,14,1.0145242365101794,ok,,google,0.014419770102044299,0.9855077140054653,0.971225454364278,,True,observed_google
5646922186_1396428209_0,5646922186,1396428209,0,mon_07,2026-06-01T07:00:00+07:00,2026-06-01T07:00:00+07:00,mon,am,79.14702126782889,13.799571756075569,78,12,0.869592202723011,ok,,google,-0.13973090972521388,0.9855077140054653,0.971225454364278,,True,observed_google
5646922186_1396428209_0,5646922186,1396428209,0,mon_17,2026-06-01T17:00:00+07:00,2026-06-01T17:00:00+07:00,mon,pm,79.14702126782889,13.799571756075569,78,14,1.0145242365101794,ok,,google,0.014419770102044299,0.9855077140054653,0.971225454364278,,True,observed_google
5646922186_1396428209_0,5646922186,1396428209,0,tue_01,2026-06-02T01:00:00+07:00,2026-06-02T01:00:00+07:00,tue,night,79.14702126782889,13.799571756075569,78,12,0.869592202723011,ok,,google,-0.13973090972521388,0.9855077140054653,0.971225454364278,,True,observed_google
5646922186_1396428209_0,5646922186,1396428209,0,tue_07,2026-06-02T07:00:00+07:00,2026-06-02T07:00:00+07:00,tue,am,79.14702126782889,13.799571756075569,78,14,1.0145242365101794,ok,,google,0.014419770102044299,0.9855077140054653,0.971225454364278,,True,observed_google
5646922186_1396428209_0,5646922186,1396428209,0,tue_17,2026-06-02T17:00:00+07:00,2026-06-02T17:00:00+07:00,tue,pm,79.14702126782889,13.799571756075569,78,14,1.0145242365101794,ok,,google,0.014419770102044299,0.9855077140054653,0.971225454364278,,True,observed_google
5646922186_1396428209_0,5646922186,1396428209,0,wed_01,2026-06-03T01:00:00+07:00,2026-06-03T01:00:00+07:00,wed,night,79.14702126782889,13.799571756075569,78,12,0.869592202723011,ok,,google,-0.13973090972521388,0.9855077140054653,0.971225454364278,,True,observed_google
5646922186_1396428209_0,5646922186,1396428209,0,wed_07,2026-06-03T07:00:00+07:00,2026-06-03T07:00:00+07:00,wed,am,79.14702126782889,13.799571756075569,78,14,1.0145242365101794,ok,,google,0.014419770102044299,0.9855077140054653,0.971225454364278,,True,observed_google
5646922186_1396428209_0,5646922186,1396428209,0,wed_17,2026-06-03T17:00:00+07:00,2026-06-03T17:00:00+07:00,wed,pm,79.14702126782889,13.799571756075569,78,14,1.0145242365101794,ok,,google,0.014419770102044299,0.9855077140054653,0.971225454364278,,True,observed_google
5646922186_1396428209_0,5646922186,1396428209,0,thu_01,2026-06-04T01:00:00+07:00,2026-06-04T01:00:00+07:00,thu,night,79.14702126782889,13.799571756075569,78,12,0.869592202723011,ok,,google,-0.13973090972521388,0.9855077140054653,0.971225454364278,,True,observed_google
5646922186_1396428209_0,5646922186,1396428209,0,thu_07,2026-06-04T07:00:00+07:00,2026-06-04T07:00:00+07:00,thu,am,79.14702126782889,13.799571756075569,78,17,1.231922287190932,ok,,google,0.20857578454300177,0.9855077140054653,0.971225454364278,,True,observed_google
5646922186_1396428209_0,5646922186,1396428209,0,thu_17,2026-06-04T17:00:00+07:00,2026-06-04T17:00:00+07:00,thu,pm,79.14702126782889,13.799571756075569,78,14,1.0145242365101794,ok,,google,0.014419770102044299,0.9855077140054653,0.971225454364278,,True,observed_google
5646922186_1396428209_0,5646922186,1396428209,0,fri_01,2026-06-05T01:00:00+07:00,2026-06-05T01:00:00+07:00,fri,night,79.14702126782889,13.799571756075569,78,12,0.869592202723011,ok,,google,-0.13973090972521388,0.9855077140054653,0.971225454364278,,True,observed_google
5646922186_1396428209_0,5646922186,1396428209,0,fri_07,2026-06-05T07:00:00+07:00,2026-06-05T07:00:00+07:00,fri,am,79.14702126782889,13.799571756075569,78,14,1.0145242365101794,ok,,google,0.014419770102044299,0.9855077140054653,0.971225454364278,,True,observed_google
5646922186_1396428209_0,5646922186,1396428209,0,fri_17,2026-06-05T17:00:00+07:00,2026-06-05T17:00:00+07:00,fri,pm,79.14702126782889,13.799571756075569,78,15,1.0869902534037637,ok,,google,0.08341264158899575,0.9855077140054653,0.971225454364278,,True,observed_google
5646922186_1396428209_0,5646922186,1396428209,0,sat_01,2026-06-06T01:00:00+07:00,2026-06-06T01:00:00+07:00,sat,night,79.14702126782889,13.799571756075569,78,12,0.869592202723011,ok,,google,-0.13973090972521388,0.9855077140054653,0.971225454364278,,True,observed_google
5646922186_1396428209_0,5646922186,1396428209,0,sat_07,2026-06-06T07:00:00+07:00,2026-06-06T07:00:00+07:00,sat,am,79.14702126782889,13.799571756075569,78,20,1.4493203378716848,ok,,google,0.37109471404077665,0.9855077140054653,0.971225454364278,,True,observed_google
5646922186_1396428209_0,5646922186,1396428209,0,sat_17,2026-06-06T17:00:00+07:00,2026-06-06T17:00:00+07:00,sat,pm,79.14702126782889,13.799571756075569,78,16,1.159456270297348,ok,,google,0.14795116272656691,0.9855077140054653,0.971225454364278,,True,observed_google
5646922186_1396428209_0,5646922186,1396428209,0,sun_01,2026-06-07T01:00:00+07:00,2026-06-07T01:00:00+07:00,sun,night,79.14702126782889,13.799571756075569,78,12,0.869592202723011,ok,,google,-0.13973090972521388,0.9855077140054653,0.971225454364278,,True,observed_google
5646922186_1396428209_0,5646922186,1396428209,0,sun_07,2026-06-07T07:00:00+07:00,2026-06-07T07:00:00+07:00,sun,am,79.14702126782889,13.799571756075569,78,15,1.0869902534037637,ok,,google,0.08341264158899575,0.9855077140054653,0.971225454364278,,True,observed_google
5646922186_1396428209_0,5646922186,1396428209,0,sun_17,2026-06-07T17:00:00+07:00,2026-06-07T17:00:00+07:00,sun,pm,79.14702126782889,13.799571756075569,78,17,1.231922287190932,ok,,google,0.20857578454300177,0.9855077140054653,0.971225454364278,,True,observed_google
5867480756_5867480757_0,5867480756,5867480757,0,mon_01,2026-06-01T01:00:00+07:00,2026-06-08T01:00:00+07:00,mon,night,61.04813065026983,10.643964181948345,62,14,1.3152994279841088,ok,,google,0.2740643415986435,1.0155921129703904,0.9695302434683704,,True,observed_google
5867480756_5867480757_0,5867480756,5867480757,0,mon_07,2026-06-01T07:00:00+07:00,2026-06-01T07:00:00+07:00,mon,am,61.04813065026983,10.643964181948345,62,14,1.3152994279841088,ok,,google,0.2740643415986435,1.0155921129703904,0.9695302434683704,,True,observed_google
5867480756_5867480757_0,5867480756,5867480757,0,mon_17,2026-06-01T17:00:00+07:00,2026-06-01T17:00:00+07:00,mon,pm,61.04813065026983,10.643964181948345,62,14,1.3152994279841088,ok,,google,0.2740643415986435,1.0155921129703904,0.9695302434683704,,True,observed_google
5867480756_5867480757_0,5867480756,5867480757,0,tue_01,2026-06-02T01:00:00+07:00,2026-06-02T01:00:00+07:00,tue,night,61.04813065026983,10.643964181948345,62,14,1.3152994279841088,ok,,google,0.2740643415986435,1.0155921129703904,0.9695302434683704,,True,observed_google
5867480756_5867480757_0,5867480756,5867480757,0,tue_07,2026-06-02T07:00:00+07:00,2026-06-02T07:00:00+07:00,tue,am,61.04813065026983,10.643964181948345,62,14,1.3152994279841088,ok,,google,0.2740643415986435,1.0155921129703904,0.9695302434683704,,True,observed_google
5867480756_5867480757_0,5867480756,5867480757,0,tue_17,2026-06-02T17:00:00+07:00,2026-06-02T17:00:00+07:00,tue,pm,61.04813065026983,10.643964181948345,62,14,1.3152994279841088,ok,,google,0.2740643415986435,1.0155921129703904,0.9695302434683704,,True,observed_google
5867480756_5867480757_0,5867480756,5867480757,0,wed_01,2026-06-03T01:00:00+07:00,2026-06-03T01:00:00+07:00,wed,night,61.04813065026983,10.643964181948345,62,14,1.3152994279841088,ok,,google,0.2740643415986435,1.0155921129703904,0.9695302434683704,,True,observed_google
5867480756_5867480757_0,5867480756,5867480757,0,wed_07,2026-06-03T07:00:00+07:00,2026-06-03T07:00:00+07:00,wed,am,61.04813065026983,10.643964181948345,62,14,1.3152994279841088,ok,,google,0.2740643415986435,1.0155921129703904,0.9695302434683704,,True,observed_google
5867480756_5867480757_0,5867480756,5867480757,0,wed_17,2026-06-03T17:00:00+07:00,2026-06-03T17:00:00+07:00,wed,pm,61.04813065026983,10.643964181948345,62,14,1.3152994279841088,ok,,google,0.2740643415986435,1.0155921129703904,0.9695302434683704,,True,observed_google
5867480756_5867480757_0,5867480756,5867480757,0,thu_01,2026-06-04T01:00:00+07:00,2026-06-04T01:00:00+07:00,thu,night,61.04813065026983,10.643964181948345,62,14,1.3152994279841088,ok,,google,0.2740643415986435,1.0155921129703904,0.9695302434683704,,True,observed_google
5867480756_5867480757_0,5867480756,5867480757,0,thu_07,2026-06-04T07:00:00+07:00,2026-06-04T07:00:00+07:00,thu,am,61.04813065026983,10.643964181948345,62,14,1.3152994279841088,ok,,google,0.2740643415986435,1.0155921129703904,0.9695302434683704,,True,observed_google
5867480756_5867480757_0,5867480756,5867480757,0,thu_17,2026-06-04T17:00:00+07:00,2026-06-04T17:00:00+07:00,thu,pm,61.04813065026983,10.643964181948345,62,14,1.3152994279841088,ok,,google,0.2740643415986435,1.0155921129703904,0.9695302434683704,,True,observed_google
5867480756_5867480757_0,5867480756,5867480757,0,fri_01,2026-06-05T01:00:00+07:00,2026-06-05T01:00:00+07:00,fri,night,61.04813065026983,10.643964181948345,62,14,1.3152994279841088,ok,,google,0.2740643415986435,1.0155921129703904,0.9695302434683704,,True,observed_google
5867480756_5867480757_0,5867480756,5867480757,0,fri_07,2026-06-05T07:00:00+07:00,2026-06-05T07:00:00+07:00,fri,am,61.04813065026983,10.643964181948345,62,14,1.3152994279841088,ok,,google,0.2740643415986435,1.0155921129703904,0.9695302434683704,,True,observed_google
5867480756_5867480757_0,5867480756,5867480757,0,fri_17,2026-06-05T17:00:00+07:00,2026-06-05T17:00:00+07:00,fri,pm,61.04813065026983,10.643964181948345,62,14,1.3152994279841088,ok,,google,0.2740643415986435,1.0155921129703904,0.9695302434683704,,True,observed_google
5867480756_5867480757_0,5867480756,5867480757,0,sat_01,2026-06-06T01:00:00+07:00,2026-06-06T01:00:00+07:00,sat,night,61.04813065026983,10.643964181948345,62,14,1.3152994279841088,ok,,google,0.2740643415986435,1.0155921129703904,0.9695302434683704,,True,observed_google
5867480756_5867480757_0,5867480756,5867480757,0,sat_07,2026-06-06T07:00:00+07:00,2026-06-06T07:00:00+07:00,sat,am,61.04813065026983,10.643964181948345,62,14,1.3152994279841088,ok,,google,0.2740643415986435,1.0155921129703904,0.9695302434683704,,True,observed_google
5867480756_5867480757_0,5867480756,5867480757,0,sat_17,2026-06-06T17:00:00+07:00,2026-06-06T17:00:00+07:00,sat,pm,61.04813065026983,10.643964181948345,62,14,1.3152994279841088,ok,,google,0.2740643415986435,1.0155921129703904,0.9695302434683704,,True,observed_google
5867480756_5867480757_0,5867480756,5867480757,0,sun_01,2026-06-07T01:00:00+07:00,2026-06-07T01:00:00+07:00,sun,night,61.04813065026983,10.643964181948345,62,14,1.3152994279841088,ok,,google,0.2740643415986435,1.0155921129703904,0.9695302434683704,,True,observed_google
5867480756_5867480757_0,5867480756,5867480757,0,sun_07,2026-06-07T07:00:00+07:00,2026-06-07T07:00:00+07:00,sun,am,61.04813065026983,10.643964181948345,62,14,1.3152994279841088,ok,,google,0.2740643415986435,1.0155921129703904,0.9695302434683704,,True,observed_google
5867480756_5867480757_0,5867480756,5867480757,0,sun_17,2026-06-07T17:00:00+07:00,2026-06-07T17:00:00+07:00,sun,pm,61.04813065026983,10.643964181948345,62,14,1.3152994279841088,ok,,google,0.2740643415986435,1.0155921129703904,0.9695302434683704,,True,observed_google
5394983725_5155448055_0,5394983725,5155448055,0,mon_01,2026-06-01T01:00:00+07:00,2026-06-08T01:00:00+07:00,mon,night,83.17659561540783,14.502142736829068,82,26,1.79283851164776,ok,,google,0.5838001245588674,0.9858542465377138,0.9719085954164434,,True,observed_google
5394983725_5155448055_0,5394983725,5155448055,0,mon_07,2026-06-01T07:00:00+07:00,2026-06-01T07:00:00+07:00,mon,am,83.17659561540783,14.502142736829068,82,26,1.79283851164776,ok,,google,0.5838001245588674,0.9858542465377138,0.9719085954164434,,True,observed_google
5394983725_5155448055_0,5394983725,5155448055,0,mon_17,2026-06-01T17:00:00+07:00,2026-06-01T17:00:00+07:00,mon,pm,83.17659561540783,14.502142736829068,82,26,1.79283851164776,ok,,google,0.5838001245588674,0.9858542465377138,0.9719085954164434,,True,observed_google
5394983725_5155448055_0,5394983725,5155448055,0,tue_01,2026-06-02T01:00:00+07:00,2026-06-02T01:00:00+07:00,tue,night,83.17659561540783,14.502142736829068,82,26,1.79283851164776,ok,,google,0.5838001245588674,0.9858542465377138,0.9719085954164434,,True,observed_google
5394983725_5155448055_0,5394983725,5155448055,0,tue_07,2026-06-02T07:00:00+07:00,2026-06-02T07:00:00+07:00,tue,am,83.17659561540783,14.502142736829068,82,26,1.79283851164776,ok,,google,0.5838001245588674,0.9858542465377138,0.9719085954164434,,True,observed_google
5394983725_5155448055_0,5394983725,5155448055,0,tue_17,2026-06-02T17:00:00+07:00,2026-06-02T17:00:00+07:00,tue,pm,83.17659561540783,14.502142736829068,82,26,1.79283851164776,ok,,google,0.5838001245588674,0.9858542465377138,0.9719085954164434,,True,observed_google
5394983725_5155448055_0,5394983725,5155448055,0,wed_01,2026-06-03T01:00:00+07:00,2026-06-03T01:00:00+07:00,wed,night,83.17659561540783,14.502142736829068,82,26,1.79283851164776,ok,,google,0.5838001245588674,0.9858542465377138,0.9719085954164434,,True,observed_google
5394983725_5155448055_0,5394983725,5155448055,0,wed_07,2026-06-03T07:00:00+07:00,2026-06-03T07:00:00+07:00,wed,am,83.17659561540783,14.502142736829068,82,26,1.79283851164776,ok,,google,0.5838001245588674,0.9858542465377138,0.9719085954164434,,True,observed_google
5394983725_5155448055_0,5394983725,5155448055,0,wed_17,2026-06-03T17:00:00+07:00,2026-06-03T17:00:00+07:00,wed,pm,83.17659561540783,14.502142736829068,82,26,1.79283851164776,ok,,google,0.5838001245588674,0.9858542465377138,0.9719085954164434,,True,observed_google
5394983725_5155448055_0,5394983725,5155448055,0,thu_01,2026-06-04T01:00:00+07:00,2026-06-04T01:00:00+07:00,thu,night,83.17659561540783,14.502142736829068,82,26,1.79283851164776,ok,,google,0.5838001245588674,0.9858542465377138,0.9719085954164434,,True,observed_google
5394983725_5155448055_0,5394983725,5155448055,0,thu_07,2026-06-04T07:00:00+07:00,2026-06-04T07:00:00+07:00,thu,am,83.17659561540783,14.502142736829068,82,26,1.79283851164776,ok,,google,0.5838001245588674,0.9858542465377138,0.9719085954164434,,True,observed_google
5394983725_5155448055_0,5394983725,5155448055,0,thu_17,2026-06-04T17:00:00+07:00,2026-06-04T17:00:00+07:00,thu,pm,83.17659561540783,14.502142736829068,82,26,1.79283851164776,ok,,google,0.5838001245588674,0.9858542465377138,0.9719085954164434,,True,observed_google
5394983725_5155448055_0,5394983725,5155448055,0,fri_01,2026-06-05T01:00:00+07:00,2026-06-05T01:00:00+07:00,fri,night,83.17659561540783,14.502142736829068,82,26,1.79283851164776,ok,,google,0.5838001245588674,0.9858542465377138,0.9719085954164434,,True,observed_google
5394983725_5155448055_0,5394983725,5155448055,0,fri_07,2026-06-05T07:00:00+07:00,2026-06-05T07:00:00+07:00,fri,am,83.17659561540783,14.502142736829068,82,26,1.79283851164776,ok,,google,0.5838001245588674,0.9858542465377138,0.9719085954164434,,True,observed_google
5394983725_5155448055_0,5394983725,5155448055,0,fri_17,2026-06-05T17:00:00+07:00,2026-06-05T17:00:00+07:00,fri,pm,83.17659561540783,14.502142736829068,82,26,1.79283851164776,ok,,google,0.5838001245588674,0.9858542465377138,0.9719085954164434,,True,observed_google
5394983725_5155448055_0,5394983725,5155448055,0,sat_01,2026-06-06T01:00:00+07:00,2026-06-06T01:00:00+07:00,sat,night,83.17659561540783,14.502142736829068,82,26,1.79283851164776,ok,,google,0.5838001245588674,0.9858542465377138,0.9719085954164434,,True,observed_google
5394983725_5155448055_0,5394983725,5155448055,0,sat_07,2026-06-06T07:00:00+07:00,2026-06-06T07:00:00+07:00,sat,am,83.17659561540783,14.502142736829068,82,26,1.79283851164776,ok,,google,0.5838001245588674,0.9858542465377138,0.9719085954164434,,True,observed_google
5394983725_5155448055_0,5394983725,5155448055,0,sat_17,2026-06-06T17:00:00+07:00,2026-06-06T17:00:00+07:00,sat,pm,83.17659561540783,14.502142736829068,82,26,1.79283851164776,ok,,google,0.5838001245588674,0.9858542465377138,0.9719085954164434,,True,observed_google
5394983725_5155448055_0,5394983725,5155448055,0,sun_01,2026-06-07T01:00:00+07:00,2026-06-07T01:00:00+07:00,sun,night,83.17659561540783,14.502142736829068,82,26,1.79283851164776,ok,,google,0.5838001245588674,0.9858542465377138,0.9719085954164434,,True,observed_google
5394983725_5155448055_0,5394983725,5155448055,0,sun_07,2026-06-07T07:00:00+07:00,2026-06-07T07:00:00+07:00,sun,am,83.17659561540783,14.502142736829068,82,26,1.79283851164776,ok,,google,0.5838001245588674,0.9858542465377138,0.9719085954164434,,True,observed_google
5394983725_5155448055_0,5394983725,5155448055,0,sun_17,2026-06-07T17:00:00+07:00,2026-06-07T17:00:00+07:00,sun,pm,83.17659561540783,14.502142736829068,82,26,1.79283851164776,ok,,google,0.5838001245588674,0.9858542465377138,0.9719085954164434,,True,observed_google
3029831021_5444283507_0,3029831021,5444283507,0,mon_01,2026-06-01T01:00:00+07:00,2026-06-08T01:00:00+07:00,mon,night,68.16406604434727,11.884653465122716,65,31,2.608405881666984,ok,,google,0.9587392614289334,0.9535816123074475,0.9093178913308712,,True,observed_google
3029831021_5444283507_0,3029831021,5444283507,0,mon_07,2026-06-01T07:00:00+07:00,2026-06-01T07:00:00+07:00,mon,am,68.16406604434727,11.884653465122716,65,31,2.608405881666984,ok,,google,0.9587392614289334,0.9535816123074475,0.9093178913308712,,True,observed_google
3029831021_5444283507_0,3029831021,5444283507,0,mon_17,2026-06-01T17:00:00+07:00,2026-06-01T17:00:00+07:00,mon,pm,68.16406604434727,11.884653465122716,65,31,2.608405881666984,ok,,google,0.9587392614289334,0.9535816123074475,0.9093178913308712,,True,observed_google
3029831021_5444283507_0,3029831021,5444283507,0,tue_01,2026-06-02T01:00:00+07:00,2026-06-02T01:00:00+07:00,tue,night,68.16406604434727,11.884653465122716,65,31,2.608405881666984,ok,,google,0.9587392614289334,0.9535816123074475,0.9093178913308712,,True,observed_google
3029831021_5444283507_0,3029831021,5444283507,0,tue_07,2026-06-02T07:00:00+07:00,2026-06-02T07:00:00+07:00,tue,am,68.16406604434727,11.884653465122716,65,31,2.608405881666984,ok,,google,0.9587392614289334,0.9535816123074475,0.9093178913308712,,True,observed_google
3029831021_5444283507_0,3029831021,5444283507,0,tue_17,2026-06-02T17:00:00+07:00,2026-06-02T17:00:00+07:00,tue,pm,68.16406604434727,11.884653465122716,65,31,2.608405881666984,ok,,google,0.9587392614289334,0.9535816123074475,0.9093178913308712,,True,observed_google
3029831021_5444283507_0,3029831021,5444283507,0,wed_01,2026-06-03T01:00:00+07:00,2026-06-03T01:00:00+07:00,wed,night,68.16406604434727,11.884653465122716,65,31,2.608405881666984,ok,,google,0.9587392614289334,0.9535816123074475,0.9093178913308712,,True,observed_google
3029831021_5444283507_0,3029831021,5444283507,0,wed_07,2026-06-03T07:00:00+07:00,2026-06-03T07:00:00+07:00,wed,am,68.16406604434727,11.884653465122716,65,31,2.608405881666984,ok,,google,0.9587392614289334,0.9535816123074475,0.9093178913308712,,True,observed_google
3029831021_5444283507_0,3029831021,5444283507,0,wed_17,2026-06-03T17:00:00+07:00,2026-06-03T17:00:00+07:00,wed,pm,68.16406604434727,11.884653465122716,65,31,2.608405881666984,ok,,google,0.9587392614289334,0.9535816123074475,0.9093178913308712,,True,observed_google
3029831021_5444283507_0,3029831021,5444283507,0,thu_01,2026-06-04T01:00:00+07:00,2026-06-04T01:00:00+07:00,thu,night,68.16406604434727,11.884653465122716,65,31,2.608405881666984,ok,,google,0.9587392614289334,0.9535816123074475,0.9093178913308712,,True,observed_google
3029831021_5444283507_0,3029831021,5444283507,0,thu_07,2026-06-04T07:00:00+07:00,2026-06-04T07:00:00+07:00,thu,am,68.16406604434727,11.884653465122716,65,31,2.608405881666984,ok,,google,0.9587392614289334,0.9535816123074475,0.9093178913308712,,True,observed_google
3029831021_5444283507_0,3029831021,5444283507,0,thu_17,2026-06-04T17:00:00+07:00,2026-06-04T17:00:00+07:00,thu,pm,68.16406604434727,11.884653465122716,65,31,2.608405881666984,ok,,google,0.9587392614289334,0.9535816123074475,0.9093178913308712,,True,observed_google
3029831021_5444283507_0,3029831021,5444283507,0,fri_01,2026-06-05T01:00:00+07:00,2026-06-05T01:00:00+07:00,fri,night,68.16406604434727,11.884653465122716,65,31,2.608405881666984,ok,,google,0.9587392614289334,0.9535816123074475,0.9093178913308712,,True,observed_google
3029831021_5444283507_0,3029831021,5444283507,0,fri_07,2026-06-05T07:00:00+07:00,2026-06-05T07:00:00+07:00,fri,am,68.16406604434727,11.884653465122716,65,31,2.608405881666984,ok,,google,0.9587392614289334,0.9535816123074475,0.9093178913308712,,True,observed_google
3029831021_5444283507_0,3029831021,5444283507,0,fri_17,2026-06-05T17:00:00+07:00,2026-06-05T17:00:00+07:00,fri,pm,68.16406604434727,11.884653465122716,65,31,2.608405881666984,ok,,google,0.9587392614289334,0.9535816123074475,0.9093178913308712,,True,observed_google
3029831021_5444283507_0,3029831021,5444283507,0,sat_01,2026-06-06T01:00:00+07:00,2026-06-06T01:00:00+07:00,sat,night,68.16406604434727,11.884653465122716,65,31,2.608405881666984,ok,,google,0.9587392614289334,0.9535816123074475,0.9093178913308712,,True,observed_google
3029831021_5444283507_0,3029831021,5444283507,0,sat_07,2026-06-06T07:00:00+07:00,2026-06-06T07:00:00+07:00,sat,am,68.16406604434727,11.884653465122716,65,31,2.608405881666984,ok,,google,0.9587392614289334,0.9535816123074475,0.9093178913308712,,True,observed_google
3029831021_5444283507_0,3029831021,5444283507,0,sat_17,2026-06-06T17:00:00+07:00,2026-06-06T17:00:00+07:00,sat,pm,68.16406604434727,11.884653465122716,65,31,2.608405881666984,ok,,google,0.9587392614289334,0.9535816123074475,0.9093178913308712,,True,observed_google
3029831021_5444283507_0,3029831021,5444283507,0,sun_01,2026-06-07T01:00:00+07:00,2026-06-07T01:00:00+07:00,sun,night,68.16406604434727,11.884653465122716,65,31,2.608405881666984,ok,,google,0.9587392614289334,0.9535816123074475,0.9093178913308712,,True,observed_google
3029831021_5444283507_0,3029831021,5444283507,0,sun_07,2026-06-07T07:00:00+07:00,2026-06-07T07:00:00+07:00,sun,am,68.16406604434727,11.884653465122716,65,31,2.608405881666984,ok,,google,0.9587392614289334,0.9535816123074475,0.9093178913308712,,True,observed_google
3029831021_5444283507_0,3029831021,5444283507,0,sun_17,2026-06-07T17:00:00+07:00,2026-06-07T17:00:00+07:00,sun,pm,68.16406604434727,11.884653465122716,65,31,2.608405881666984,ok,,google,0.9587392614289334,0.9535816123074475,0.9093178913308712,,True,observed_google
3274557964_5369663032_0,3274557964,5369663032,0,mon_01,2026-06-01T01:00:00+07:00,2026-06-08T01:00:00+07:00,mon,night,76.95260846458795,13.851469523625832,75,24,1.7326681446372367,ok,,google,0.5496625005542322,0.9746258313584457,0.9498955111511415,,True,observed_google
3274557964_5369663032_0,3274557964,5369663032,0,mon_07,2026-06-01T07:00:00+07:00,2026-06-01T07:00:00+07:00,mon,am,76.95260846458795,13.851469523625832,75,24,1.7326681446372367,ok,,google,0.5496625005542322,0.9746258313584457,0.9498955111511415,,True,observed_google
3274557964_5369663032_0,3274557964,5369663032,0,mon_17,2026-06-01T17:00:00+07:00,2026-06-01T17:00:00+07:00,mon,pm,76.95260846458795,13.851469523625832,75,24,1.7326681446372367,ok,,google,0.5496625005542322,0.9746258313584457,0.9498955111511415,,True,observed_google
3274557964_5369663032_0,3274557964,5369663032,0,tue_01,2026-06-02T01:00:00+07:00,2026-06-02T01:00:00+07:00,tue,night,76.95260846458795,13.851469523625832,75,24,1.7326681446372367,ok,,google,0.5496625005542322,0.9746258313584457,0.9498955111511415,,True,observed_google
3274557964_5369663032_0,3274557964,5369663032,0,tue_07,2026-06-02T07:00:00+07:00,2026-06-02T07:00:00+07:00,tue,am,76.95260846458795,13.851469523625832,75,24,1.7326681446372367,ok,,google,0.5496625005542322,0.9746258313584457,0.9498955111511415,,True,observed_google
3274557964_5369663032_0,3274557964,5369663032,0,tue_17,2026-06-02T17:00:00+07:00,2026-06-02T17:00:00+07:00,tue,pm,76.95260846458795,13.851469523625832,75,24,1.7326681446372367,ok,,google,0.5496625005542322,0.9746258313584457,0.9498955111511415,,True,observed_google
3274557964_5369663032_0,3274557964,5369663032,0,wed_01,2026-06-03T01:00:00+07:00,2026-06-03T01:00:00+07:00,wed,night,76.95260846458795,13.851469523625832,75,24,1.7326681446372367,ok,,google,0.5496625005542322,0.9746258313584457,0.9498955111511415,,True,observed_google
3274557964_5369663032_0,3274557964,5369663032,0,wed_07,2026-06-03T07:00:00+07:00,2026-06-03T07:00:00+07:00,wed,am,76.95260846458795,13.851469523625832,75,24,1.7326681446372367,ok,,google,0.5496625005542322,0.9746258313584457,0.9498955111511415,,True,observed_google
3274557964_5369663032_0,3274557964,5369663032,0,wed_17,2026-06-03T17:00:00+07:00,2026-06-03T17:00:00+07:00,wed,pm,76.95260846458795,13.851469523625832,75,24,1.7326681446372367,ok,,google,0.5496625005542322,0.9746258313584457,0.9498955111511415,,True,observed_google
3274557964_5369663032_0,3274557964,5369663032,0,thu_01,2026-06-04T01:00:00+07:00,2026-06-04T01:00:00+07:00,thu,night,76.95260846458795,13.851469523625832,75,24,1.7326681446372367,ok,,google,0.5496625005542322,0.9746258313584457,0.9498955111511415,,True,observed_google
3274557964_5369663032_0,3274557964,5369663032,0,thu_07,2026-06-04T07:00:00+07:00,2026-06-04T07:00:00+07:00,thu,am,76.95260846458795,13.851469523625832,75,24,1.7326681446372367,ok,,google,0.5496625005542322,0.9746258313584457,0.9498955111511415,,True,observed_google
3274557964_5369663032_0,3274557964,5369663032,0,thu_17,2026-06-04T17:00:00+07:00,2026-06-04T17:00:00+07:00,thu,pm,76.95260846458795,13.851469523625832,75,24,1.7326681446372367,ok,,google,0.5496625005542322,0.9746258313584457,0.9498955111511415,,True,observed_google
3274557964_5369663032_0,3274557964,5369663032,0,fri_01,2026-06-05T01:00:00+07:00,2026-06-05T01:00:00+07:00,fri,night,76.95260846458795,13.851469523625832,75,24,1.7326681446372367,ok,,google,0.5496625005542322,0.9746258313584457,0.9498955111511415,,True,observed_google
3274557964_5369663032_0,3274557964,5369663032,0,fri_07,2026-06-05T07:00:00+07:00,2026-06-05T07:00:00+07:00,fri,am,76.95260846458795,13.851469523625832,75,24,1.7326681446372367,ok,,google,0.5496625005542322,0.9746258313584457,0.9498955111511415,,True,observed_google
3274557964_5369663032_0,3274557964,5369663032,0,fri_17,2026-06-05T17:00:00+07:00,2026-06-05T17:00:00+07:00,fri,pm,76.95260846458795,13.851469523625832,75,24,1.7326681446372367,ok,,google,0.5496625005542322,0.9746258313584457,0.9498955111511415,,True,observed_google
3274557964_5369663032_0,3274557964,5369663032,0,sat_01,2026-06-06T01:00:00+07:00,2026-06-06T01:00:00+07:00,sat,night,76.95260846458795,13.851469523625832,75,24,1.7326681446372367,ok,,google,0.5496625005542322,0.9746258313584457,0.9498955111511415,,True,observed_google
3274557964_5369663032_0,3274557964,5369663032,0,sat_07,2026-06-06T07:00:00+07:00,2026-06-06T07:00:00+07:00,sat,am,76.95260846458795,13.851469523625832,75,24,1.7326681446372367,ok,,google,0.5496625005542322,0.9746258313584457,0.9498955111511415,,True,observed_google
3274557964_5369663032_0,3274557964,5369663032,0,sat_17,2026-06-06T17:00:00+07:00,2026-06-06T17:00:00+07:00,sat,pm,76.95260846458795,13.851469523625832,75,24,1.7326681446372367,ok,,google,0.5496625005542322,0.9746258313584457,0.9498955111511415,,True,observed_google
3274557964_5369663032_0,3274557964,5369663032,0,sun_01,2026-06-07T01:00:00+07:00,2026-06-07T01:00:00+07:00,sun,night,76.95260846458795,13.851469523625832,75,24,1.7326681446372367,ok,,google,0.5496625005542322,0.9746258313584457,0.9498955111511415,,True,observed_google
3274557964_5369663032_0,3274557964,5369663032,0,sun_07,2026-06-07T07:00:00+07:00,2026-06-07T07:00:00+07:00,sun,am,76.95260846458795,13.851469523625832,75,24,1.7326681446372367,ok,,google,0.5496625005542322,0.9746258313584457,0.9498955111511415,,True,observed_google
3274557964_5369663032_0,3274557964,5369663032,0,sun_17,2026-06-07T17:00:00+07:00,2026-06-07T17:00:00+07:00,sun,pm,76.95260846458795,13.851469523625832,75,24,1.7326681446372367,ok,,google,0.5496625005542322,0.9746258313584457,0.9498955111511415,,True,observed_google
12841104396_1711736719_0,12841104396,1711736719,0,mon_01,2026-06-01T01:00:00+07:00,2026-06-08T01:00:00+07:00,mon,night,500.75194490535466,129.46371786446582,1072,207,1.598903564755541,ok,,google,0.4693181223117501,2.140780502016053,0.21820048863062427,route_ratio_above_max,False,observed_google
12841104396_1711736719_0,12841104396,1711736719,0,mon_07,2026-06-01T07:00:00+07:00,2026-06-01T07:00:00+07:00,mon,am,500.75194490535466,129.46371786446582,1072,273,2.108698904242815,ok,,google,0.7460711242313407,2.140780502016053,0.21820048863062427,route_ratio_above_max,False,observed_google
12841104396_1711736719_0,12841104396,1711736719,0,mon_17,2026-06-01T17:00:00+07:00,2026-06-01T17:00:00+07:00,mon,pm,500.75194490535466,129.46371786446582,1072,266,2.054629701569922,ok,,google,0.72009563782808,2.140780502016053,0.21820048863062427,route_ratio_above_max,False,observed_google
12841104396_1711736719_0,12841104396,1711736719,0,tue_01,2026-06-02T01:00:00+07:00,2026-06-02T01:00:00+07:00,tue,night,500.75194490535466,129.46371786446582,1072,205,1.5834552211347144,ok,,google,0.4596093081847891,2.140780502016053,0.21820048863062427,route_ratio_above_max,False,observed_google
12841104396_1711736719_0,12841104396,1711736719,0,tue_07,2026-06-02T07:00:00+07:00,2026-06-02T07:00:00+07:00,tue,am,500.75194490535466,129.46371786446582,1072,262,2.023733014328269,ok,,google,0.7049438328074779,2.140780502016053,0.21820048863062427,route_ratio_above_max,False,observed_google
12841104396_1711736719_0,12841104396,1711736719,0,tue_17,2026-06-02T17:00:00+07:00,2026-06-02T17:00:00+07:00,tue,pm,500.75194490535466,129.46371786446582,1072,263,2.0314571861386823,ok,,google,0.7087533612241455,2.140780502016053,0.21820048863062427,route_ratio_above_max,False,observed_google
12841104396_1711736719_0,12841104396,1711736719,0,wed_01,2026-06-03T01:00:00+07:00,2026-06-03T01:00:00+07:00,wed,night,500.75194490535466,129.46371786446582,1072,206,1.5911793929451277,ok,,google,0.46447549783596204,2.140780502016053,0.21820048863062427,route_ratio_above_max,False,observed_google
12841104396_1711736719_0,12841104396,1711736719,0,wed_07,2026-06-03T07:00:00+07:00,2026-06-03T07:00:00+07:00,wed,am,500.75194490535466,129.46371786446582,1072,256,1.9773879834657897,ok,,google,0.6817767735259435,2.140780502016053,0.21820048863062427,route_ratio_above_max,False,observed_google
12841104396_1711736719_0,12841104396,1711736719,0,wed_17,2026-06-03T17:00:00+07:00,2026-06-03T17:00:00+07:00,wed,pm,500.75194490535466,129.46371786446582,1072,271,2.093250560621988,ok,,google,0.7387181499260818,2.140780502016053,0.21820048863062427,route_ratio_above_max,False,observed_google
12841104396_1711736719_0,12841104396,1711736719,0,thu_01,2026-06-04T01:00:00+07:00,2026-06-04T01:00:00+07:00,thu,night,500.75194490535466,129.46371786446582,1072,206,1.5911793929451277,ok,,google,0.46447549783596204,2.140780502016053,0.21820048863062427,route_ratio_above_max,False,observed_google
12841104396_1711736719_0,12841104396,1711736719,0,thu_07,2026-06-04T07:00:00+07:00,2026-06-04T07:00:00+07:00,thu,am,500.75194490535466,129.46371786446582,1072,262,2.023733014328269,ok,,google,0.7049438328074779,2.140780502016053,0.21820048863062427,route_ratio_above_max,False,observed_google
12841104396_1711736719_0,12841104396,1711736719,0,thu_17,2026-06-04T17:00:00+07:00,2026-06-04T17:00:00+07:00,thu,pm,500.75194490535466,129.46371786446582,1072,265,2.046905529759509,ok,,google,0.7163291550326032,2.140780502016053,0.21820048863062427,route_ratio_above_max,False,observed_google
12841104396_1711736719_0,12841104396,1711736719,0,fri_01,2026-06-05T01:00:00+07:00,2026-06-05T01:00:00+07:00,fri,night,500.75194490535466,129.46371786446582,1072,213,1.6452485956180205,ok,,google,0.497891494755806,2.140780502016053,0.21820048863062427,route_ratio_above_max,False,observed_google
12841104396_1711736719_0,12841104396,1711736719,0,fri_07,2026-06-05T07:00:00+07:00,2026-06-05T07:00:00+07:00,fri,am,500.75194490535466,129.46371786446582,1072,243,1.876973749930417,ok,,google,0.6296607723869294,2.140780502016053,0.21820048863062427,route_ratio_above_max,False,observed_google
12841104396_1711736719_0,12841104396,1711736719,0,fri_17,2026-06-05T17:00:00+07:00,2026-06-05T17:00:00+07:00,fri,pm,500.75194490535466,129.46371786446582,1072,266,2.054629701569922,ok,,google,0.72009563782808,2.140780502016053,0.21820048863062427,route_ratio_above_max,False,observed_google
12841104396_1711736719_0,12841104396,1711736719,0,sat_01,2026-06-06T01:00:00+07:00,2026-06-06T01:00:00+07:00,sat,night,500.75194490535466,129.46371786446582,1072,209,1.614351908376367,ok,,google,0.47893358101119193,2.140780502016053,0.21820048863062427,route_ratio_above_max,False,observed_google
12841104396_1711736719_0,12841104396,1711736719,0,sat_07,2026-06-06T07:00:00+07:00,2026-06-06T07:00:00+07:00,sat,am,500.75194490535466,129.46371786446582,1072,231,1.784283688205459,ok,,google,0.5790170395681745,2.140780502016053,0.21820048863062427,route_ratio_above_max,False,observed_google
12841104396_1711736719_0,12841104396,1711736719,0,sat_17,2026-06-06T17:00:00+07:00,2026-06-06T17:00:00+07:00,sat,pm,500.75194490535466,129.46371786446582,1072,261,2.016008842517856,ok,,google,0.7011197363690742,2.140780502016053,0.21820048863062427,route_ratio_above_max,False,observed_google
12841104396_1711736719_0,12841104396,1711736719,0,sun_01,2026-06-07T01:00:00+07:00,2026-06-07T01:00:00+07:00,sun,night,500.75194490535466,129.46371786446582,1072,214,1.6529727674284336,ok,,google,0.5025753440682325,2.140780502016053,0.21820048863062427,route_ratio_above_max,False,observed_google
12841104396_1711736719_0,12841104396,1711736719,0,sun_07,2026-06-07T07:00:00+07:00,2026-06-07T07:00:00+07:00,sun,am,500.75194490535466,129.46371786446582,1072,226,1.7456628291533924,ok,,google,0.5571343283186668,2.140780502016053,0.21820048863062427,route_ratio_above_max,False,observed_google
12841104396_1711736719_0,12841104396,1711736719,0,sun_17,2026-06-07T17:00:00+07:00,2026-06-07T17:00:00+07:00,sun,pm,500.75194490535466,129.46371786446582,1072,262,2.023733014328269,ok,,google,0.7049438328074779,2.140780502016053,0.21820048863062427,route_ratio_above_max,False,observed_google
5397556674_6715130341_0,5397556674,6715130341,0,mon_01,2026-06-01T01:00:00+07:00,2026-06-08T01:00:00+07:00,mon,night,96.26782299780588,24.8889503132532,680,142,5.705343062394478,ok,,google,1.7414031151422766,7.063627064834513,0.020042157752458652,route_ratio_above_max,False,observed_google
5397556674_6715130341_0,5397556674,6715130341,0,mon_07,2026-06-01T07:00:00+07:00,2026-06-01T07:00:00+07:00,mon,am,96.26782299780588,24.8889503132532,680,148,5.94641389601678,ok,,google,1.782788331305131,7.063627064834513,0.020042157752458652,route_ratio_above_max,False,observed_google
5397556674_6715130341_0,5397556674,6715130341,0,mon_17,2026-06-01T17:00:00+07:00,2026-06-01T17:00:00+07:00,mon,pm,96.26782299780588,24.8889503132532,680,216,8.678550010402867,ok,,google,2.160854465225181,7.063627064834513,0.020042157752458652,route_ratio_above_max,False,observed_google
5397556674_6715130341_0,5397556674,6715130341,0,tue_01,2026-06-02T01:00:00+07:00,2026-06-02T01:00:00+07:00,tue,night,96.26782299780588,24.8889503132532,680,143,5.745521534664862,ok,,google,1.7484206878009232,7.063627064834513,0.020042157752458652,route_ratio_above_max,False,observed_google
5397556674_6715130341_0,5397556674,6715130341,0,tue_07,2026-06-02T07:00:00+07:00,2026-06-02T07:00:00+07:00,tue,am,96.26782299780588,24.8889503132532,680,164,6.589269452342919,ok,,google,1.8854424853652143,7.063627064834513,0.020042157752458652,route_ratio_above_max,False,observed_google
5397556674_6715130341_0,5397556674,6715130341,0,tue_17,2026-06-02T17:00:00+07:00,2026-06-02T17:00:00+07:00,tue,pm,96.26782299780588,24.8889503132532,680,222,8.91962084402517,ok,,google,2.1882534394132955,7.063627064834513,0.020042157752458652,route_ratio_above_max,False,observed_google
5397556674_6715130341_0,5397556674,6715130341,0,wed_01,2026-06-03T01:00:00+07:00,2026-06-03T01:00:00+07:00,wed,night,96.26782299780588,24.8889503132532,680,142,5.705343062394478,ok,,google,1.7414031151422766,7.063627064834513,0.020042157752458652,route_ratio_above_max,False,observed_google
5397556674_6715130341_0,5397556674,6715130341,0,wed_07,2026-06-03T07:00:00+07:00,2026-06-03T07:00:00+07:00,wed,am,96.26782299780588,24.8889503132532,680,174,6.991054175046755,ok,,google,1.944631356755545,7.063627064834513,0.020042157752458652,route_ratio_above_max,False,observed_google
5397556674_6715130341_0,5397556674,6715130341,0,wed_17,2026-06-03T17:00:00+07:00,2026-06-03T17:00:00+07:00,wed,pm,96.26782299780588,24.8889503132532,680,203,8.15622987088788,ok,,google,2.0987820365828034,7.063627064834513,0.020042157752458652,route_ratio_above_max,False,observed_google
5397556674_6715130341_0,5397556674,6715130341,0,thu_01,2026-06-04T01:00:00+07:00,2026-06-04T01:00:00+07:00,thu,night,96.26782299780588,24.8889503132532,680,142,5.705343062394478,ok,,google,1.7414031151422766,7.063627064834513,0.020042157752458652,route_ratio_above_max,False,observed_google
5397556674_6715130341_0,5397556674,6715130341,0,thu_07,2026-06-04T07:00:00+07:00,2026-06-04T07:00:00+07:00,thu,am,96.26782299780588,24.8889503132532,680,180,7.232125008669056,ok,,google,1.9785329084312262,7.063627064834513,0.020042157752458652,route_ratio_above_max,False,observed_google
5397556674_6715130341_0,5397556674,6715130341,0,thu_17,2026-06-04T17:00:00+07:00,2026-06-04T17:00:00+07:00,thu,pm,96.26782299780588,24.8889503132532,680,215,8.638371538132484,ok,,google,2.1562140856686787,7.063627064834513,0.020042157752458652,route_ratio_above_max,False,observed_google
5397556674_6715130341_0,5397556674,6715130341,0,fri_01,2026-06-05T01:00:00+07:00,2026-06-05T01:00:00+07:00,fri,night,96.26782299780588,24.8889503132532,680,142,5.705343062394478,ok,,google,1.7414031151422766,7.063627064834513,0.020042157752458652,route_ratio_above_max,False,observed_google
5397556674_6715130341_0,5397556674,6715130341,0,fri_07,2026-06-05T07:00:00+07:00,2026-06-05T07:00:00+07:00,fri,am,96.26782299780588,24.8889503132532,680,166,6.669626396883686,ok,,google,1.8975638458975592,7.063627064834513,0.020042157752458652,route_ratio_above_max,False,observed_google
5397556674_6715130341_0,5397556674,6715130341,0,fri_17,2026-06-05T17:00:00+07:00,2026-06-05T17:00:00+07:00,fri,pm,96.26782299780588,24.8889503132532,680,212,8.517836121321334,ok,,google,2.1421623322130285,7.063627064834513,0.020042157752458652,route_ratio_above_max,False,observed_google
5397556674_6715130341_0,5397556674,6715130341,0,sat_01,2026-06-06T01:00:00+07:00,2026-06-06T01:00:00+07:00,sat,night,96.26782299780588,24.8889503132532,680,142,5.705343062394478,ok,,google,1.7414031151422766,7.063627064834513,0.020042157752458652,route_ratio_above_max,False,observed_google
5397556674_6715130341_0,5397556674,6715130341,0,sat_07,2026-06-06T07:00:00+07:00,2026-06-06T07:00:00+07:00,sat,am,96.26782299780588,24.8889503132532,680,146,5.866056951476013,ok,,google,1.7691826792493524,7.063627064834513,0.020042157752458652,route_ratio_above_max,False,observed_google
5397556674_6715130341_0,5397556674,6715130341,0,sat_17,2026-06-06T17:00:00+07:00,2026-06-06T17:00:00+07:00,sat,pm,96.26782299780588,24.8889503132532,680,211,8.47765764905095,ok,,google,2.1374341910170824,7.063627064834513,0.020042157752458652,route_ratio_above_max,False,observed_google
5397556674_6715130341_0,5397556674,6715130341,0,sun_01,2026-06-07T01:00:00+07:00,2026-06-07T01:00:00+07:00,sun,night,96.26782299780588,24.8889503132532,680,142,5.705343062394478,ok,,google,1.7414031151422766,7.063627064834513,0.020042157752458652,route_ratio_above_max,False,observed_google
5397556674_6715130341_0,5397556674,6715130341,0,sun_07,2026-06-07T07:00:00+07:00,2026-06-07T07:00:00+07:00,sun,am,96.26782299780588,24.8889503132532,680,156,6.2678416741798495,ok,,google,1.835432064790553,7.063627064834513,0.020042157752458652,route_ratio_above_max,False,observed_google
5397556674_6715130341_0,5397556674,6715130341,0,sun_17,2026-06-07T17:00:00+07:00,2026-06-07T17:00:00+07:00,sun,pm,96.26782299780588,24.8889503132532,680,204,8.196408343158264,ok,,google,2.1036960513852323,7.063627064834513,0.020042157752458652,route_ratio_above_max,False,observed_google
6642480047_6642480083_0,6642480047,6642480083,0,mon_01,2026-06-01T01:00:00+07:00,2026-06-08T01:00:00+07:00,mon,night,95.13087967917495,24.59500655421509,18,8,0.3252692770122056,ok,,google,-1.123101895053103,0.18921300907449057,0.03580156280302324,route_ratio_below_min,False,observed_google
6642480047_6642480083_0,6642480047,6642480083,0,mon_07,2026-06-01T07:00:00+07:00,2026-06-01T07:00:00+07:00,mon,am,95.13087967917495,24.59500655421509,18,8,0.3252692770122056,ok,,google,-1.123101895053103,0.18921300907449057,0.03580156280302324,route_ratio_below_min,False,observed_google
6642480047_6642480083_0,6642480047,6642480083,0,mon_17,2026-06-01T17:00:00+07:00,2026-06-01T17:00:00+07:00,mon,pm,95.13087967917495,24.59500655421509,18,8,0.3252692770122056,ok,,google,-1.123101895053103,0.18921300907449057,0.03580156280302324,route_ratio_below_min,False,observed_google
6642480047_6642480083_0,6642480047,6642480083,0,tue_01,2026-06-02T01:00:00+07:00,2026-06-02T01:00:00+07:00,tue,night,95.13087967917495,24.59500655421509,18,8,0.3252692770122056,ok,,google,-1.123101895053103,0.18921300907449057,0.03580156280302324,route_ratio_below_min,False,observed_google
6642480047_6642480083_0,6642480047,6642480083,0,tue_07,2026-06-02T07:00:00+07:00,2026-06-02T07:00:00+07:00,tue,am,95.13087967917495,24.59500655421509,18,8,0.3252692770122056,ok,,google,-1.123101895053103,0.18921300907449057,0.03580156280302324,route_ratio_below_min,False,observed_google
6642480047_6642480083_0,6642480047,6642480083,0,tue_17,2026-06-02T17:00:00+07:00,2026-06-02T17:00:00+07:00,tue,pm,95.13087967917495,24.59500655421509,18,8,0.3252692770122056,ok,,google,-1.123101895053103,0.18921300907449057,0.03580156280302324,route_ratio_below_min,False,observed_google
6642480047_6642480083_0,6642480047,6642480083,0,wed_01,2026-06-03T01:00:00+07:00,2026-06-03T01:00:00+07:00,wed,night,95.13087967917495,24.59500655421509,18,8,0.3252692770122056,ok,,google,-1.123101895053103,0.18921300907449057,0.03580156280302324,route_ratio_below_min,False,observed_google
6642480047_6642480083_0,6642480047,6642480083,0,wed_07,2026-06-03T07:00:00+07:00,2026-06-03T07:00:00+07:00,wed,am,95.13087967917495,24.59500655421509,18,8,0.3252692770122056,ok,,google,-1.123101895053103,0.18921300907449057,0.03580156280302324,route_ratio_below_min,False,observed_google
6642480047_6642480083_0,6642480047,6642480083,0,wed_17,2026-06-03T17:00:00+07:00,2026-06-03T17:00:00+07:00,wed,pm,95.13087967917495,24.59500655421509,18,8,0.3252692770122056,ok,,google,-1.123101895053103,0.18921300907449057,0.03580156280302324,route_ratio_below_min,False,observed_google
6642480047_6642480083_0,6642480047,6642480083,0,thu_01,2026-06-04T01:00:00+07:00,2026-06-04T01:00:00+07:00,thu,night,95.13087967917495,24.59500655421509,18,8,0.3252692770122056,ok,,google,-1.123101895053103,0.18921300907449057,0.03580156280302324,route_ratio_below_min,False,observed_google
6642480047_6642480083_0,6642480047,6642480083,0,thu_07,2026-06-04T07:00:00+07:00,2026-06-04T07:00:00+07:00,thu,am,95.13087967917495,24.59500655421509,18,8,0.3252692770122056,ok,,google,-1.123101895053103,0.18921300907449057,0.03580156280302324,route_ratio_below_min,False,observed_google
6642480047_6642480083_0,6642480047,6642480083,0,thu_17,2026-06-04T17:00:00+07:00,2026-06-04T17:00:00+07:00,thu,pm,95.13087967917495,24.59500655421509,18,8,0.3252692770122056,ok,,google,-1.123101895053103,0.18921300907449057,0.03580156280302324,route_ratio_below_min,False,observed_google
6642480047_6642480083_0,6642480047,6642480083,0,fri_01,2026-06-05T01:00:00+07:00,2026-06-05T01:00:00+07:00,fri,night,95.13087967917495,24.59500655421509,18,8,0.3252692770122056,ok,,google,-1.123101895053103,0.18921300907449057,0.03580156280302324,route_ratio_below_min,False,observed_google
6642480047_6642480083_0,6642480047,6642480083,0,fri_07,2026-06-05T07:00:00+07:00,2026-06-05T07:00:00+07:00,fri,am,95.13087967917495,24.59500655421509,18,8,0.3252692770122056,ok,,google,-1.123101895053103,0.18921300907449057,0.03580156280302324,route_ratio_below_min,False,observed_google
6642480047_6642480083_0,6642480047,6642480083,0,fri_17,2026-06-05T17:00:00+07:00,2026-06-05T17:00:00+07:00,fri,pm,95.13087967917495,24.59500655421509,18,8,0.3252692770122056,ok,,google,-1.123101895053103,0.18921300907449057,0.03580156280302324,route_ratio_below_min,False,observed_google
6642480047_6642480083_0,6642480047,6642480083,0,sat_01,2026-06-06T01:00:00+07:00,2026-06-06T01:00:00+07:00,sat,night,95.13087967917495,24.59500655421509,18,8,0.3252692770122056,ok,,google,-1.123101895053103,0.18921300907449057,0.03580156280302324,route_ratio_below_min,False,observed_google
6642480047_6642480083_0,6642480047,6642480083,0,sat_07,2026-06-06T07:00:00+07:00,2026-06-06T07:00:00+07:00,sat,am,95.13087967917495,24.59500655421509,18,8,0.3252692770122056,ok,,google,-1.123101895053103,0.18921300907449057,0.03580156280302324,route_ratio_below_min,False,observed_google
6642480047_6642480083_0,6642480047,6642480083,0,sat_17,2026-06-06T17:00:00+07:00,2026-06-06T17:00:00+07:00,sat,pm,95.13087967917495,24.59500655421509,18,8,0.3252692770122056,ok,,google,-1.123101895053103,0.18921300907449057,0.03580156280302324,route_ratio_below_min,False,observed_google
6642480047_6642480083_0,6642480047,6642480083,0,sun_01,2026-06-07T01:00:00+07:00,2026-06-07T01:00:00+07:00,sun,night,95.13087967917495,24.59500655421509,18,8,0.3252692770122056,ok,,google,-1.123101895053103,0.18921300907449057,0.03580156280302324,route_ratio_below_min,False,observed_google
6642480047_6642480083_0,6642480047,6642480083,0,sun_07,2026-06-07T07:00:00+07:00,2026-06-07T07:00:00+07:00,sun,am,95.13087967917495,24.59500655421509,18,8,0.3252692770122056,ok,,google,-1.123101895053103,0.18921300907449057,0.03580156280302324,route_ratio_below_min,False,observed_google
6642480047_6642480083_0,6642480047,6642480083,0,sun_17,2026-06-07T17:00:00+07:00,2026-06-07T17:00:00+07:00,sun,pm,95.13087967917495,24.59500655421509,18,8,0.3252692770122056,ok,,google,-1.123101895053103,0.18921300907449057,0.03580156280302324,route_ratio_below_min,False,observed_google
7698386167_3274792795_0,7698386167,3274792795,0,mon_01,2026-06-01T01:00:00+07:00,2026-06-08T01:00:00+07:00,mon,night,52.6602469166922,13.614707678837496,54,19,1.395549610626846,ok,,google,0.33328832379361456,1.0254414508429341,0.9509950635552094,,True,observed_google
7698386167_3274792795_0,7698386167,3274792795,0,mon_07,2026-06-01T07:00:00+07:00,2026-06-01T07:00:00+07:00,mon,am,52.6602469166922,13.614707678837496,54,19,1.395549610626846,ok,,google,0.33328832379361456,1.0254414508429341,0.9509950635552094,,True,observed_google
7698386167_3274792795_0,7698386167,3274792795,0,mon_17,2026-06-01T17:00:00+07:00,2026-06-01T17:00:00+07:00,mon,pm,52.6602469166922,13.614707678837496,54,19,1.395549610626846,ok,,google,0.33328832379361456,1.0254414508429341,0.9509950635552094,,True,observed_google
7698386167_3274792795_0,7698386167,3274792795,0,tue_01,2026-06-02T01:00:00+07:00,2026-06-02T01:00:00+07:00,tue,night,52.6602469166922,13.614707678837496,54,19,1.395549610626846,ok,,google,0.33328832379361456,1.0254414508429341,0.9509950635552094,,True,observed_google
7698386167_3274792795_0,7698386167,3274792795,0,tue_07,2026-06-02T07:00:00+07:00,2026-06-02T07:00:00+07:00,tue,am,52.6602469166922,13.614707678837496,54,19,1.395549610626846,ok,,google,0.33328832379361456,1.0254414508429341,0.9509950635552094,,True,observed_google
7698386167_3274792795_0,7698386167,3274792795,0,tue_17,2026-06-02T17:00:00+07:00,2026-06-02T17:00:00+07:00,tue,pm,52.6602469166922,13.614707678837496,54,19,1.395549610626846,ok,,google,0.33328832379361456,1.0254414508429341,0.9509950635552094,,True,observed_google
7698386167_3274792795_0,7698386167,3274792795,0,wed_01,2026-06-03T01:00:00+07:00,2026-06-03T01:00:00+07:00,wed,night,52.6602469166922,13.614707678837496,54,19,1.395549610626846,ok,,google,0.33328832379361456,1.0254414508429341,0.9509950635552094,,True,observed_google
7698386167_3274792795_0,7698386167,3274792795,0,wed_07,2026-06-03T07:00:00+07:00,2026-06-03T07:00:00+07:00,wed,am,52.6602469166922,13.614707678837496,54,19,1.395549610626846,ok,,google,0.33328832379361456,1.0254414508429341,0.9509950635552094,,True,observed_google
7698386167_3274792795_0,7698386167,3274792795,0,wed_17,2026-06-03T17:00:00+07:00,2026-06-03T17:00:00+07:00,wed,pm,52.6602469166922,13.614707678837496,54,19,1.395549610626846,ok,,google,0.33328832379361456,1.0254414508429341,0.9509950635552094,,True,observed_google
7698386167_3274792795_0,7698386167,3274792795,0,thu_01,2026-06-04T01:00:00+07:00,2026-06-04T01:00:00+07:00,thu,night,52.6602469166922,13.614707678837496,54,19,1.395549610626846,ok,,google,0.33328832379361456,1.0254414508429341,0.9509950635552094,,True,observed_google
7698386167_3274792795_0,7698386167,3274792795,0,thu_07,2026-06-04T07:00:00+07:00,2026-06-04T07:00:00+07:00,thu,am,52.6602469166922,13.614707678837496,54,19,1.395549610626846,ok,,google,0.33328832379361456,1.0254414508429341,0.9509950635552094,,True,observed_google
7698386167_3274792795_0,7698386167,3274792795,0,thu_17,2026-06-04T17:00:00+07:00,2026-06-04T17:00:00+07:00,thu,pm,52.6602469166922,13.614707678837496,54,19,1.395549610626846,ok,,google,0.33328832379361456,1.0254414508429341,0.9509950635552094,,True,observed_google
7698386167_3274792795_0,7698386167,3274792795,0,fri_01,2026-06-05T01:00:00+07:00,2026-06-05T01:00:00+07:00,fri,night,52.6602469166922,13.614707678837496,54,19,1.395549610626846,ok,,google,0.33328832379361456,1.0254414508429341,0.9509950635552094,,True,observed_google
7698386167_3274792795_0,7698386167,3274792795,0,fri_07,2026-06-05T07:00:00+07:00,2026-06-05T07:00:00+07:00,fri,am,52.6602469166922,13.614707678837496,54,19,1.395549610626846,ok,,google,0.33328832379361456,1.0254414508429341,0.9509950635552094,,True,observed_google
7698386167_3274792795_0,7698386167,3274792795,0,fri_17,2026-06-05T17:00:00+07:00,2026-06-05T17:00:00+07:00,fri,pm,52.6602469166922,13.614707678837496,54,19,1.395549610626846,ok,,google,0.33328832379361456,1.0254414508429341,0.9509950635552094,,True,observed_google
7698386167_3274792795_0,7698386167,3274792795,0,sat_01,2026-06-06T01:00:00+07:00,2026-06-06T01:00:00+07:00,sat,night,52.6602469166922,13.614707678837496,54,19,1.395549610626846,ok,,google,0.33328832379361456,1.0254414508429341,0.9509950635552094,,True,observed_google
7698386167_3274792795_0,7698386167,3274792795,0,sat_07,2026-06-06T07:00:00+07:00,2026-06-06T07:00:00+07:00,sat,am,52.6602469166922,13.614707678837496,54,19,1.395549610626846,ok,,google,0.33328832379361456,1.0254414508429341,0.9509950635552094,,True,observed_google
7698386167_3274792795_0,7698386167,3274792795,0,sat_17,2026-06-06T17:00:00+07:00,2026-06-06T17:00:00+07:00,sat,pm,52.6602469166922,13.614707678837496,54,19,1.395549610626846,ok,,google,0.33328832379361456,1.0254414508429341,0.9509950635552094,,True,observed_google
7698386167_3274792795_0,7698386167,3274792795,0,sun_01,2026-06-07T01:00:00+07:00,2026-06-07T01:00:00+07:00,sun,night,52.6602469166922,13.614707678837496,54,19,1.395549610626846,ok,,google,0.33328832379361456,1.0254414508429341,0.9509950635552094,,True,observed_google
7698386167_3274792795_0,7698386167,3274792795,0,sun_07,2026-06-07T07:00:00+07:00,2026-06-07T07:00:00+07:00,sun,am,52.6602469166922,13.614707678837496,54,19,1.395549610626846,ok,,google,0.33328832379361456,1.0254414508429341,0.9509950635552094,,True,observed_google
7698386167_3274792795_0,7698386167,3274792795,0,sun_17,2026-06-07T17:00:00+07:00,2026-06-07T17:00:00+07:00,sun,pm,52.6602469166922,13.614707678837496,54,19,1.395549610626846,ok,,google,0.33328832379361456,1.0254414508429341,0.9509950635552094,,True,observed_google
3115073831_5488117483_0,3115073831,5488117483,0,mon_01,2026-06-01T01:00:00+07:00,2026-06-08T01:00:00+07:00,mon,night,64.72819931582602,16.734739464033183,65,26,1.553654304321857,ok,,google,0.44060977180724453,1.0041991077621022,0.991654387377349,,True,observed_google
3115073831_5488117483_0,3115073831,5488117483,0,mon_07,2026-06-01T07:00:00+07:00,2026-06-01T07:00:00+07:00,mon,am,64.72819931582602,16.734739464033183,65,26,1.553654304321857,ok,,google,0.44060977180724453,1.0041991077621022,0.991654387377349,,True,observed_google
3115073831_5488117483_0,3115073831,5488117483,0,mon_17,2026-06-01T17:00:00+07:00,2026-06-01T17:00:00+07:00,mon,pm,64.72819931582602,16.734739464033183,65,26,1.553654304321857,ok,,google,0.44060977180724453,1.0041991077621022,0.991654387377349,,True,observed_google
3115073831_5488117483_0,3115073831,5488117483,0,tue_01,2026-06-02T01:00:00+07:00,2026-06-02T01:00:00+07:00,tue,night,64.72819931582602,16.734739464033183,65,26,1.553654304321857,ok,,google,0.44060977180724453,1.0041991077621022,0.991654387377349,,True,observed_google
3115073831_5488117483_0,3115073831,5488117483,0,tue_07,2026-06-02T07:00:00+07:00,2026-06-02T07:00:00+07:00,tue,am,64.72819931582602,16.734739464033183,65,26,1.553654304321857,ok,,google,0.44060977180724453,1.0041991077621022,0.991654387377349,,True,observed_google
3115073831_5488117483_0,3115073831,5488117483,0,tue_17,2026-06-02T17:00:00+07:00,2026-06-02T17:00:00+07:00,tue,pm,64.72819931582602,16.734739464033183,65,26,1.553654304321857,ok,,google,0.44060977180724453,1.0041991077621022,0.991654387377349,,True,observed_google
3115073831_5488117483_0,3115073831,5488117483,0,wed_01,2026-06-03T01:00:00+07:00,2026-06-03T01:00:00+07:00,wed,night,64.72819931582602,16.734739464033183,65,26,1.553654304321857,ok,,google,0.44060977180724453,1.0041991077621022,0.991654387377349,,True,observed_google
3115073831_5488117483_0,3115073831,5488117483,0,wed_07,2026-06-03T07:00:00+07:00,2026-06-03T07:00:00+07:00,wed,am,64.72819931582602,16.734739464033183,65,26,1.553654304321857,ok,,google,0.44060977180724453,1.0041991077621022,0.991654387377349,,True,observed_google
3115073831_5488117483_0,3115073831,5488117483,0,wed_17,2026-06-03T17:00:00+07:00,2026-06-03T17:00:00+07:00,wed,pm,64.72819931582602,16.734739464033183,65,26,1.553654304321857,ok,,google,0.44060977180724453,1.0041991077621022,0.991654387377349,,True,observed_google
3115073831_5488117483_0,3115073831,5488117483,0,thu_01,2026-06-04T01:00:00+07:00,2026-06-04T01:00:00+07:00,thu,night,64.72819931582602,16.734739464033183,65,26,1.553654304321857,ok,,google,0.44060977180724453,1.0041991077621022,0.991654387377349,,True,observed_google
3115073831_5488117483_0,3115073831,5488117483,0,thu_07,2026-06-04T07:00:00+07:00,2026-06-04T07:00:00+07:00,thu,am,64.72819931582602,16.734739464033183,65,26,1.553654304321857,ok,,google,0.44060977180724453,1.0041991077621022,0.991654387377349,,True,observed_google
3115073831_5488117483_0,3115073831,5488117483,0,thu_17,2026-06-04T17:00:00+07:00,2026-06-04T17:00:00+07:00,thu,pm,64.72819931582602,16.734739464033183,65,26,1.553654304321857,ok,,google,0.44060977180724453,1.0041991077621022,0.991654387377349,,True,observed_google
3115073831_5488117483_0,3115073831,5488117483,0,fri_01,2026-06-05T01:00:00+07:00,2026-06-05T01:00:00+07:00,fri,night,64.72819931582602,16.734739464033183,65,26,1.553654304321857,ok,,google,0.44060977180724453,1.0041991077621022,0.991654387377349,,True,observed_google
3115073831_5488117483_0,3115073831,5488117483,0,fri_07,2026-06-05T07:00:00+07:00,2026-06-05T07:00:00+07:00,fri,am,64.72819931582602,16.734739464033183,65,26,1.553654304321857,ok,,google,0.44060977180724453,1.0041991077621022,0.991654387377349,,True,observed_google
3115073831_5488117483_0,3115073831,5488117483,0,fri_17,2026-06-05T17:00:00+07:00,2026-06-05T17:00:00+07:00,fri,pm,64.72819931582602,16.734739464033183,65,26,1.553654304321857,ok,,google,0.44060977180724453,1.0041991077621022,0.991654387377349,,True,observed_google
3115073831_5488117483_0,3115073831,5488117483,0,sat_01,2026-06-06T01:00:00+07:00,2026-06-06T01:00:00+07:00,sat,night,64.72819931582602,16.734739464033183,65,26,1.553654304321857,ok,,google,0.44060977180724453,1.0041991077621022,0.991654387377349,,True,observed_google
3115073831_5488117483_0,3115073831,5488117483,0,sat_07,2026-06-06T07:00:00+07:00,2026-06-06T07:00:00+07:00,sat,am,64.72819931582602,16.734739464033183,65,26,1.553654304321857,ok,,google,0.44060977180724453,1.0041991077621022,0.991654387377349,,True,observed_google
3115073831_5488117483_0,3115073831,5488117483,0,sat_17,2026-06-06T17:00:00+07:00,2026-06-06T17:00:00+07:00,sat,pm,64.72819931582602,16.734739464033183,65,26,1.553654304321857,ok,,google,0.44060977180724453,1.0041991077621022,0.991654387377349,,True,observed_google
3115073831_5488117483_0,3115073831,5488117483,0,sun_01,2026-06-07T01:00:00+07:00,2026-06-07T01:00:00+07:00,sun,night,64.72819931582602,16.734739464033183,65,26,1.553654304321857,ok,,google,0.44060977180724453,1.0041991077621022,0.991654387377349,,True,observed_google
3115073831_5488117483_0,3115073831,5488117483,0,sun_07,2026-06-07T07:00:00+07:00,2026-06-07T07:00:00+07:00,sun,am,64.72819931582602,16.734739464033183,65,26,1.553654304321857,ok,,google,0.44060977180724453,1.0041991077621022,0.991654387377349,,True,observed_google
3115073831_5488117483_0,3115073831,5488117483,0,sun_17,2026-06-07T17:00:00+07:00,2026-06-07T17:00:00+07:00,sun,pm,64.72819931582602,16.734739464033183,65,26,1.553654304321857,ok,,google,0.44060977180724453,1.0041991077621022,0.991654387377349,,True,observed_google
6643125651_6643125650_0,6643125651,6643125650,0,mon_01,2026-06-01T01:00:00+07:00,2026-06-08T01:00:00+07:00,mon,night,58.70334974452503,15.177083157331898,8,2,0.1317776267855407,ok,,google,-2.0266394225708977,0.13627842422648326,0.01857180890965334,route_ratio_below_min,False,observed_google
6643125651_6643125650_0,6643125651,6643125650,0,mon_07,2026-06-01T07:00:00+07:00,2026-06-01T07:00:00+07:00,mon,am,58.70334974452503,15.177083157331898,8,2,0.1317776267855407,ok,,google,-2.0266394225708977,0.13627842422648326,0.01857180890965334,route_ratio_below_min,False,observed_google
6643125651_6643125650_0,6643125651,6643125650,0,mon_17,2026-06-01T17:00:00+07:00,2026-06-01T17:00:00+07:00,mon,pm,58.70334974452503,15.177083157331898,8,2,0.1317776267855407,ok,,google,-2.0266394225708977,0.13627842422648326,0.01857180890965334,route_ratio_below_min,False,observed_google
6643125651_6643125650_0,6643125651,6643125650,0,tue_01,2026-06-02T01:00:00+07:00,2026-06-02T01:00:00+07:00,tue,night,58.70334974452503,15.177083157331898,8,2,0.1317776267855407,ok,,google,-2.0266394225708977,0.13627842422648326,0.01857180890965334,route_ratio_below_min,False,observed_google
6643125651_6643125650_0,6643125651,6643125650,0,tue_07,2026-06-02T07:00:00+07:00,2026-06-02T07:00:00+07:00,tue,am,58.70334974452503,15.177083157331898,8,2,0.1317776267855407,ok,,google,-2.0266394225708977,0.13627842422648326,0.01857180890965334,route_ratio_below_min,False,observed_google
6643125651_6643125650_0,6643125651,6643125650,0,tue_17,2026-06-02T17:00:00+07:00,2026-06-02T17:00:00+07:00,tue,pm,58.70334974452503,15.177083157331898,8,2,0.1317776267855407,ok,,google,-2.0266394225708977,0.13627842422648326,0.01857180890965334,route_ratio_below_min,False,observed_google
6643125651_6643125650_0,6643125651,6643125650,0,wed_01,2026-06-03T01:00:00+07:00,2026-06-03T01:00:00+07:00,wed,night,58.70334974452503,15.177083157331898,8,2,0.1317776267855407,ok,,google,-2.0266394225708977,0.13627842422648326,0.01857180890965334,route_ratio_below_min,False,observed_google
6643125651_6643125650_0,6643125651,6643125650,0,wed_07,2026-06-03T07:00:00+07:00,2026-06-03T07:00:00+07:00,wed,am,58.70334974452503,15.177083157331898,8,2,0.1317776267855407,ok,,google,-2.0266394225708977,0.13627842422648326,0.01857180890965334,route_ratio_below_min,False,observed_google
6643125651_6643125650_0,6643125651,6643125650,0,wed_17,2026-06-03T17:00:00+07:00,2026-06-03T17:00:00+07:00,wed,pm,58.70334974452503,15.177083157331898,8,2,0.1317776267855407,ok,,google,-2.0266394225708977,0.13627842422648326,0.01857180890965334,route_ratio_below_min,False,observed_google
6643125651_6643125650_0,6643125651,6643125650,0,thu_01,2026-06-04T01:00:00+07:00,2026-06-04T01:00:00+07:00,thu,night,58.70334974452503,15.177083157331898,8,3,0.1976664401783112,ok,,google,-1.6211743144627333,0.13627842422648326,0.01857180890965334,route_ratio_below_min,False,observed_google
6643125651_6643125650_0,6643125651,6643125650,0,thu_07,2026-06-04T07:00:00+07:00,2026-06-04T07:00:00+07:00,thu,am,58.70334974452503,15.177083157331898,8,2,0.1317776267855407,ok,,google,-2.0266394225708977,0.13627842422648326,0.01857180890965334,route_ratio_below_min,False,observed_google
6643125651_6643125650_0,6643125651,6643125650,0,thu_17,2026-06-04T17:00:00+07:00,2026-06-04T17:00:00+07:00,thu,pm,58.70334974452503,15.177083157331898,8,2,0.1317776267855407,ok,,google,-2.0266394225708977,0.13627842422648326,0.01857180890965334,route_ratio_below_min,False,observed_google
6643125651_6643125650_0,6643125651,6643125650,0,fri_01,2026-06-05T01:00:00+07:00,2026-06-05T01:00:00+07:00,fri,night,58.70334974452503,15.177083157331898,8,2,0.1317776267855407,ok,,google,-2.0266394225708977,0.13627842422648326,0.01857180890965334,route_ratio_below_min,False,observed_google
6643125651_6643125650_0,6643125651,6643125650,0,fri_07,2026-06-05T07:00:00+07:00,2026-06-05T07:00:00+07:00,fri,am,58.70334974452503,15.177083157331898,8,2,0.1317776267855407,ok,,google,-2.0266394225708977,0.13627842422648326,0.01857180890965334,route_ratio_below_min,False,observed_google
6643125651_6643125650_0,6643125651,6643125650,0,fri_17,2026-06-05T17:00:00+07:00,2026-06-05T17:00:00+07:00,fri,pm,58.70334974452503,15.177083157331898,8,2,0.1317776267855407,ok,,google,-2.0266394225708977,0.13627842422648326,0.01857180890965334,route_ratio_below_min,False,observed_google
6643125651_6643125650_0,6643125651,6643125650,0,sat_01,2026-06-06T01:00:00+07:00,2026-06-06T01:00:00+07:00,sat,night,58.70334974452503,15.177083157331898,8,2,0.1317776267855407,ok,,google,-2.0266394225708977,0.13627842422648326,0.01857180890965334,route_ratio_below_min,False,observed_google
6643125651_6643125650_0,6643125651,6643125650,0,sat_07,2026-06-06T07:00:00+07:00,2026-06-06T07:00:00+07:00,sat,am,58.70334974452503,15.177083157331898,8,2,0.1317776267855407,ok,,google,-2.0266394225708977,0.13627842422648326,0.01857180890965334,route_ratio_below_min,False,observed_google
6643125651_6643125650_0,6643125651,6643125650,0,sat_17,2026-06-06T17:00:00+07:00,2026-06-06T17:00:00+07:00,sat,pm,58.70334974452503,15.177083157331898,8,2,0.1317776267855407,ok,,google,-2.0266394225708977,0.13627842422648326,0.01857180890965334,route_ratio_below_min,False,observed_google
6643125651_6643125650_0,6643125651,6643125650,0,sun_01,2026-06-07T01:00:00+07:00,2026-06-07T01:00:00+07:00,sun,night,58.70334974452503,15.177083157331898,8,2,0.1317776267855407,ok,,google,-2.0266394225708977,0.13627842422648326,0.01857180890965334,route_ratio_below_min,False,observed_google
6643125651_6643125650_0,6643125651,6643125650,0,sun_07,2026-06-07T07:00:00+07:00,2026-06-07T07:00:00+07:00,sun,am,58.70334974452503,15.177083157331898,8,3,0.1976664401783112,ok,,google,-1.6211743144627333,0.13627842422648326,0.01857180890965334,route_ratio_below_min,False,observed_google
6643125651_6643125650_0,6643125651,6643125650,0,sun_17,2026-06-07T17:00:00+07:00,2026-06-07T17:00:00+07:00,sun,pm,58.70334974452503,15.177083157331898,8,2,0.1317776267855407,ok,,google,-2.0266394225708977,0.13627842422648326,0.01857180890965334,route_ratio_below_min,False,observed_google
9612008120_9612008121_0,9612008120,9612008121,0,mon_01,2026-06-01T01:00:00+07:00,2026-06-08T01:00:00+07:00,mon,night,68.34615435633349,17.67012057513223,69,15,0.8488906420429307,ok,,google,-0.1638249089261039,1.0095666778888186,0.9811377473849532,,True,observed_google
9612008120_9612008121_0,9612008120,9612008121,0,mon_07,2026-06-01T07:00:00+07:00,2026-06-01T07:00:00+07:00,mon,am,68.34615435633349,17.67012057513223,69,15,0.8488906420429307,ok,,google,-0.1638249089261039,1.0095666778888186,0.9811377473849532,,True,observed_google
9612008120_9612008121_0,9612008120,9612008121,0,mon_17,2026-06-01T17:00:00+07:00,2026-06-01T17:00:00+07:00,mon,pm,68.34615435633349,17.67012057513223,69,15,0.8488906420429307,ok,,google,-0.1638249089261039,1.0095666778888186,0.9811377473849532,,True,observed_google
9612008120_9612008121_0,9612008120,9612008121,0,tue_01,2026-06-02T01:00:00+07:00,2026-06-02T01:00:00+07:00,tue,night,68.34615435633349,17.67012057513223,69,15,0.8488906420429307,ok,,google,-0.1638249089261039,1.0095666778888186,0.9811377473849532,,True,observed_google
9612008120_9612008121_0,9612008120,9612008121,0,tue_07,2026-06-02T07:00:00+07:00,2026-06-02T07:00:00+07:00,tue,am,68.34615435633349,17.67012057513223,69,15,0.8488906420429307,ok,,google,-0.1638249089261039,1.0095666778888186,0.9811377473849532,,True,observed_google
9612008120_9612008121_0,9612008120,9612008121,0,tue_17,2026-06-02T17:00:00+07:00,2026-06-02T17:00:00+07:00,tue,pm,68.34615435633349,17.67012057513223,69,15,0.8488906420429307,ok,,google,-0.1638249089261039,1.0095666778888186,0.9811377473849532,,True,observed_google
9612008120_9612008121_0,9612008120,9612008121,0,wed_01,2026-06-03T01:00:00+07:00,2026-06-03T01:00:00+07:00,wed,night,68.34615435633349,17.67012057513223,69,15,0.8488906420429307,ok,,google,-0.1638249089261039,1.0095666778888186,0.9811377473849532,,True,observed_google
9612008120_9612008121_0,9612008120,9612008121,0,wed_07,2026-06-03T07:00:00+07:00,2026-06-03T07:00:00+07:00,wed,am,68.34615435633349,17.67012057513223,69,15,0.8488906420429307,ok,,google,-0.1638249089261039,1.0095666778888186,0.9811377473849532,,True,observed_google
9612008120_9612008121_0,9612008120,9612008121,0,wed_17,2026-06-03T17:00:00+07:00,2026-06-03T17:00:00+07:00,wed,pm,68.34615435633349,17.67012057513223,69,15,0.8488906420429307,ok,,google,-0.1638249089261039,1.0095666778888186,0.9811377473849532,,True,observed_google
9612008120_9612008121_0,9612008120,9612008121,0,thu_01,2026-06-04T01:00:00+07:00,2026-06-04T01:00:00+07:00,thu,night,68.34615435633349,17.67012057513223,69,15,0.8488906420429307,ok,,google,-0.1638249089261039,1.0095666778888186,0.9811377473849532,,True,observed_google
9612008120_9612008121_0,9612008120,9612008121,0,thu_07,2026-06-04T07:00:00+07:00,2026-06-04T07:00:00+07:00,thu,am,68.34615435633349,17.67012057513223,69,15,0.8488906420429307,ok,,google,-0.1638249089261039,1.0095666778888186,0.9811377473849532,,True,observed_google
9612008120_9612008121_0,9612008120,9612008121,0,thu_17,2026-06-04T17:00:00+07:00,2026-06-04T17:00:00+07:00,thu,pm,68.34615435633349,17.67012057513223,69,15,0.8488906420429307,ok,,google,-0.1638249089261039,1.0095666778888186,0.9811377473849532,,True,observed_google
9612008120_9612008121_0,9612008120,9612008121,0,fri_01,2026-06-05T01:00:00+07:00,2026-06-05T01:00:00+07:00,fri,night,68.34615435633349,17.67012057513223,69,15,0.8488906420429307,ok,,google,-0.1638249089261039,1.0095666778888186,0.9811377473849532,,True,observed_google
9612008120_9612008121_0,9612008120,9612008121,0,fri_07,2026-06-05T07:00:00+07:00,2026-06-05T07:00:00+07:00,fri,am,68.34615435633349,17.67012057513223,69,15,0.8488906420429307,ok,,google,-0.1638249089261039,1.0095666778888186,0.9811377473849532,,True,observed_google
9612008120_9612008121_0,9612008120,9612008121,0,fri_17,2026-06-05T17:00:00+07:00,2026-06-05T17:00:00+07:00,fri,pm,68.34615435633349,17.67012057513223,69,15,0.8488906420429307,ok,,google,-0.1638249089261039,1.0095666778888186,0.9811377473849532,,True,observed_google
9612008120_9612008121_0,9612008120,9612008121,0,sat_01,2026-06-06T01:00:00+07:00,2026-06-06T01:00:00+07:00,sat,night,68.34615435633349,17.67012057513223,69,15,0.8488906420429307,ok,,google,-0.1638249089261039,1.0095666778888186,0.9811377473849532,,True,observed_google
9612008120_9612008121_0,9612008120,9612008121,0,sat_07,2026-06-06T07:00:00+07:00,2026-06-06T07:00:00+07:00,sat,am,68.34615435633349,17.67012057513223,69,15,0.8488906420429307,ok,,google,-0.1638249089261039,1.0095666778888186,0.9811377473849532,,True,observed_google
9612008120_9612008121_0,9612008120,9612008121,0,sat_17,2026-06-06T17:00:00+07:00,2026-06-06T17:00:00+07:00,sat,pm,68.34615435633349,17.67012057513223,69,15,0.8488906420429307,ok,,google,-0.1638249089261039,1.0095666778888186,0.9811377473849532,,True,observed_google
9612008120_9612008121_0,9612008120,9612008121,0,sun_01,2026-06-07T01:00:00+07:00,2026-06-07T01:00:00+07:00,sun,night,68.34615435633349,17.67012057513223,69,15,0.8488906420429307,ok,,google,-0.1638249089261039,1.0095666778888186,0.9811377473849532,,True,observed_google
9612008120_9612008121_0,9612008120,9612008121,0,sun_07,2026-06-07T07:00:00+07:00,2026-06-07T07:00:00+07:00,sun,am,68.34615435633349,17.67012057513223,69,15,0.8488906420429307,ok,,google,-0.1638249089261039,1.0095666778888186,0.9811377473849532,,True,observed_google
9612008120_9612008121_0,9612008120,9612008121,0,sun_17,2026-06-07T17:00:00+07:00,2026-06-07T17:00:00+07:00,sun,pm,68.34615435633349,17.67012057513223,69,15,0.8488906420429307,ok,,google,-0.1638249089261039,1.0095666778888186,0.9811377473849532,,True,observed_google
4191863531_8764024448_0,4191863531,8764024448,0,mon_01,2026-06-01T01:00:00+07:00,2026-06-08T01:00:00+07:00,mon,night,89.17200695535354,23.05440781075362,246,99,4.294189675686309,ok,,google,1.457262870741459,2.758713282332726,0.1313974291831188,route_ratio_above_max,False,observed_google
4191863531_8764024448_0,4191863531,8764024448,0,mon_07,2026-06-01T07:00:00+07:00,2026-06-01T07:00:00+07:00,mon,am,89.17200695535354,23.05440781075362,246,117,5.074951434902002,ok,,google,1.6243169554046253,2.758713282332726,0.1313974291831188,route_ratio_above_max,False,observed_google
4191863531_8764024448_0,4191863531,8764024448,0,mon_17,2026-06-01T17:00:00+07:00,2026-06-01T17:00:00+07:00,mon,pm,89.17200695535354,23.05440781075362,246,117,5.074951434902002,ok,,google,1.6243169554046253,2.758713282332726,0.1313974291831188,route_ratio_above_max,False,observed_google
4191863531_8764024448_0,4191863531,8764024448,0,tue_01,2026-06-02T01:00:00+07:00,2026-06-02T01:00:00+07:00,tue,night,89.17200695535354,23.05440781075362,246,94,4.077311409237506,ok,,google,1.405437802876873,2.758713282332726,0.1313974291831188,route_ratio_above_max,False,observed_google
4191863531_8764024448_0,4191863531,8764024448,0,tue_07,2026-06-02T07:00:00+07:00,2026-06-02T07:00:00+07:00,tue,am,89.17200695535354,23.05440781075362,246,113,4.901448821742959,ok,,google,1.5895308393192098,2.758713282332726,0.1313974291831188,route_ratio_above_max,False,observed_google
4191863531_8764024448_0,4191863531,8764024448,0,tue_17,2026-06-02T17:00:00+07:00,2026-06-02T17:00:00+07:00,tue,pm,89.17200695535354,23.05440781075362,246,117,5.074951434902002,ok,,google,1.6243169554046253,2.758713282332726,0.1313974291831188,route_ratio_above_max,False,observed_google
4191863531_8764024448_0,4191863531,8764024448,0,wed_01,2026-06-03T01:00:00+07:00,2026-06-03T01:00:00+07:00,wed,night,89.17200695535354,23.05440781075362,246,99,4.294189675686309,ok,,google,1.457262870741459,2.758713282332726,0.1313974291831188,route_ratio_above_max,False,observed_google
4191863531_8764024448_0,4191863531,8764024448,0,wed_07,2026-06-03T07:00:00+07:00,2026-06-03T07:00:00+07:00,wed,am,89.17200695535354,23.05440781075362,246,115,4.988200128322481,ok,,google,1.6070751489701192,2.758713282332726,0.1313974291831188,route_ratio_above_max,False,observed_google
4191863531_8764024448_0,4191863531,8764024448,0,wed_17,2026-06-03T17:00:00+07:00,2026-06-03T17:00:00+07:00,wed,pm,89.17200695535354,23.05440781075362,246,116,5.031575781612241,ok,,google,1.6157332117132337,2.758713282332726,0.1313974291831188,route_ratio_above_max,False,observed_google
4191863531_8764024448_0,4191863531,8764024448,0,thu_01,2026-06-04T01:00:00+07:00,2026-06-04T01:00:00+07:00,thu,night,89.17200695535354,23.05440781075362,246,99,4.294189675686309,ok,,google,1.457262870741459,2.758713282332726,0.1313974291831188,route_ratio_above_max,False,observed_google
4191863531_8764024448_0,4191863531,8764024448,0,thu_07,2026-06-04T07:00:00+07:00,2026-06-04T07:00:00+07:00,thu,am,89.17200695535354,23.05440781075362,246,112,4.858073168453198,ok,,google,1.5806418919019636,2.758713282332726,0.1313974291831188,route_ratio_above_max,False,observed_google
4191863531_8764024448_0,4191863531,8764024448,0,thu_17,2026-06-04T17:00:00+07:00,2026-06-04T17:00:00+07:00,thu,pm,89.17200695535354,23.05440781075362,246,126,5.465332314509848,ok,,google,1.698424927558347,2.758713282332726,0.1313974291831188,route_ratio_above_max,False,observed_google
4191863531_8764024448_0,4191863531,8764024448,0,fri_01,2026-06-05T01:00:00+07:00,2026-06-05T01:00:00+07:00,fri,night,89.17200695535354,23.05440781075362,246,99,4.294189675686309,ok,,google,1.457262870741459,2.758713282332726,0.1313974291831188,route_ratio_above_max,False,observed_google
4191863531_8764024448_0,4191863531,8764024448,0,fri_07,2026-06-05T07:00:00+07:00,2026-06-05T07:00:00+07:00,fri,am,89.17200695535354,23.05440781075362,246,110,4.771321861873677,ok,,google,1.5626233863992853,2.758713282332726,0.1313974291831188,route_ratio_above_max,False,observed_google
4191863531_8764024448_0,4191863531,8764024448,0,fri_17,2026-06-05T17:00:00+07:00,2026-06-05T17:00:00+07:00,fri,pm,89.17200695535354,23.05440781075362,246,115,4.988200128322481,ok,,google,1.6070751489701192,2.758713282332726,0.1313974291831188,route_ratio_above_max,False,observed_google
4191863531_8764024448_0,4191863531,8764024448,0,sat_01,2026-06-06T01:00:00+07:00,2026-06-06T01:00:00+07:00,sat,night,89.17200695535354,23.05440781075362,246,100,4.33756532897607,ok,,google,1.4673132065949606,2.758713282332726,0.1313974291831188,route_ratio_above_max,False,observed_google
4191863531_8764024448_0,4191863531,8764024448,0,sat_07,2026-06-06T07:00:00+07:00,2026-06-06T07:00:00+07:00,sat,am,89.17200695535354,23.05440781075362,246,104,4.511067942135113,ok,,google,1.5065339197482417,2.758713282332726,0.1313974291831188,route_ratio_above_max,False,observed_google
4191863531_8764024448_0,4191863531,8764024448,0,sat_17,2026-06-06T17:00:00+07:00,2026-06-06T17:00:00+07:00,sat,pm,89.17200695535354,23.05440781075362,246,120,5.205078394771284,ok,,google,1.649634763388915,2.758713282332726,0.1313974291831188,route_ratio_above_max,False,observed_google
4191863531_8764024448_0,4191863531,8764024448,0,sun_01,2026-06-07T01:00:00+07:00,2026-06-07T01:00:00+07:00,sun,night,89.17200695535354,23.05440781075362,246,97,4.207438369106788,ok,,google,1.4368539991102518,2.758713282332726,0.1313974291831188,route_ratio_above_max,False,observed_google
4191863531_8764024448_0,4191863531,8764024448,0,sun_07,2026-06-07T07:00:00+07:00,2026-06-07T07:00:00+07:00,sun,am,89.17200695535354,23.05440781075362,246,101,4.38094098226583,ok,,google,1.4772635374481284,2.758713282332726,0.1313974291831188,route_ratio_above_max,False,observed_google
4191863531_8764024448_0,4191863531,8764024448,0,sun_17,2026-06-07T17:00:00+07:00,2026-06-07T17:00:00+07:00,sun,pm,89.17200695535354,23.05440781075362,246,111,4.814697515163438,ok,,google,1.5716732219192033,2.758713282332726,0.1313974291831188,route_ratio_above_max,False,observed_google
4681200999_4681200998_0,4681200999,4681200998,0,mon_01,2026-06-01T01:00:00+07:00,2026-06-08T01:00:00+07:00,mon,night,103.96401681146844,26.87871365747861,213,56,2.083433036030682,ok,,google,0.7340170312298038,2.0487857869733985,0.2382357290567412,route_ratio_above_max,False,observed_google
4681200999_4681200998_0,4681200999,4681200998,0,mon_07,2026-06-01T07:00:00+07:00,2026-06-01T07:00:00+07:00,mon,am,103.96401681146844,26.87871365747861,213,53,1.9718205519576093,ok,,google,0.6789572540467763,2.0487857869733985,0.2382357290567412,route_ratio_above_max,False,observed_google
4681200999_4681200998_0,4681200999,4681200998,0,mon_17,2026-06-01T17:00:00+07:00,2026-06-01T17:00:00+07:00,mon,pm,103.96401681146844,26.87871365747861,213,63,2.343862165534517,ok,,google,0.8518000668861871,2.0487857869733985,0.2382357290567412,route_ratio_above_max,False,observed_google
4681200999_4681200998_0,4681200999,4681200998,0,tue_01,2026-06-02T01:00:00+07:00,2026-06-02T01:00:00+07:00,tue,night,103.96401681146844,26.87871365747861,213,57,2.120637197388372,ok,,google,0.7517166083292046,2.0487857869733985,0.2382357290567412,route_ratio_above_max,False,observed_google
4681200999_4681200998_0,4681200999,4681200998,0,tue_07,2026-06-02T07:00:00+07:00,2026-06-02T07:00:00+07:00,tue,am,103.96401681146844,26.87871365747861,213,57,2.120637197388372,ok,,google,0.7517166083292046,2.0487857869733985,0.2382357290567412,route_ratio_above_max,False,observed_google
4681200999_4681200998_0,4681200999,4681200998,0,tue_17,2026-06-02T17:00:00+07:00,2026-06-02T17:00:00+07:00,tue,pm,103.96401681146844,26.87871365747861,213,61,2.2694538428191358,ok,,google,0.8195392046679656,2.0487857869733985,0.2382357290567412,route_ratio_above_max,False,observed_google
4681200999_4681200998_0,4681200999,4681200998,0,wed_01,2026-06-03T01:00:00+07:00,2026-06-03T01:00:00+07:00,wed,night,103.96401681146844,26.87871365747861,213,60,2.2322496814614445,ok,,google,0.8030099027167552,2.0487857869733985,0.2382357290567412,route_ratio_above_max,False,observed_google
4681200999_4681200998_0,4681200999,4681200998,0,wed_07,2026-06-03T07:00:00+07:00,2026-06-03T07:00:00+07:00,wed,am,103.96401681146844,26.87871365747861,213,57,2.120637197388372,ok,,google,0.7517166083292046,2.0487857869733985,0.2382357290567412,route_ratio_above_max,False,observed_google
4681200999_4681200998_0,4681200999,4681200998,0,wed_17,2026-06-03T17:00:00+07:00,2026-06-03T17:00:00+07:00,wed,pm,103.96401681146844,26.87871365747861,213,62,2.306658004176826,ok,,google,0.8357997255397459,2.0487857869733985,0.2382357290567412,route_ratio_above_max,False,observed_google
4681200999_4681200998_0,4681200999,4681200998,0,thu_01,2026-06-04T01:00:00+07:00,2026-06-04T01:00:00+07:00,thu,night,103.96401681146844,26.87871365747861,213,60,2.2322496814614445,ok,,google,0.8030099027167552,2.0487857869733985,0.2382357290567412,route_ratio_above_max,False,observed_google
4681200999_4681200998_0,4681200999,4681200998,0,thu_07,2026-06-04T07:00:00+07:00,2026-06-04T07:00:00+07:00,thu,am,103.96401681146844,26.87871365747861,213,68,2.5298829723229708,ok,,google,0.9281730456707612,2.0487857869733985,0.2382357290567412,route_ratio_above_max,False,observed_google
4681200999_4681200998_0,4681200999,4681200998,0,thu_17,2026-06-04T17:00:00+07:00,2026-06-04T17:00:00+07:00,thu,pm,103.96401681146844,26.87871365747861,213,61,2.2694538428191358,ok,,google,0.8195392046679656,2.0487857869733985,0.2382357290567412,route_ratio_above_max,False,observed_google
4681200999_4681200998_0,4681200999,4681200998,0,fri_01,2026-06-05T01:00:00+07:00,2026-06-05T01:00:00+07:00,fri,night,103.96401681146844,26.87871365747861,213,57,2.120637197388372,ok,,google,0.7517166083292046,2.0487857869733985,0.2382357290567412,route_ratio_above_max,False,observed_google
4681200999_4681200998_0,4681200999,4681200998,0,fri_07,2026-06-05T07:00:00+07:00,2026-06-05T07:00:00+07:00,fri,am,103.96401681146844,26.87871365747861,213,60,2.2322496814614445,ok,,google,0.8030099027167552,2.0487857869733985,0.2382357290567412,route_ratio_above_max,False,observed_google
4681200999_4681200998_0,4681200999,4681200998,0,fri_17,2026-06-05T17:00:00+07:00,2026-06-05T17:00:00+07:00,fri,pm,103.96401681146844,26.87871365747861,213,63,2.343862165534517,ok,,google,0.8518000668861871,2.0487857869733985,0.2382357290567412,route_ratio_above_max,False,observed_google
4681200999_4681200998_0,4681200999,4681200998,0,sat_01,2026-06-06T01:00:00+07:00,2026-06-06T01:00:00+07:00,sat,night,103.96401681146844,26.87871365747861,213,56,2.083433036030682,ok,,google,0.7340170312298038,2.0487857869733985,0.2382357290567412,route_ratio_above_max,False,observed_google
4681200999_4681200998_0,4681200999,4681200998,0,sat_07,2026-06-06T07:00:00+07:00,2026-06-06T07:00:00+07:00,sat,am,103.96401681146844,26.87871365747861,213,59,2.1950455201037538,ok,,google,0.7862027844003739,2.0487857869733985,0.2382357290567412,route_ratio_above_max,False,observed_google
4681200999_4681200998_0,4681200999,4681200998,0,sat_17,2026-06-06T17:00:00+07:00,2026-06-06T17:00:00+07:00,sat,pm,103.96401681146844,26.87871365747861,213,67,2.49267881096528,ok,,google,0.9133579598856205,2.0487857869733985,0.2382357290567412,route_ratio_above_max,False,observed_google
4681200999_4681200998_0,4681200999,4681200998,0,sun_01,2026-06-07T01:00:00+07:00,2026-06-07T01:00:00+07:00,sun,night,103.96401681146844,26.87871365747861,213,55,2.046228874672991,ok,,google,0.7159985257271254,2.0487857869733985,0.2382357290567412,route_ratio_above_max,False,observed_google
4681200999_4681200998_0,4681200999,4681200998,0,sun_07,2026-06-07T07:00:00+07:00,2026-06-07T07:00:00+07:00,sun,am,103.96401681146844,26.87871365747861,213,57,2.120637197388372,ok,,google,0.7517166083292046,2.0487857869733985,0.2382357290567412,route_ratio_above_max,False,observed_google
4681200999_4681200998_0,4681200999,4681200998,0,sun_17,2026-06-07T17:00:00+07:00,2026-06-07T17:00:00+07:00,sun,pm,103.96401681146844,26.87871365747861,213,63,2.343862165534517,ok,,google,0.8518000668861871,2.0487857869733985,0.2382357290567412,route_ratio_above_max,False,observed_google
11367186529_8767825379_0,11367186529,8767825379,0,mon_01,2026-06-01T01:00:00+07:00,2026-06-08T01:00:00+07:00,mon,night,66.92718182764949,17.30326137272675,65,16,0.9246811716789448,ok,,google,-0.07830628015126893,0.9712047963918105,0.943238756534458,,True,observed_google
11367186529_8767825379_0,11367186529,8767825379,0,mon_07,2026-06-01T07:00:00+07:00,2026-06-01T07:00:00+07:00,mon,am,66.92718182764949,17.30326137272675,65,16,0.9246811716789448,ok,,google,-0.07830628015126893,0.9712047963918105,0.943238756534458,,True,observed_google
11367186529_8767825379_0,11367186529,8767825379,0,mon_17,2026-06-01T17:00:00+07:00,2026-06-01T17:00:00+07:00,mon,pm,66.92718182764949,17.30326137272675,65,16,0.9246811716789448,ok,,google,-0.07830628015126893,0.9712047963918105,0.943238756534458,,True,observed_google
11367186529_8767825379_0,11367186529,8767825379,0,tue_01,2026-06-02T01:00:00+07:00,2026-06-02T01:00:00+07:00,tue,night,66.92718182764949,17.30326137272675,65,16,0.9246811716789448,ok,,google,-0.07830628015126893,0.9712047963918105,0.943238756534458,,True,observed_google
11367186529_8767825379_0,11367186529,8767825379,0,tue_07,2026-06-02T07:00:00+07:00,2026-06-02T07:00:00+07:00,tue,am,66.92718182764949,17.30326137272675,65,16,0.9246811716789448,ok,,google,-0.07830628015126893,0.9712047963918105,0.943238756534458,,True,observed_google
11367186529_8767825379_0,11367186529,8767825379,0,tue_17,2026-06-02T17:00:00+07:00,2026-06-02T17:00:00+07:00,tue,pm,66.92718182764949,17.30326137272675,65,16,0.9246811716789448,ok,,google,-0.07830628015126893,0.9712047963918105,0.943238756534458,,True,observed_google
11367186529_8767825379_0,11367186529,8767825379,0,wed_01,2026-06-03T01:00:00+07:00,2026-06-03T01:00:00+07:00,wed,night,66.92718182764949,17.30326137272675,65,16,0.9246811716789448,ok,,google,-0.07830628015126893,0.9712047963918105,0.943238756534458,,True,observed_google
11367186529_8767825379_0,11367186529,8767825379,0,wed_07,2026-06-03T07:00:00+07:00,2026-06-03T07:00:00+07:00,wed,am,66.92718182764949,17.30326137272675,65,16,0.9246811716789448,ok,,google,-0.07830628015126893,0.9712047963918105,0.943238756534458,,True,observed_google
11367186529_8767825379_0,11367186529,8767825379,0,wed_17,2026-06-03T17:00:00+07:00,2026-06-03T17:00:00+07:00,wed,pm,66.92718182764949,17.30326137272675,65,16,0.9246811716789448,ok,,google,-0.07830628015126893,0.9712047963918105,0.943238756534458,,True,observed_google
11367186529_8767825379_0,11367186529,8767825379,0,thu_01,2026-06-04T01:00:00+07:00,2026-06-04T01:00:00+07:00,thu,night,66.92718182764949,17.30326137272675,65,16,0.9246811716789448,ok,,google,-0.07830628015126893,0.9712047963918105,0.943238756534458,,True,observed_google
11367186529_8767825379_0,11367186529,8767825379,0,thu_07,2026-06-04T07:00:00+07:00,2026-06-04T07:00:00+07:00,thu,am,66.92718182764949,17.30326137272675,65,16,0.9246811716789448,ok,,google,-0.07830628015126893,0.9712047963918105,0.943238756534458,,True,observed_google
11367186529_8767825379_0,11367186529,8767825379,0,thu_17,2026-06-04T17:00:00+07:00,2026-06-04T17:00:00+07:00,thu,pm,66.92718182764949,17.30326137272675,65,16,0.9246811716789448,ok,,google,-0.07830628015126893,0.9712047963918105,0.943238756534458,,True,observed_google
11367186529_8767825379_0,11367186529,8767825379,0,fri_01,2026-06-05T01:00:00+07:00,2026-06-05T01:00:00+07:00,fri,night,66.92718182764949,17.30326137272675,65,16,0.9246811716789448,ok,,google,-0.07830628015126893,0.9712047963918105,0.943238756534458,,True,observed_google
11367186529_8767825379_0,11367186529,8767825379,0,fri_07,2026-06-05T07:00:00+07:00,2026-06-05T07:00:00+07:00,fri,am,66.92718182764949,17.30326137272675,65,16,0.9246811716789448,ok,,google,-0.07830628015126893,0.9712047963918105,0.943238756534458,,True,observed_google
11367186529_8767825379_0,11367186529,8767825379,0,fri_17,2026-06-05T17:00:00+07:00,2026-06-05T17:00:00+07:00,fri,pm,66.92718182764949,17.30326137272675,65,16,0.9246811716789448,ok,,google,-0.07830628015126893,0.9712047963918105,0.943238756534458,,True,observed_google
11367186529_8767825379_0,11367186529,8767825379,0,sat_01,2026-06-06T01:00:00+07:00,2026-06-06T01:00:00+07:00,sat,night,66.92718182764949,17.30326137272675,65,16,0.9246811716789448,ok,,google,-0.07830628015126893,0.9712047963918105,0.943238756534458,,True,observed_google
11367186529_8767825379_0,11367186529,8767825379,0,sat_07,2026-06-06T07:00:00+07:00,2026-06-06T07:00:00+07:00,sat,am,66.92718182764949,17.30326137272675,65,16,0.9246811716789448,ok,,google,-0.07830628015126893,0.9712047963918105,0.943238756534458,,True,observed_google
11367186529_8767825379_0,11367186529,8767825379,0,sat_17,2026-06-06T17:00:00+07:00,2026-06-06T17:00:00+07:00,sat,pm,66.92718182764949,17.30326137272675,65,16,0.9246811716789448,ok,,google,-0.07830628015126893,0.9712047963918105,0.943238756534458,,True,observed_google
11367186529_8767825379_0,11367186529,8767825379,0,sun_01,2026-06-07T01:00:00+07:00,2026-06-07T01:00:00+07:00,sun,night,66.92718182764949,17.30326137272675,65,16,0.9246811716789448,ok,,google,-0.07830628015126893,0.9712047963918105,0.943238756534458,,True,observed_google
11367186529_8767825379_0,11367186529,8767825379,0,sun_07,2026-06-07T07:00:00+07:00,2026-06-07T07:00:00+07:00,sun,am,66.92718182764949,17.30326137272675,65,16,0.9246811716789448,ok,,google,-0.07830628015126893,0.9712047963918105,0.943238756534458,,True,observed_google
11367186529_8767825379_0,11367186529,8767825379,0,sun_17,2026-06-07T17:00:00+07:00,2026-06-07T17:00:00+07:00,sun,pm,66.92718182764949,17.30326137272675,65,16,0.9246811716789448,ok,,google,-0.07830628015126893,0.9712047963918105,0.943238756534458,,True,observed_google
5455605140_5455605143_0,5455605140,5455605143,0,mon_01,2026-06-01T01:00:00+07:00,2026-06-08T01:00:00+07:00,mon,night,91.99405523590272,23.784016284789548,750,200,8.409008705897364,ok,,google,2.12930359615732,8.152700716114271,0.015045166575549013,route_ratio_above_max,False,observed_google
5455605140_5455605143_0,5455605140,5455605143,0,mon_07,2026-06-01T07:00:00+07:00,2026-06-01T07:00:00+07:00,mon,am,91.99405523590272,23.784016284789548,750,230,9.67036001178197,ok,,google,2.269065538532479,8.152700716114271,0.015045166575549013,route_ratio_above_max,False,observed_google
5455605140_5455605143_0,5455605140,5455605143,0,mon_17,2026-06-01T17:00:00+07:00,2026-06-01T17:00:00+07:00,mon,pm,91.99405523590272,23.784016284789548,750,250,10.511260882371706,ok,,google,2.3524471474715303,8.152700716114271,0.015045166575549013,route_ratio_above_max,False,observed_google
5455605140_5455605143_0,5455605140,5455605143,0,tue_01,2026-06-02T01:00:00+07:00,2026-06-02T01:00:00+07:00,tue,night,91.99405523590272,23.784016284789548,750,203,8.535143836485824,ok,,google,2.144192208651071,8.152700716114271,0.015045166575549013,route_ratio_above_max,False,observed_google
5455605140_5455605143_0,5455605140,5455605143,0,tue_07,2026-06-02T07:00:00+07:00,2026-06-02T07:00:00+07:00,tue,am,91.99405523590272,23.784016284789548,750,234,9.838540185899916,ok,,google,2.286307344966985,8.152700716114271,0.015045166575549013,route_ratio_above_max,False,observed_google
5455605140_5455605143_0,5455605140,5455605143,0,tue_17,2026-06-02T17:00:00+07:00,2026-06-02T17:00:00+07:00,tue,pm,91.99405523590272,23.784016284789548,750,265,11.141936535314008,ok,,google,2.410716055595506,8.152700716114271,0.015045166575549013,route_ratio_above_max,False,observed_google
5455605140_5455605143_0,5455605140,5455605143,0,wed_01,2026-06-03T01:00:00+07:00,2026-06-03T01:00:00+07:00,wed,night,91.99405523590272,23.784016284789548,750,204,8.577188880015312,ok,,google,2.1491062234535,8.152700716114271,0.015045166575549013,route_ratio_above_max,False,observed_google
5455605140_5455605143_0,5455605140,5455605143,0,wed_07,2026-06-03T07:00:00+07:00,2026-06-03T07:00:00+07:00,wed,am,91.99405523590272,23.784016284789548,750,226,9.502179837664022,ok,,google,2.2515212288815696,8.152700716114271,0.015045166575549013,route_ratio_above_max,False,observed_google
5455605140_5455605143_0,5455605140,5455605143,0,wed_17,2026-06-03T17:00:00+07:00,2026-06-03T17:00:00+07:00,wed,pm,91.99405523590272,23.784016284789548,750,268,11.268071665902468,ok,,google,2.4219732101201403,8.152700716114271,0.015045166575549013,route_ratio_above_max,False,observed_google
5455605140_5455605143_0,5455605140,5455605143,0,thu_01,2026-06-04T01:00:00+07:00,2026-06-04T01:00:00+07:00,thu,night,91.99405523590272,23.784016284789548,750,203,8.535143836485824,ok,,google,2.144192208651071,8.152700716114271,0.015045166575549013,route_ratio_above_max,False,observed_google
5455605140_5455605143_0,5455605140,5455605143,0,thu_07,2026-06-04T07:00:00+07:00,2026-06-04T07:00:00+07:00,thu,am,91.99405523590272,23.784016284789548,750,238,10.006720360017864,ok,,google,2.3032569032807584,8.152700716114271,0.015045166575549013,route_ratio_above_max,False,observed_google
5455605140_5455605143_0,5455605140,5455605143,0,thu_17,2026-06-04T17:00:00+07:00,2026-06-04T17:00:00+07:00,thu,pm,91.99405523590272,23.784016284789548,750,278,11.688522101197336,ok,,google,2.4586073432999207,8.152700716114271,0.015045166575549013,route_ratio_above_max,False,observed_google
5455605140_5455605143_0,5455605140,5455605143,0,fri_01,2026-06-05T01:00:00+07:00,2026-06-05T01:00:00+07:00,fri,night,91.99405523590272,23.784016284789548,750,210,8.829459141192233,ok,,google,2.1780937603267523,8.152700716114271,0.015045166575549013,route_ratio_above_max,False,observed_google
5455605140_5455605143_0,5455605140,5455605143,0,fri_07,2026-06-05T07:00:00+07:00,2026-06-05T07:00:00+07:00,fri,am,91.99405523590272,23.784016284789548,750,248,10.427170795312731,ok,,google,2.344414975774266,8.152700716114271,0.015045166575549013,route_ratio_above_max,False,observed_google
5455605140_5455605143_0,5455605140,5455605143,0,fri_17,2026-06-05T17:00:00+07:00,2026-06-05T17:00:00+07:00,fri,pm,91.99405523590272,23.784016284789548,750,254,10.679441056489653,ok,,google,2.3683204966278204,8.152700716114271,0.015045166575549013,route_ratio_above_max,False,observed_google
5455605140_5455605143_0,5455605140,5455605143,0,sat_01,2026-06-06T01:00:00+07:00,2026-06-06T01:00:00+07:00,sat,night,91.99405523590272,23.784016284789548,750,205,8.6192339235448,ok,,google,2.153996208747692,8.152700716114271,0.015045166575549013,route_ratio_above_max,False,observed_google
5455605140_5455605143_0,5455605140,5455605143,0,sat_07,2026-06-06T07:00:00+07:00,2026-06-06T07:00:00+07:00,sat,am,91.99405523590272,23.784016284789548,750,204,8.577188880015312,ok,,google,2.1491062234535,8.152700716114271,0.015045166575549013,route_ratio_above_max,False,observed_google
5455605140_5455605143_0,5455605140,5455605143,0,sat_17,2026-06-06T17:00:00+07:00,2026-06-06T17:00:00+07:00,sat,pm,91.99405523590272,23.784016284789548,750,247,10.385125751783246,ok,,google,2.340374566237261,8.152700716114271,0.015045166575549013,route_ratio_above_max,False,observed_google
5455605140_5455605143_0,5455605140,5455605143,0,sun_01,2026-06-07T01:00:00+07:00,2026-06-07T01:00:00+07:00,sun,night,91.99405523590272,23.784016284789548,750,208,8.74536905413326,ok,,google,2.1685243093106017,8.152700716114271,0.015045166575549013,route_ratio_above_max,False,observed_google
5455605140_5455605143_0,5455605140,5455605143,0,sun_07,2026-06-07T07:00:00+07:00,2026-06-07T07:00:00+07:00,sun,am,91.99405523590272,23.784016284789548,750,209,8.787414097662746,ok,,google,2.1733204815740947,8.152700716114271,0.015045166575549013,route_ratio_above_max,False,observed_google
5455605140_5455605143_0,5455605140,5455605143,0,sun_17,2026-06-07T17:00:00+07:00,2026-06-07T17:00:00+07:00,sun,pm,91.99405523590272,23.784016284789548,750,253,10.637396012960169,ok,,google,2.364375718336804,8.152700716114271,0.015045166575549013,route_ratio_above_max,False,observed_google
5461005959_5461005961_0,5461005959,5461005961,0,mon_01,2026-06-01T01:00:00+07:00,2026-06-08T01:00:00+07:00,mon,night,73.0453325795614,18.88503963810623,69,23,1.2178952462239263,ok,,google,0.19712416084682471,0.9446188765701737,0.8923048219726971,,True,observed_google
5461005959_5461005961_0,5461005959,5461005961,0,mon_07,2026-06-01T07:00:00+07:00,2026-06-01T07:00:00+07:00,mon,am,73.0453325795614,18.88503963810623,69,23,1.2178952462239263,ok,,google,0.19712416084682471,0.9446188765701737,0.8923048219726971,,True,observed_google
5461005959_5461005961_0,5461005959,5461005961,0,mon_17,2026-06-01T17:00:00+07:00,2026-06-01T17:00:00+07:00,mon,pm,73.0453325795614,18.88503963810623,69,23,1.2178952462239263,ok,,google,0.19712416084682471,0.9446188765701737,0.8923048219726971,,True,observed_google
5461005959_5461005961_0,5461005959,5461005961,0,tue_01,2026-06-02T01:00:00+07:00,2026-06-02T01:00:00+07:00,tue,night,73.0453325795614,18.88503963810623,69,23,1.2178952462239263,ok,,google,0.19712416084682471,0.9446188765701737,0.8923048219726971,,True,observed_google
5461005959_5461005961_0,5461005959,5461005961,0,tue_07,2026-06-02T07:00:00+07:00,2026-06-02T07:00:00+07:00,tue,am,73.0453325795614,18.88503963810623,69,23,1.2178952462239263,ok,,google,0.19712416084682471,0.9446188765701737,0.8923048219726971,,True,observed_google
5461005959_5461005961_0,5461005959,5461005961,0,tue_17,2026-06-02T17:00:00+07:00,2026-06-02T17:00:00+07:00,tue,pm,73.0453325795614,18.88503963810623,69,23,1.2178952462239263,ok,,google,0.19712416084682471,0.9446188765701737,0.8923048219726971,,True,observed_google
5461005959_5461005961_0,5461005959,5461005961,0,wed_01,2026-06-03T01:00:00+07:00,2026-06-03T01:00:00+07:00,wed,night,73.0453325795614,18.88503963810623,69,23,1.2178952462239263,ok,,google,0.19712416084682471,0.9446188765701737,0.8923048219726971,,True,observed_google
5461005959_5461005961_0,5461005959,5461005961,0,wed_07,2026-06-03T07:00:00+07:00,2026-06-03T07:00:00+07:00,wed,am,73.0453325795614,18.88503963810623,69,23,1.2178952462239263,ok,,google,0.19712416084682471,0.9446188765701737,0.8923048219726971,,True,observed_google
5461005959_5461005961_0,5461005959,5461005961,0,wed_17,2026-06-03T17:00:00+07:00,2026-06-03T17:00:00+07:00,wed,pm,73.0453325795614,18.88503963810623,69,23,1.2178952462239263,ok,,google,0.19712416084682471,0.9446188765701737,0.8923048219726971,,True,observed_google
5461005959_5461005961_0,5461005959,5461005961,0,thu_01,2026-06-04T01:00:00+07:00,2026-06-04T01:00:00+07:00,thu,night,73.0453325795614,18.88503963810623,69,23,1.2178952462239263,ok,,google,0.19712416084682471,0.9446188765701737,0.8923048219726971,,True,observed_google
5461005959_5461005961_0,5461005959,5461005961,0,thu_07,2026-06-04T07:00:00+07:00,2026-06-04T07:00:00+07:00,thu,am,73.0453325795614,18.88503963810623,69,23,1.2178952462239263,ok,,google,0.19712416084682471,0.9446188765701737,0.8923048219726971,,True,observed_google
5461005959_5461005961_0,5461005959,5461005961,0,thu_17,2026-06-04T17:00:00+07:00,2026-06-04T17:00:00+07:00,thu,pm,73.0453325795614,18.88503963810623,69,23,1.2178952462239263,ok,,google,0.19712416084682471,0.9446188765701737,0.8923048219726971,,True,observed_google
5461005959_5461005961_0,5461005959,5461005961,0,fri_01,2026-06-05T01:00:00+07:00,2026-06-05T01:00:00+07:00,fri,night,73.0453325795614,18.88503963810623,69,23,1.2178952462239263,ok,,google,0.19712416084682471,0.9446188765701737,0.8923048219726971,,True,observed_google
5461005959_5461005961_0,5461005959,5461005961,0,fri_07,2026-06-05T07:00:00+07:00,2026-06-05T07:00:00+07:00,fri,am,73.0453325795614,18.88503963810623,69,23,1.2178952462239263,ok,,google,0.19712416084682471,0.9446188765701737,0.8923048219726971,,True,observed_google
5461005959_5461005961_0,5461005959,5461005961,0,fri_17,2026-06-05T17:00:00+07:00,2026-06-05T17:00:00+07:00,fri,pm,73.0453325795614,18.88503963810623,69,23,1.2178952462239263,ok,,google,0.19712416084682471,0.9446188765701737,0.8923048219726971,,True,observed_google
5461005959_5461005961_0,5461005959,5461005961,0,sat_01,2026-06-06T01:00:00+07:00,2026-06-06T01:00:00+07:00,sat,night,73.0453325795614,18.88503963810623,69,23,1.2178952462239263,ok,,google,0.19712416084682471,0.9446188765701737,0.8923048219726971,,True,observed_google
5461005959_5461005961_0,5461005959,5461005961,0,sat_07,2026-06-06T07:00:00+07:00,2026-06-06T07:00:00+07:00,sat,am,73.0453325795614,18.88503963810623,69,23,1.2178952462239263,ok,,google,0.19712416084682471,0.9446188765701737,0.8923048219726971,,True,observed_google
5461005959_5461005961_0,5461005959,5461005961,0,sat_17,2026-06-06T17:00:00+07:00,2026-06-06T17:00:00+07:00,sat,pm,73.0453325795614,18.88503963810623,69,23,1.2178952462239263,ok,,google,0.19712416084682471,0.9446188765701737,0.8923048219726971,,True,observed_google
5461005959_5461005961_0,5461005959,5461005961,0,sun_01,2026-06-07T01:00:00+07:00,2026-06-07T01:00:00+07:00,sun,night,73.0453325795614,18.88503963810623,69,23,1.2178952462239263,ok,,google,0.19712416084682471,0.9446188765701737,0.8923048219726971,,True,observed_google
5461005959_5461005961_0,5461005959,5461005961,0,sun_07,2026-06-07T07:00:00+07:00,2026-06-07T07:00:00+07:00,sun,am,73.0453325795614,18.88503963810623,69,23,1.2178952462239263,ok,,google,0.19712416084682471,0.9446188765701737,0.8923048219726971,,True,observed_google
5461005959_5461005961_0,5461005959,5461005961,0,sun_17,2026-06-07T17:00:00+07:00,2026-06-07T17:00:00+07:00,sun,pm,73.0453325795614,18.88503963810623,69,23,1.2178952462239263,ok,,google,0.19712416084682471,0.9446188765701737,0.8923048219726971,,True,observed_google
4116903622_6377275591_0,4116903622,6377275591,0,mon_01,2026-06-01T01:00:00+07:00,2026-06-08T01:00:00+07:00,mon,night,169.41106640702984,43.799303682351926,254,65,1.4840418576378072,ok,,google,0.3947693503028039,1.4993117355730197,0.44485258573326114,,True,observed_google
4116903622_6377275591_0,4116903622,6377275591,0,mon_07,2026-06-01T07:00:00+07:00,2026-06-01T07:00:00+07:00,mon,am,169.41106640702984,43.799303682351926,254,68,1.5525360972210906,ok,,google,0.4398897855832735,1.4993117355730197,0.44485258573326114,,True,observed_google
4116903622_6377275591_0,4116903622,6377275591,0,mon_17,2026-06-01T17:00:00+07:00,2026-06-01T17:00:00+07:00,mon,pm,169.41106640702984,43.799303682351926,254,69,1.5753675104155185,ok,,google,0.45448858500442607,1.4993117355730197,0.44485258573326114,,True,observed_google
4116903622_6377275591_0,4116903622,6377275591,0,tue_01,2026-06-02T01:00:00+07:00,2026-06-02T01:00:00+07:00,tue,night,169.41106640702984,43.799303682351926,254,65,1.4840418576378072,ok,,google,0.3947693503028039,1.4993117355730197,0.44485258573326114,,True,observed_google
4116903622_6377275591_0,4116903622,6377275591,0,tue_07,2026-06-02T07:00:00+07:00,2026-06-02T07:00:00+07:00,tue,am,169.41106640702984,43.799303682351926,254,68,1.5525360972210906,ok,,google,0.4398897855832735,1.4993117355730197,0.44485258573326114,,True,observed_google
4116903622_6377275591_0,4116903622,6377275591,0,tue_17,2026-06-02T17:00:00+07:00,2026-06-02T17:00:00+07:00,tue,pm,169.41106640702984,43.799303682351926,254,69,1.5753675104155185,ok,,google,0.45448858500442607,1.4993117355730197,0.44485258573326114,,True,observed_google
4116903622_6377275591_0,4116903622,6377275591,0,wed_01,2026-06-03T01:00:00+07:00,2026-06-03T01:00:00+07:00,wed,night,169.41106640702984,43.799303682351926,254,68,1.5525360972210906,ok,,google,0.4398897855832735,1.4993117355730197,0.44485258573326114,,True,observed_google
4116903622_6377275591_0,4116903622,6377275591,0,wed_07,2026-06-03T07:00:00+07:00,2026-06-03T07:00:00+07:00,wed,am,169.41106640702984,43.799303682351926,254,66,1.506873270832235,ok,,google,0.41003682243359235,1.4993117355730197,0.44485258573326114,,True,observed_google
4116903622_6377275591_0,4116903622,6377275591,0,wed_17,2026-06-03T17:00:00+07:00,2026-06-03T17:00:00+07:00,wed,pm,169.41106640702984,43.799303682351926,254,68,1.5525360972210906,ok,,google,0.4398897855832735,1.4993117355730197,0.44485258573326114,,True,observed_google
4116903622_6377275591_0,4116903622,6377275591,0,thu_01,2026-06-04T01:00:00+07:00,2026-06-04T01:00:00+07:00,thu,night,169.41106640702984,43.799303682351926,254,66,1.506873270832235,ok,,google,0.41003682243359235,1.4993117355730197,0.44485258573326114,,True,observed_google
4116903622_6377275591_0,4116903622,6377275591,0,thu_07,2026-06-04T07:00:00+07:00,2026-06-04T07:00:00+07:00,thu,am,169.41106640702984,43.799303682351926,254,65,1.4840418576378072,ok,,google,0.3947693503028039,1.4993117355730197,0.44485258573326114,,True,observed_google
4116903622_6377275591_0,4116903622,6377275591,0,thu_17,2026-06-04T17:00:00+07:00,2026-06-04T17:00:00+07:00,thu,pm,169.41106640702984,43.799303682351926,254,70,1.598198923609946,ok,,google,0.4688773224565257,1.4993117355730197,0.44485258573326114,,True,observed_google
4116903622_6377275591_0,4116903622,6377275591,0,fri_01,2026-06-05T01:00:00+07:00,2026-06-05T01:00:00+07:00,fri,night,169.41106640702984,43.799303682351926,254,66,1.506873270832235,ok,,google,0.41003682243359235,1.4993117355730197,0.44485258573326114,,True,observed_google
4116903622_6377275591_0,4116903622,6377275591,0,fri_07,2026-06-05T07:00:00+07:00,2026-06-05T07:00:00+07:00,fri,am,169.41106640702984,43.799303682351926,254,67,1.5297046840266628,ok,,google,0.4250746997981329,1.4993117355730197,0.44485258573326114,,True,observed_google
4116903622_6377275591_0,4116903622,6377275591,0,fri_17,2026-06-05T17:00:00+07:00,2026-06-05T17:00:00+07:00,fri,pm,169.41106640702984,43.799303682351926,254,69,1.5753675104155185,ok,,google,0.45448858500442607,1.4993117355730197,0.44485258573326114,,True,observed_google
4116903622_6377275591_0,4116903622,6377275591,0,sat_01,2026-06-06T01:00:00+07:00,2026-06-06T01:00:00+07:00,sat,night,169.41106640702984,43.799303682351926,254,66,1.506873270832235,ok,,google,0.41003682243359235,1.4993117355730197,0.44485258573326114,,True,observed_google
4116903622_6377275591_0,4116903622,6377275591,0,sat_07,2026-06-06T07:00:00+07:00,2026-06-06T07:00:00+07:00,sat,am,169.41106640702984,43.799303682351926,254,66,1.506873270832235,ok,,google,0.41003682243359235,1.4993117355730197,0.44485258573326114,,True,observed_google
4116903622_6377275591_0,4116903622,6377275591,0,sat_17,2026-06-06T17:00:00+07:00,2026-06-06T17:00:00+07:00,sat,pm,169.41106640702984,43.799303682351926,254,69,1.5753675104155185,ok,,google,0.45448858500442607,1.4993117355730197,0.44485258573326114,,True,observed_google
4116903622_6377275591_0,4116903622,6377275591,0,sun_01,2026-06-07T01:00:00+07:00,2026-06-07T01:00:00+07:00,sun,night,169.41106640702984,43.799303682351926,254,65,1.4840418576378072,ok,,google,0.3947693503028039,1.4993117355730197,0.44485258573326114,,True,observed_google
4116903622_6377275591_0,4116903622,6377275591,0,sun_07,2026-06-07T07:00:00+07:00,2026-06-07T07:00:00+07:00,sun,am,169.41106640702984,43.799303682351926,254,72,1.6438617499988015,ok,,google,0.4970481994232221,1.4993117355730197,0.44485258573326114,,True,observed_google
4116903622_6377275591_0,4116903622,6377275591,0,sun_17,2026-06-07T17:00:00+07:00,2026-06-07T17:00:00+07:00,sun,pm,169.41106640702984,43.799303682351926,254,70,1.598198923609946,ok,,google,0.4688773224565257,1.4993117355730197,0.44485258573326114,,True,observed_google
5460962040_5460962041_0,5460962040,5460962041,0,mon_01,2026-06-01T01:00:00+07:00,2026-06-08T01:00:00+07:00,mon,night,131.32802607736576,33.95336690902083,132,27,0.7952083241802615,ok,,google,-0.22915115566103414,1.0051167594816233,0.9898444922737181,,True,observed_google
5460962040_5460962041_0,5460962040,5460962041,0,mon_07,2026-06-01T07:00:00+07:00,2026-06-01T07:00:00+07:00,mon,am,131.32802607736576,33.95336690902083,132,27,0.7952083241802615,ok,,google,-0.22915115566103414,1.0051167594816233,0.9898444922737181,,True,observed_google
5460962040_5460962041_0,5460962040,5460962041,0,mon_17,2026-06-01T17:00:00+07:00,2026-06-01T17:00:00+07:00,mon,pm,131.32802607736576,33.95336690902083,132,27,0.7952083241802615,ok,,google,-0.22915115566103414,1.0051167594816233,0.9898444922737181,,True,observed_google
5460962040_5460962041_0,5460962040,5460962041,0,tue_01,2026-06-02T01:00:00+07:00,2026-06-02T01:00:00+07:00,tue,night,131.32802607736576,33.95336690902083,132,27,0.7952083241802615,ok,,google,-0.22915115566103414,1.0051167594816233,0.9898444922737181,,True,observed_google
5460962040_5460962041_0,5460962040,5460962041,0,tue_07,2026-06-02T07:00:00+07:00,2026-06-02T07:00:00+07:00,tue,am,131.32802607736576,33.95336690902083,132,27,0.7952083241802615,ok,,google,-0.22915115566103414,1.0051167594816233,0.9898444922737181,,True,observed_google
5460962040_5460962041_0,5460962040,5460962041,0,tue_17,2026-06-02T17:00:00+07:00,2026-06-02T17:00:00+07:00,tue,pm,131.32802607736576,33.95336690902083,132,27,0.7952083241802615,ok,,google,-0.22915115566103414,1.0051167594816233,0.9898444922737181,,True,observed_google
5460962040_5460962041_0,5460962040,5460962041,0,wed_01,2026-06-03T01:00:00+07:00,2026-06-03T01:00:00+07:00,wed,night,131.32802607736576,33.95336690902083,132,27,0.7952083241802615,ok,,google,-0.22915115566103414,1.0051167594816233,0.9898444922737181,,True,observed_google
5460962040_5460962041_0,5460962040,5460962041,0,wed_07,2026-06-03T07:00:00+07:00,2026-06-03T07:00:00+07:00,wed,am,131.32802607736576,33.95336690902083,132,27,0.7952083241802615,ok,,google,-0.22915115566103414,1.0051167594816233,0.9898444922737181,,True,observed_google
5460962040_5460962041_0,5460962040,5460962041,0,wed_17,2026-06-03T17:00:00+07:00,2026-06-03T17:00:00+07:00,wed,pm,131.32802607736576,33.95336690902083,132,27,0.7952083241802615,ok,,google,-0.22915115566103414,1.0051167594816233,0.9898444922737181,,True,observed_google
5460962040_5460962041_0,5460962040,5460962041,0,thu_01,2026-06-04T01:00:00+07:00,2026-06-04T01:00:00+07:00,thu,night,131.32802607736576,33.95336690902083,132,27,0.7952083241802615,ok,,google,-0.22915115566103414,1.0051167594816233,0.9898444922737181,,True,observed_google
5460962040_5460962041_0,5460962040,5460962041,0,thu_07,2026-06-04T07:00:00+07:00,2026-06-04T07:00:00+07:00,thu,am,131.32802607736576,33.95336690902083,132,27,0.7952083241802615,ok,,google,-0.22915115566103414,1.0051167594816233,0.9898444922737181,,True,observed_google
5460962040_5460962041_0,5460962040,5460962041,0,thu_17,2026-06-04T17:00:00+07:00,2026-06-04T17:00:00+07:00,thu,pm,131.32802607736576,33.95336690902083,132,27,0.7952083241802615,ok,,google,-0.22915115566103414,1.0051167594816233,0.9898444922737181,,True,observed_google
5460962040_5460962041_0,5460962040,5460962041,0,fri_01,2026-06-05T01:00:00+07:00,2026-06-05T01:00:00+07:00,fri,night,131.32802607736576,33.95336690902083,132,27,0.7952083241802615,ok,,google,-0.22915115566103414,1.0051167594816233,0.9898444922737181,,True,observed_google
5460962040_5460962041_0,5460962040,5460962041,0,fri_07,2026-06-05T07:00:00+07:00,2026-06-05T07:00:00+07:00,fri,am,131.32802607736576,33.95336690902083,132,27,0.7952083241802615,ok,,google,-0.22915115566103414,1.0051167594816233,0.9898444922737181,,True,observed_google
5460962040_5460962041_0,5460962040,5460962041,0,fri_17,2026-06-05T17:00:00+07:00,2026-06-05T17:00:00+07:00,fri,pm,131.32802607736576,33.95336690902083,132,27,0.7952083241802615,ok,,google,-0.22915115566103414,1.0051167594816233,0.9898444922737181,,True,observed_google
5460962040_5460962041_0,5460962040,5460962041,0,sat_01,2026-06-06T01:00:00+07:00,2026-06-06T01:00:00+07:00,sat,night,131.32802607736576,33.95336690902083,132,27,0.7952083241802615,ok,,google,-0.22915115566103414,1.0051167594816233,0.9898444922737181,,True,observed_google
5460962040_5460962041_0,5460962040,5460962041,0,sat_07,2026-06-06T07:00:00+07:00,2026-06-06T07:00:00+07:00,sat,am,131.32802607736576,33.95336690902083,132,27,0.7952083241802615,ok,,google,-0.22915115566103414,1.0051167594816233,0.9898444922737181,,True,observed_google
5460962040_5460962041_0,5460962040,5460962041,0,sat_17,2026-06-06T17:00:00+07:00,2026-06-06T17:00:00+07:00,sat,pm,131.32802607736576,33.95336690902083,132,27,0.7952083241802615,ok,,google,-0.22915115566103414,1.0051167594816233,0.9898444922737181,,True,observed_google
5460962040_5460962041_0,5460962040,5460962041,0,sun_01,2026-06-07T01:00:00+07:00,2026-06-07T01:00:00+07:00,sun,night,131.32802607736576,33.95336690902083,132,27,0.7952083241802615,ok,,google,-0.22915115566103414,1.0051167594816233,0.9898444922737181,,True,observed_google
5460962040_5460962041_0,5460962040,5460962041,0,sun_07,2026-06-07T07:00:00+07:00,2026-06-07T07:00:00+07:00,sun,am,131.32802607736576,33.95336690902083,132,27,0.7952083241802615,ok,,google,-0.22915115566103414,1.0051167594816233,0.9898444922737181,,True,observed_google
5460962040_5460962041_0,5460962040,5460962041,0,sun_17,2026-06-07T17:00:00+07:00,2026-06-07T17:00:00+07:00,sun,pm,131.32802607736576,33.95336690902083,132,27,0.7952083241802615,ok,,google,-0.22915115566103414,1.0051167594816233,0.9898444922737181,,True,observed_google
2012626624_2012626558_1,2012626624,2012626558,1,mon_01,2026-06-01T01:00:00+07:00,2026-06-08T01:00:00+07:00,mon,night,160.15679283285755,41.40671654367657,100,38,0.9177255086120364,ok,,google,-0.08585694330065759,0.6243881276041895,0.3898605338930656,route_ratio_below_min,False,observed_google
2012626624_2012626558_1,2012626624,2012626558,1,mon_07,2026-06-01T07:00:00+07:00,2026-06-01T07:00:00+07:00,mon,am,160.15679283285755,41.40671654367657,100,21,0.5071640968645463,ok,,google,-0.6789206653036204,0.6243881276041895,0.3898605338930656,route_ratio_below_min,False,observed_google
2012626624_2012626558_1,2012626624,2012626558,1,mon_17,2026-06-01T17:00:00+07:00,2026-06-01T17:00:00+07:00,mon,pm,160.15679283285755,41.40671654367657,100,38,0.9177255086120364,ok,,google,-0.08585694330065759,0.6243881276041895,0.3898605338930656,route_ratio_below_min,False,observed_google
2012626624_2012626558_1,2012626624,2012626558,1,tue_01,2026-06-02T01:00:00+07:00,2026-06-02T01:00:00+07:00,tue,night,160.15679283285755,41.40671654367657,100,38,0.9177255086120364,ok,,google,-0.08585694330065759,0.6243881276041895,0.3898605338930656,route_ratio_below_min,False,observed_google
2012626624_2012626558_1,2012626624,2012626558,1,tue_07,2026-06-02T07:00:00+07:00,2026-06-02T07:00:00+07:00,tue,am,160.15679283285755,41.40671654367657,100,38,0.9177255086120364,ok,,google,-0.08585694330065759,0.6243881276041895,0.3898605338930656,route_ratio_below_min,False,observed_google
2012626624_2012626558_1,2012626624,2012626558,1,tue_17,2026-06-02T17:00:00+07:00,2026-06-02T17:00:00+07:00,tue,pm,160.15679283285755,41.40671654367657,100,38,0.9177255086120364,ok,,google,-0.08585694330065759,0.6243881276041895,0.3898605338930656,route_ratio_below_min,False,observed_google
2012626624_2012626558_1,2012626624,2012626558,1,wed_01,2026-06-03T01:00:00+07:00,2026-06-03T01:00:00+07:00,wed,night,160.15679283285755,41.40671654367657,100,38,0.9177255086120364,ok,,google,-0.08585694330065759,0.6243881276041895,0.3898605338930656,route_ratio_below_min,False,observed_google
2012626624_2012626558_1,2012626624,2012626558,1,wed_07,2026-06-03T07:00:00+07:00,2026-06-03T07:00:00+07:00,wed,am,160.15679283285755,41.40671654367657,100,38,0.9177255086120364,ok,,google,-0.08585694330065759,0.6243881276041895,0.3898605338930656,route_ratio_below_min,False,observed_google
2012626624_2012626558_1,2012626624,2012626558,1,wed_17,2026-06-03T17:00:00+07:00,2026-06-03T17:00:00+07:00,wed,pm,160.15679283285755,41.40671654367657,100,38,0.9177255086120364,ok,,google,-0.08585694330065759,0.6243881276041895,0.3898605338930656,route_ratio_below_min,False,observed_google
2012626624_2012626558_1,2012626624,2012626558,1,thu_01,2026-06-04T01:00:00+07:00,2026-06-04T01:00:00+07:00,thu,night,160.15679283285755,41.40671654367657,100,38,0.9177255086120364,ok,,google,-0.08585694330065759,0.6243881276041895,0.3898605338930656,route_ratio_below_min,False,observed_google
2012626624_2012626558_1,2012626624,2012626558,1,thu_07,2026-06-04T07:00:00+07:00,2026-06-04T07:00:00+07:00,thu,am,160.15679283285755,41.40671654367657,100,38,0.9177255086120364,ok,,google,-0.08585694330065759,0.6243881276041895,0.3898605338930656,route_ratio_below_min,False,observed_google
2012626624_2012626558_1,2012626624,2012626558,1,thu_17,2026-06-04T17:00:00+07:00,2026-06-04T17:00:00+07:00,thu,pm,160.15679283285755,41.40671654367657,100,38,0.9177255086120364,ok,,google,-0.08585694330065759,0.6243881276041895,0.3898605338930656,route_ratio_below_min,False,observed_google
2012626624_2012626558_1,2012626624,2012626558,1,fri_01,2026-06-05T01:00:00+07:00,2026-06-05T01:00:00+07:00,fri,night,160.15679283285755,41.40671654367657,100,38,0.9177255086120364,ok,,google,-0.08585694330065759,0.6243881276041895,0.3898605338930656,route_ratio_below_min,False,observed_google
2012626624_2012626558_1,2012626624,2012626558,1,fri_07,2026-06-05T07:00:00+07:00,2026-06-05T07:00:00+07:00,fri,am,160.15679283285755,41.40671654367657,100,38,0.9177255086120364,ok,,google,-0.08585694330065759,0.6243881276041895,0.3898605338930656,route_ratio_below_min,False,observed_google
2012626624_2012626558_1,2012626624,2012626558,1,fri_17,2026-06-05T17:00:00+07:00,2026-06-05T17:00:00+07:00,fri,pm,160.15679283285755,41.40671654367657,100,38,0.9177255086120364,ok,,google,-0.08585694330065759,0.6243881276041895,0.3898605338930656,route_ratio_below_min,False,observed_google
2012626624_2012626558_1,2012626624,2012626558,1,sat_01,2026-06-06T01:00:00+07:00,2026-06-06T01:00:00+07:00,sat,night,160.15679283285755,41.40671654367657,100,38,0.9177255086120364,ok,,google,-0.08585694330065759,0.6243881276041895,0.3898605338930656,route_ratio_below_min,False,observed_google
2012626624_2012626558_1,2012626624,2012626558,1,sat_07,2026-06-06T07:00:00+07:00,2026-06-06T07:00:00+07:00,sat,am,160.15679283285755,41.40671654367657,100,38,0.9177255086120364,ok,,google,-0.08585694330065759,0.6243881276041895,0.3898605338930656,route_ratio_below_min,False,observed_google
2012626624_2012626558_1,2012626624,2012626558,1,sat_17,2026-06-06T17:00:00+07:00,2026-06-06T17:00:00+07:00,sat,pm,160.15679283285755,41.40671654367657,100,38,0.9177255086120364,ok,,google,-0.08585694330065759,0.6243881276041895,0.3898605338930656,route_ratio_below_min,False,observed_google
2012626624_2012626558_1,2012626624,2012626558,1,sun_01,2026-06-07T01:00:00+07:00,2026-06-07T01:00:00+07:00,sun,night,160.15679283285755,41.40671654367657,100,38,0.9177255086120364,ok,,google,-0.08585694330065759,0.6243881276041895,0.3898605338930656,route_ratio_below_min,False,observed_google
2012626624_2012626558_1,2012626624,2012626558,1,sun_07,2026-06-07T07:00:00+07:00,2026-06-07T07:00:00+07:00,sun,am,160.15679283285755,41.40671654367657,100,38,0.9177255086120364,ok,,google,-0.08585694330065759,0.6243881276041895,0.3898605338930656,route_ratio_below_min,False,observed_google
2012626624_2012626558_1,2012626624,2012626558,1,sun_17,2026-06-07T17:00:00+07:00,2026-06-07T17:00:00+07:00,sun,pm,160.15679283285755,41.40671654367657,100,38,0.9177255086120364,ok,,google,-0.08585694330065759,0.6243881276041895,0.3898605338930656,route_ratio_below_min,False,observed_google
2255977974_2255977984_0,2255977974,2255977984,0,mon_01,2026-06-01T01:00:00+07:00,2026-06-08T01:00:00+07:00,mon,night,113.88660946565534,29.44408709024375,114,31,1.052842966568721,ok,,google,0.05149409246655148,1.0009956441312695,0.99801168171612,,True,observed_google
2255977974_2255977984_0,2255977974,2255977984,0,mon_07,2026-06-01T07:00:00+07:00,2026-06-01T07:00:00+07:00,mon,am,113.88660946565534,29.44408709024375,114,31,1.052842966568721,ok,,google,0.05149409246655148,1.0009956441312695,0.99801168171612,,True,observed_google
2255977974_2255977984_0,2255977974,2255977984,0,mon_17,2026-06-01T17:00:00+07:00,2026-06-01T17:00:00+07:00,mon,pm,113.88660946565534,29.44408709024375,114,31,1.052842966568721,ok,,google,0.05149409246655148,1.0009956441312695,0.99801168171612,,True,observed_google
2255977974_2255977984_0,2255977974,2255977984,0,tue_01,2026-06-02T01:00:00+07:00,2026-06-02T01:00:00+07:00,tue,night,113.88660946565534,29.44408709024375,114,31,1.052842966568721,ok,,google,0.05149409246655148,1.0009956441312695,0.99801168171612,,True,observed_google
2255977974_2255977984_0,2255977974,2255977984,0,tue_07,2026-06-02T07:00:00+07:00,2026-06-02T07:00:00+07:00,tue,am,113.88660946565534,29.44408709024375,114,31,1.052842966568721,ok,,google,0.05149409246655148,1.0009956441312695,0.99801168171612,,True,observed_google
2255977974_2255977984_0,2255977974,2255977984,0,tue_17,2026-06-02T17:00:00+07:00,2026-06-02T17:00:00+07:00,tue,pm,113.88660946565534,29.44408709024375,114,31,1.052842966568721,ok,,google,0.05149409246655148,1.0009956441312695,0.99801168171612,,True,observed_google
2255977974_2255977984_0,2255977974,2255977984,0,wed_01,2026-06-03T01:00:00+07:00,2026-06-03T01:00:00+07:00,wed,night,113.88660946565534,29.44408709024375,114,31,1.052842966568721,ok,,google,0.05149409246655148,1.0009956441312695,0.99801168171612,,True,observed_google
2255977974_2255977984_0,2255977974,2255977984,0,wed_07,2026-06-03T07:00:00+07:00,2026-06-03T07:00:00+07:00,wed,am,113.88660946565534,29.44408709024375,114,31,1.052842966568721,ok,,google,0.05149409246655148,1.0009956441312695,0.99801168171612,,True,observed_google
2255977974_2255977984_0,2255977974,2255977984,0,wed_17,2026-06-03T17:00:00+07:00,2026-06-03T17:00:00+07:00,wed,pm,113.88660946565534,29.44408709024375,114,31,1.052842966568721,ok,,google,0.05149409246655148,1.0009956441312695,0.99801168171612,,True,observed_google
2255977974_2255977984_0,2255977974,2255977984,0,thu_01,2026-06-04T01:00:00+07:00,2026-06-04T01:00:00+07:00,thu,night,113.88660946565534,29.44408709024375,114,31,1.052842966568721,ok,,google,0.05149409246655148,1.0009956441312695,0.99801168171612,,True,observed_google
2255977974_2255977984_0,2255977974,2255977984,0,thu_07,2026-06-04T07:00:00+07:00,2026-06-04T07:00:00+07:00,thu,am,113.88660946565534,29.44408709024375,114,31,1.052842966568721,ok,,google,0.05149409246655148,1.0009956441312695,0.99801168171612,,True,observed_google
2255977974_2255977984_0,2255977974,2255977984,0,thu_17,2026-06-04T17:00:00+07:00,2026-06-04T17:00:00+07:00,thu,pm,113.88660946565534,29.44408709024375,114,31,1.052842966568721,ok,,google,0.05149409246655148,1.0009956441312695,0.99801168171612,,True,observed_google
2255977974_2255977984_0,2255977974,2255977984,0,fri_01,2026-06-05T01:00:00+07:00,2026-06-05T01:00:00+07:00,fri,night,113.88660946565534,29.44408709024375,114,31,1.052842966568721,ok,,google,0.05149409246655148,1.0009956441312695,0.99801168171612,,True,observed_google
2255977974_2255977984_0,2255977974,2255977984,0,fri_07,2026-06-05T07:00:00+07:00,2026-06-05T07:00:00+07:00,fri,am,113.88660946565534,29.44408709024375,114,31,1.052842966568721,ok,,google,0.05149409246655148,1.0009956441312695,0.99801168171612,,True,observed_google
2255977974_2255977984_0,2255977974,2255977984,0,fri_17,2026-06-05T17:00:00+07:00,2026-06-05T17:00:00+07:00,fri,pm,113.88660946565534,29.44408709024375,114,31,1.052842966568721,ok,,google,0.05149409246655148,1.0009956441312695,0.99801168171612,,True,observed_google
2255977974_2255977984_0,2255977974,2255977984,0,sat_01,2026-06-06T01:00:00+07:00,2026-06-06T01:00:00+07:00,sat,night,113.88660946565534,29.44408709024375,114,31,1.052842966568721,ok,,google,0.05149409246655148,1.0009956441312695,0.99801168171612,,True,observed_google
2255977974_2255977984_0,2255977974,2255977984,0,sat_07,2026-06-06T07:00:00+07:00,2026-06-06T07:00:00+07:00,sat,am,113.88660946565534,29.44408709024375,114,31,1.052842966568721,ok,,google,0.05149409246655148,1.0009956441312695,0.99801168171612,,True,observed_google
2255977974_2255977984_0,2255977974,2255977984,0,sat_17,2026-06-06T17:00:00+07:00,2026-06-06T17:00:00+07:00,sat,pm,113.88660946565534,29.44408709024375,114,31,1.052842966568721,ok,,google,0.05149409246655148,1.0009956441312695,0.99801168171612,,True,observed_google
2255977974_2255977984_0,2255977974,2255977984,0,sun_01,2026-06-07T01:00:00+07:00,2026-06-07T01:00:00+07:00,sun,night,113.88660946565534,29.44408709024375,114,31,1.052842966568721,ok,,google,0.05149409246655148,1.0009956441312695,0.99801168171612,,True,observed_google
2255977974_2255977984_0,2255977974,2255977984,0,sun_07,2026-06-07T07:00:00+07:00,2026-06-07T07:00:00+07:00,sun,am,113.88660946565534,29.44408709024375,114,31,1.052842966568721,ok,,google,0.05149409246655148,1.0009956441312695,0.99801168171612,,True,observed_google
2255977974_2255977984_0,2255977974,2255977984,0,sun_17,2026-06-07T17:00:00+07:00,2026-06-07T17:00:00+07:00,sun,pm,113.88660946565534,29.44408709024375,114,31,1.052842966568721,ok,,google,0.05149409246655148,1.0009956441312695,0.99801168171612,,True,observed_google
312086553_312086915_0,312086553,312086915,0,mon_01,2026-06-01T01:00:00+07:00,2026-06-08T01:00:00+07:00,mon,night,123.14502302870682,19.514656280912774,126,36,1.8447673113879788,ok,,google,0.612353151049985,1.0231838599813137,0.9551963149874484,,True,observed_google
312086553_312086915_0,312086553,312086915,0,mon_07,2026-06-01T07:00:00+07:00,2026-06-01T07:00:00+07:00,mon,am,123.14502302870682,19.514656280912774,126,36,1.8447673113879788,ok,,google,0.612353151049985,1.0231838599813137,0.9551963149874484,,True,observed_google
312086553_312086915_0,312086553,312086915,0,mon_17,2026-06-01T17:00:00+07:00,2026-06-01T17:00:00+07:00,mon,pm,123.14502302870682,19.514656280912774,126,36,1.8447673113879788,ok,,google,0.612353151049985,1.0231838599813137,0.9551963149874484,,True,observed_google
312086553_312086915_0,312086553,312086915,0,tue_01,2026-06-02T01:00:00+07:00,2026-06-02T01:00:00+07:00,tue,night,123.14502302870682,19.514656280912774,126,36,1.8447673113879788,ok,,google,0.612353151049985,1.0231838599813137,0.9551963149874484,,True,observed_google
312086553_312086915_0,312086553,312086915,0,tue_07,2026-06-02T07:00:00+07:00,2026-06-02T07:00:00+07:00,tue,am,123.14502302870682,19.514656280912774,126,36,1.8447673113879788,ok,,google,0.612353151049985,1.0231838599813137,0.9551963149874484,,True,observed_google
312086553_312086915_0,312086553,312086915,0,tue_17,2026-06-02T17:00:00+07:00,2026-06-02T17:00:00+07:00,tue,pm,123.14502302870682,19.514656280912774,126,36,1.8447673113879788,ok,,google,0.612353151049985,1.0231838599813137,0.9551963149874484,,True,observed_google
312086553_312086915_0,312086553,312086915,0,wed_01,2026-06-03T01:00:00+07:00,2026-06-03T01:00:00+07:00,wed,night,123.14502302870682,19.514656280912774,126,36,1.8447673113879788,ok,,google,0.612353151049985,1.0231838599813137,0.9551963149874484,,True,observed_google
312086553_312086915_0,312086553,312086915,0,wed_07,2026-06-03T07:00:00+07:00,2026-06-03T07:00:00+07:00,wed,am,123.14502302870682,19.514656280912774,126,36,1.8447673113879788,ok,,google,0.612353151049985,1.0231838599813137,0.9551963149874484,,True,observed_google
312086553_312086915_0,312086553,312086915,0,wed_17,2026-06-03T17:00:00+07:00,2026-06-03T17:00:00+07:00,wed,pm,123.14502302870682,19.514656280912774,126,36,1.8447673113879788,ok,,google,0.612353151049985,1.0231838599813137,0.9551963149874484,,True,observed_google
312086553_312086915_0,312086553,312086915,0,thu_01,2026-06-04T01:00:00+07:00,2026-06-04T01:00:00+07:00,thu,night,123.14502302870682,19.514656280912774,126,36,1.8447673113879788,ok,,google,0.612353151049985,1.0231838599813137,0.9551963149874484,,True,observed_google
312086553_312086915_0,312086553,312086915,0,thu_07,2026-06-04T07:00:00+07:00,2026-06-04T07:00:00+07:00,thu,am,123.14502302870682,19.514656280912774,126,36,1.8447673113879788,ok,,google,0.612353151049985,1.0231838599813137,0.9551963149874484,,True,observed_google
312086553_312086915_0,312086553,312086915,0,thu_17,2026-06-04T17:00:00+07:00,2026-06-04T17:00:00+07:00,thu,pm,123.14502302870682,19.514656280912774,126,36,1.8447673113879788,ok,,google,0.612353151049985,1.0231838599813137,0.9551963149874484,,True,observed_google
312086553_312086915_0,312086553,312086915,0,fri_01,2026-06-05T01:00:00+07:00,2026-06-05T01:00:00+07:00,fri,night,123.14502302870682,19.514656280912774,126,36,1.8447673113879788,ok,,google,0.612353151049985,1.0231838599813137,0.9551963149874484,,True,observed_google
312086553_312086915_0,312086553,312086915,0,fri_07,2026-06-05T07:00:00+07:00,2026-06-05T07:00:00+07:00,fri,am,123.14502302870682,19.514656280912774,126,36,1.8447673113879788,ok,,google,0.612353151049985,1.0231838599813137,0.9551963149874484,,True,observed_google
312086553_312086915_0,312086553,312086915,0,fri_17,2026-06-05T17:00:00+07:00,2026-06-05T17:00:00+07:00,fri,pm,123.14502302870682,19.514656280912774,126,36,1.8447673113879788,ok,,google,0.612353151049985,1.0231838599813137,0.9551963149874484,,True,observed_google
312086553_312086915_0,312086553,312086915,0,sat_01,2026-06-06T01:00:00+07:00,2026-06-06T01:00:00+07:00,sat,night,123.14502302870682,19.514656280912774,126,36,1.8447673113879788,ok,,google,0.612353151049985,1.0231838599813137,0.9551963149874484,,True,observed_google
312086553_312086915_0,312086553,312086915,0,sat_07,2026-06-06T07:00:00+07:00,2026-06-06T07:00:00+07:00,sat,am,123.14502302870682,19.514656280912774,126,36,1.8447673113879788,ok,,google,0.612353151049985,1.0231838599813137,0.9551963149874484,,True,observed_google
312086553_312086915_0,312086553,312086915,0,sat_17,2026-06-06T17:00:00+07:00,2026-06-06T17:00:00+07:00,sat,pm,123.14502302870682,19.514656280912774,126,36,1.8447673113879788,ok,,google,0.612353151049985,1.0231838599813137,0.9551963149874484,,True,observed_google
312086553_312086915_0,312086553,312086915,0,sun_01,2026-06-07T01:00:00+07:00,2026-06-07T01:00:00+07:00,sun,night,123.14502302870682,19.514656280912774,126,36,1.8447673113879788,ok,,google,0.612353151049985,1.0231838599813137,0.9551963149874484,,True,observed_google
312086553_312086915_0,312086553,312086915,0,sun_07,2026-06-07T07:00:00+07:00,2026-06-07T07:00:00+07:00,sun,am,123.14502302870682,19.514656280912774,126,36,1.8447673113879788,ok,,google,0.612353151049985,1.0231838599813137,0.9551963149874484,,True,observed_google
312086553_312086915_0,312086553,312086915,0,sun_17,2026-06-07T17:00:00+07:00,2026-06-07T17:00:00+07:00,sun,pm,123.14502302870682,19.514656280912774,126,36,1.8447673113879788,ok,,google,0.612353151049985,1.0231838599813137,0.9551963149874484,,True,observed_google
5353901181_5353901180_0,5353901181,5353901180,0,mon_01,2026-06-01T01:00:00+07:00,2026-06-08T01:00:00+07:00,mon,night,50.00807602699352,7.924724775186726,55,16,2.0189975619213856,ok,,google,0.7026011317625546,1.0998223560992813,0.8267132786517568,,True,observed_google
5353901181_5353901180_0,5353901181,5353901180,0,mon_07,2026-06-01T07:00:00+07:00,2026-06-01T07:00:00+07:00,mon,am,50.00807602699352,7.924724775186726,55,17,2.1451849095414723,ok,,google,0.7632257535789895,1.0998223560992813,0.8267132786517568,,True,observed_google
5353901181_5353901180_0,5353901181,5353901180,0,mon_17,2026-06-01T17:00:00+07:00,2026-06-01T17:00:00+07:00,mon,pm,50.00807602699352,7.924724775186726,55,20,2.523746952401732,ok,,google,0.9257446830767644,1.0998223560992813,0.8267132786517568,,True,observed_google
5353901181_5353901180_0,5353901181,5353901180,0,tue_01,2026-06-02T01:00:00+07:00,2026-06-02T01:00:00+07:00,tue,night,50.00807602699352,7.924724775186726,55,12,1.5142481714410392,ok,,google,0.41491905931077366,1.0998223560992813,0.8267132786517568,,True,observed_google
5353901181_5353901180_0,5353901181,5353901180,0,tue_07,2026-06-02T07:00:00+07:00,2026-06-02T07:00:00+07:00,tue,am,50.00807602699352,7.924724775186726,55,13,1.6404355190611255,ok,,google,0.49496176698431005,1.0998223560992813,0.8267132786517568,,True,observed_google
5353901181_5353901180_0,5353901181,5353901180,0,tue_17,2026-06-02T17:00:00+07:00,2026-06-02T17:00:00+07:00,tue,pm,50.00807602699352,7.924724775186726,55,20,2.523746952401732,ok,,google,0.9257446830767644,1.0998223560992813,0.8267132786517568,,True,observed_google
5353901181_5353901180_0,5353901181,5353901180,0,wed_01,2026-06-03T01:00:00+07:00,2026-06-03T01:00:00+07:00,wed,night,50.00807602699352,7.924724775186726,55,17,2.1451849095414723,ok,,google,0.7632257535789895,1.0998223560992813,0.8267132786517568,,True,observed_google
5353901181_5353901180_0,5353901181,5353901180,0,wed_07,2026-06-03T07:00:00+07:00,2026-06-03T07:00:00+07:00,wed,am,50.00807602699352,7.924724775186726,55,18,2.2713722571615587,ok,,google,0.8203841674189379,1.0998223560992813,0.8267132786517568,,True,observed_google
5353901181_5353901180_0,5353901181,5353901180,0,wed_17,2026-06-03T17:00:00+07:00,2026-06-03T17:00:00+07:00,wed,pm,50.00807602699352,7.924724775186726,55,17,2.1451849095414723,ok,,google,0.7632257535789895,1.0998223560992813,0.8267132786517568,,True,observed_google
5353901181_5353901180_0,5353901181,5353901180,0,thu_01,2026-06-04T01:00:00+07:00,2026-06-04T01:00:00+07:00,thu,night,50.00807602699352,7.924724775186726,55,17,2.1451849095414723,ok,,google,0.7632257535789895,1.0998223560992813,0.8267132786517568,,True,observed_google
5353901181_5353901180_0,5353901181,5353901180,0,thu_07,2026-06-04T07:00:00+07:00,2026-06-04T07:00:00+07:00,thu,am,50.00807602699352,7.924724775186726,55,14,1.7666228666812125,ok,,google,0.569069739138032,1.0998223560992813,0.8267132786517568,,True,observed_google
5353901181_5353901180_0,5353901181,5353901180,0,thu_17,2026-06-04T17:00:00+07:00,2026-06-04T17:00:00+07:00,thu,pm,50.00807602699352,7.924724775186726,55,18,2.2713722571615587,ok,,google,0.8203841674189379,1.0998223560992813,0.8267132786517568,,True,observed_google
5353901181_5353901180_0,5353901181,5353901180,0,fri_01,2026-06-05T01:00:00+07:00,2026-06-05T01:00:00+07:00,fri,night,50.00807602699352,7.924724775186726,55,17,2.1451849095414723,ok,,google,0.7632257535789895,1.0998223560992813,0.8267132786517568,,True,observed_google
5353901181_5353901180_0,5353901181,5353901180,0,fri_07,2026-06-05T07:00:00+07:00,2026-06-05T07:00:00+07:00,fri,am,50.00807602699352,7.924724775186726,55,16,2.0189975619213856,ok,,google,0.7026011317625546,1.0998223560992813,0.8267132786517568,,True,observed_google
5353901181_5353901180_0,5353901181,5353901180,0,fri_17,2026-06-05T17:00:00+07:00,2026-06-05T17:00:00+07:00,fri,pm,50.00807602699352,7.924724775186726,55,18,2.2713722571615587,ok,,google,0.8203841674189379,1.0998223560992813,0.8267132786517568,,True,observed_google
5353901181_5353901180_0,5353901181,5353901180,0,sat_01,2026-06-06T01:00:00+07:00,2026-06-06T01:00:00+07:00,sat,night,50.00807602699352,7.924724775186726,55,17,2.1451849095414723,ok,,google,0.7632257535789895,1.0998223560992813,0.8267132786517568,,True,observed_google
5353901181_5353901180_0,5353901181,5353901180,0,sat_07,2026-06-06T07:00:00+07:00,2026-06-06T07:00:00+07:00,sat,am,50.00807602699352,7.924724775186726,55,18,2.2713722571615587,ok,,google,0.8203841674189379,1.0998223560992813,0.8267132786517568,,True,observed_google
5353901181_5353901180_0,5353901181,5353901180,0,sat_17,2026-06-06T17:00:00+07:00,2026-06-06T17:00:00+07:00,sat,pm,50.00807602699352,7.924724775186726,55,18,2.2713722571615587,ok,,google,0.8203841674189379,1.0998223560992813,0.8267132786517568,,True,observed_google
5353901181_5353901180_0,5353901181,5353901180,0,sun_01,2026-06-07T01:00:00+07:00,2026-06-07T01:00:00+07:00,sun,night,50.00807602699352,7.924724775186726,55,17,2.1451849095414723,ok,,google,0.7632257535789895,1.0998223560992813,0.8267132786517568,,True,observed_google
5353901181_5353901180_0,5353901181,5353901180,0,sun_07,2026-06-07T07:00:00+07:00,2026-06-07T07:00:00+07:00,sun,am,50.00807602699352,7.924724775186726,55,15,1.892810214301299,ok,,google,0.6380626106249835,1.0998223560992813,0.8267132786517568,,True,observed_google
5353901181_5353901180_0,5353901181,5353901180,0,sun_17,2026-06-07T17:00:00+07:00,2026-06-07T17:00:00+07:00,sun,pm,50.00807602699352,7.924724775186726,55,17,2.1451849095414723,ok,,google,0.7632257535789895,1.0998223560992813,0.8267132786517568,,True,observed_google
5455744939_2037649892_0,5455744939,2037649892,0,mon_01,2026-06-01T01:00:00+07:00,2026-06-08T01:00:00+07:00,mon,night,171.80214578550402,27.22529697806648,170,33,1.212107990101478,ok,,google,0.19236098442168073,0.9895103418105499,0.9791307165500313,,True,observed_google
5455744939_2037649892_0,5455744939,2037649892,0,mon_07,2026-06-01T07:00:00+07:00,2026-06-01T07:00:00+07:00,mon,am,171.80214578550402,27.22529697806648,170,35,1.2855690804106583,ok,,google,0.25120148444461426,0.9895103418105499,0.9791307165500313,,True,observed_google
5455744939_2037649892_0,5455744939,2037649892,0,mon_17,2026-06-01T17:00:00+07:00,2026-06-01T17:00:00+07:00,mon,pm,171.80214578550402,27.22529697806648,170,35,1.2855690804106583,ok,,google,0.25120148444461426,0.9895103418105499,0.9791307165500313,,True,observed_google
5455744939_2037649892_0,5455744939,2037649892,0,tue_01,2026-06-02T01:00:00+07:00,2026-06-02T01:00:00+07:00,tue,night,171.80214578550402,27.22529697806648,170,27,0.9917247191739366,ok,,google,-0.008309711040470426,0.9895103418105499,0.9791307165500313,,True,observed_google
5455744939_2037649892_0,5455744939,2037649892,0,tue_07,2026-06-02T07:00:00+07:00,2026-06-02T07:00:00+07:00,tue,am,171.80214578550402,27.22529697806648,170,32,1.1753774449468877,ok,,google,0.16158932575492718,0.9895103418105499,0.9791307165500313,,True,observed_google
5455744939_2037649892_0,5455744939,2037649892,0,tue_17,2026-06-02T17:00:00+07:00,2026-06-02T17:00:00+07:00,tue,pm,171.80214578550402,27.22529697806648,170,44,1.616143986801971,ok,,google,0.4800430568734617,0.9895103418105499,0.9791307165500313,,True,observed_google
5455744939_2037649892_0,5455744939,2037649892,0,wed_01,2026-06-03T01:00:00+07:00,2026-06-03T01:00:00+07:00,wed,night,171.80214578550402,27.22529697806648,170,33,1.212107990101478,ok,,google,0.19236098442168073,0.9895103418105499,0.9791307165500313,,True,observed_google
5455744939_2037649892_0,5455744939,2037649892,0,wed_07,2026-06-03T07:00:00+07:00,2026-06-03T07:00:00+07:00,wed,am,171.80214578550402,27.22529697806648,170,35,1.2855690804106583,ok,,google,0.25120148444461426,0.9895103418105499,0.9791307165500313,,True,observed_google
5455744939_2037649892_0,5455744939,2037649892,0,wed_17,2026-06-03T17:00:00+07:00,2026-06-03T17:00:00+07:00,wed,pm,171.80214578550402,27.22529697806648,170,33,1.212107990101478,ok,,google,0.19236098442168073,0.9895103418105499,0.9791307165500313,,True,observed_google
5455744939_2037649892_0,5455744939,2037649892,0,thu_01,2026-06-04T01:00:00+07:00,2026-06-04T01:00:00+07:00,thu,night,171.80214578550402,27.22529697806648,170,33,1.212107990101478,ok,,google,0.19236098442168073,0.9895103418105499,0.9791307165500313,,True,observed_google
5455744939_2037649892_0,5455744939,2037649892,0,thu_07,2026-06-04T07:00:00+07:00,2026-06-04T07:00:00+07:00,thu,am,171.80214578550402,27.22529697806648,170,44,1.616143986801971,ok,,google,0.4800430568734617,0.9895103418105499,0.9791307165500313,,True,observed_google
5455744939_2037649892_0,5455744939,2037649892,0,thu_17,2026-06-04T17:00:00+07:00,2026-06-04T17:00:00+07:00,thu,pm,171.80214578550402,27.22529697806648,170,41,1.5059523513381998,ok,,google,0.40942548965950826,0.9895103418105499,0.9791307165500313,,True,observed_google
5455744939_2037649892_0,5455744939,2037649892,0,fri_01,2026-06-05T01:00:00+07:00,2026-06-05T01:00:00+07:00,fri,night,171.80214578550402,27.22529697806648,170,28,1.0284552643285267,ok,,google,0.028057933130404368,0.9895103418105499,0.9791307165500313,,True,observed_google
5455744939_2037649892_0,5455744939,2037649892,0,fri_07,2026-06-05T07:00:00+07:00,2026-06-05T07:00:00+07:00,fri,am,171.80214578550402,27.22529697806648,170,37,1.359030170719839,ok,,google,0.30677133559942493,0.9895103418105499,0.9791307165500313,,True,observed_google
5455744939_2037649892_0,5455744939,2037649892,0,fri_17,2026-06-05T17:00:00+07:00,2026-06-05T17:00:00+07:00,fri,pm,171.80214578550402,27.22529697806648,170,36,1.3222996255652486,ok,,google,0.2793723614113106,0.9895103418105499,0.9791307165500313,,True,observed_google
5455744939_2037649892_0,5455744939,2037649892,0,sat_01,2026-06-06T01:00:00+07:00,2026-06-06T01:00:00+07:00,sat,night,171.80214578550402,27.22529697806648,170,33,1.212107990101478,ok,,google,0.19236098442168073,0.9895103418105499,0.9791307165500313,,True,observed_google
5455744939_2037649892_0,5455744939,2037649892,0,sat_07,2026-06-06T07:00:00+07:00,2026-06-06T07:00:00+07:00,sat,am,171.80214578550402,27.22529697806648,170,42,1.54268289649279,ok,,google,0.43352304123856883,0.9895103418105499,0.9791307165500313,,True,observed_google
5455744939_2037649892_0,5455744939,2037649892,0,sat_17,2026-06-06T17:00:00+07:00,2026-06-06T17:00:00+07:00,sat,pm,171.80214578550402,27.22529697806648,170,45,1.6528745319565608,ok,,google,0.5025159127255202,0.9895103418105499,0.9791307165500313,,True,observed_google
5455744939_2037649892_0,5455744939,2037649892,0,sun_01,2026-06-07T01:00:00+07:00,2026-06-07T01:00:00+07:00,sun,night,171.80214578550402,27.22529697806648,170,65,2.3874854350483656,ok,,google,0.8702406928508376,0.9895103418105499,0.9791307165500313,,True,observed_google
5455744939_2037649892_0,5455744939,2037649892,0,sun_07,2026-06-07T07:00:00+07:00,2026-06-07T07:00:00+07:00,sun,am,171.80214578550402,27.22529697806648,170,32,1.1753774449468877,ok,,google,0.16158932575492718,0.9895103418105499,0.9791307165500313,,True,observed_google
5455744939_2037649892_0,5455744939,2037649892,0,sun_17,2026-06-07T17:00:00+07:00,2026-06-07T17:00:00+07:00,sun,pm,171.80214578550402,27.22529697806648,170,41,1.5059523513381998,ok,,google,0.40942548965950826,0.9895103418105499,0.9791307165500313,,True,observed_google
5397822768_1667742416_0,5397822768,1667742416,0,mon_01,2026-06-01T01:00:00+07:00,2026-06-08T01:00:00+07:00,mon,night,82.70625163858672,13.106368680717669,742,90,6.866890608106399,ok,,google,1.9267113994266678,8.971510439651201,0.012424212371504909,route_ratio_above_max,False,observed_google
5397822768_1667742416_0,5397822768,1667742416,0,mon_07,2026-06-01T07:00:00+07:00,2026-06-01T07:00:00+07:00,mon,am,82.70625163858672,13.106368680717669,742,161,12.284104310057002,ok,,google,2.508306094080866,8.971510439651201,0.012424212371504909,route_ratio_above_max,False,observed_google
5397822768_1667742416_0,5397822768,1667742416,0,mon_17,2026-06-01T17:00:00+07:00,2026-06-01T17:00:00+07:00,mon,pm,82.70625163858672,13.106368680717669,742,166,12.66559823272958,ok,,google,2.538889517452946,8.971510439651201,0.012424212371504909,route_ratio_above_max,False,observed_google
5397822768_1667742416_0,5397822768,1667742416,0,tue_01,2026-06-02T01:00:00+07:00,2026-06-02T01:00:00+07:00,tue,night,82.70625163858672,13.106368680717669,742,92,7.01948817717543,ok,,google,1.948690306145443,8.971510439651201,0.012424212371504909,route_ratio_above_max,False,observed_google
5397822768_1667742416_0,5397822768,1667742416,0,tue_07,2026-06-02T07:00:00+07:00,2026-06-02T07:00:00+07:00,tue,am,82.70625163858672,13.106368680717669,742,119,9.07955535960735,ok,,google,2.206025222207932,8.971510439651201,0.012424212371504909,route_ratio_above_max,False,observed_google
5397822768_1667742416_0,5397822768,1667742416,0,tue_17,2026-06-02T17:00:00+07:00,2026-06-02T17:00:00+07:00,tue,pm,82.70625163858672,13.106368680717669,742,209,15.946445967713748,ok,,google,2.7692359810612137,8.971510439651201,0.012424212371504909,route_ratio_above_max,False,observed_google
5397822768_1667742416_0,5397822768,1667742416,0,wed_01,2026-06-03T01:00:00+07:00,2026-06-03T01:00:00+07:00,wed,night,82.70625163858672,13.106368680717669,742,92,7.01948817717543,ok,,google,1.948690306145443,8.971510439651201,0.012424212371504909,route_ratio_above_max,False,observed_google
5397822768_1667742416_0,5397822768,1667742416,0,wed_07,2026-06-03T07:00:00+07:00,2026-06-03T07:00:00+07:00,wed,am,82.70625163858672,13.106368680717669,742,116,8.850659006003802,ok,,google,2.1804919202027673,8.971510439651201,0.012424212371504909,route_ratio_above_max,False,observed_google
5397822768_1667742416_0,5397822768,1667742416,0,wed_17,2026-06-03T17:00:00+07:00,2026-06-03T17:00:00+07:00,wed,pm,82.70625163858672,13.106368680717669,742,212,16.175342321317295,ok,,google,2.783488003768415,8.971510439651201,0.012424212371504909,route_ratio_above_max,False,observed_google
5397822768_1667742416_0,5397822768,1667742416,0,thu_01,2026-06-04T01:00:00+07:00,2026-06-04T01:00:00+07:00,thu,night,82.70625163858672,13.106368680717669,742,94,7.172085746244461,ok,,google,1.9701965113664066,8.971510439651201,0.012424212371504909,route_ratio_above_max,False,observed_google
5397822768_1667742416_0,5397822768,1667742416,0,thu_07,2026-06-04T07:00:00+07:00,2026-06-04T07:00:00+07:00,thu,am,82.70625163858672,13.106368680717669,742,115,8.774360221469287,ok,,google,2.171833857459653,8.971510439651201,0.012424212371504909,route_ratio_above_max,False,observed_google
5397822768_1667742416_0,5397822768,1667742416,0,thu_17,2026-06-04T17:00:00+07:00,2026-06-04T17:00:00+07:00,thu,pm,82.70625163858672,13.106368680717669,742,224,17.09092773573148,ok,,google,2.8385477809514423,8.971510439651201,0.012424212371504909,route_ratio_above_max,False,observed_google
5397822768_1667742416_0,5397822768,1667742416,0,fri_01,2026-06-05T01:00:00+07:00,2026-06-05T01:00:00+07:00,fri,night,82.70625163858672,13.106368680717669,742,94,7.172085746244461,ok,,google,1.9701965113664066,8.971510439651201,0.012424212371504909,route_ratio_above_max,False,observed_google
5397822768_1667742416_0,5397822768,1667742416,0,fri_07,2026-06-05T07:00:00+07:00,2026-06-05T07:00:00+07:00,fri,am,82.70625163858672,13.106368680717669,742,112,8.54546386786574,ok,,google,2.1454006003914974,8.971510439651201,0.012424212371504909,route_ratio_above_max,False,observed_google
5397822768_1667742416_0,5397822768,1667742416,0,fri_17,2026-06-05T17:00:00+07:00,2026-06-05T17:00:00+07:00,fri,pm,82.70625163858672,13.106368680717669,742,191,14.573067846092467,ok,,google,2.6791751571430327,8.971510439651201,0.012424212371504909,route_ratio_above_max,False,observed_google
5397822768_1667742416_0,5397822768,1667742416,0,sat_01,2026-06-06T01:00:00+07:00,2026-06-06T01:00:00+07:00,sat,night,82.70625163858672,13.106368680717669,742,91,6.943189392640915,ok,,google,1.9377612356132528,8.971510439651201,0.012424212371504909,route_ratio_above_max,False,observed_google
5397822768_1667742416_0,5397822768,1667742416,0,sat_07,2026-06-06T07:00:00+07:00,2026-06-06T07:00:00+07:00,sat,am,82.70625163858672,13.106368680717669,742,95,7.248384530778977,ok,,google,1.9807786206969433,8.971510439651201,0.012424212371504909,route_ratio_above_max,False,observed_google
5397822768_1667742416_0,5397822768,1667742416,0,sat_17,2026-06-06T17:00:00+07:00,2026-06-06T17:00:00+07:00,sat,pm,82.70625163858672,13.106368680717669,742,166,12.66559823272958,ok,,google,2.538889517452946,8.971510439651201,0.012424212371504909,route_ratio_above_max,False,observed_google
5397822768_1667742416_0,5397822768,1667742416,0,sun_01,2026-06-07T01:00:00+07:00,2026-06-07T01:00:00+07:00,sun,night,82.70625163858672,13.106368680717669,742,93,7.095786961709946,ok,,google,1.9595012222496586,8.971510439651201,0.012424212371504909,route_ratio_above_max,False,observed_google
5397822768_1667742416_0,5397822768,1667742416,0,sun_07,2026-06-07T07:00:00+07:00,2026-06-07T07:00:00+07:00,sun,am,82.70625163858672,13.106368680717669,742,94,7.172085746244461,ok,,google,1.9701965113664066,8.971510439651201,0.012424212371504909,route_ratio_above_max,False,observed_google
5397822768_1667742416_0,5397822768,1667742416,0,sun_17,2026-06-07T17:00:00+07:00,2026-06-07T17:00:00+07:00,sun,pm,82.70625163858672,13.106368680717669,742,112,8.54546386786574,ok,,google,2.1454006003914974,8.971510439651201,0.012424212371504909,route_ratio_above_max,False,observed_google
1980735113_1980602380_0,1980735113,1980602380,0,mon_01,2026-06-01T01:00:00+07:00,2026-06-08T01:00:00+07:00,mon,night,97.65447010501175,15.475196410899471,96,16,1.033912564026063,ok,,google,0.033350211607535284,0.9830579173361687,0.9664028688373254,,True,observed_google
1980735113_1980602380_0,1980735113,1980602380,0,mon_07,2026-06-01T07:00:00+07:00,2026-06-01T07:00:00+07:00,mon,am,97.65447010501175,15.475196410899471,96,11,0.7108148877679182,ok,,google,-0.34134323783387527,0.9830579173361687,0.9664028688373254,,True,observed_google
1980735113_1980602380_0,1980735113,1980602380,0,mon_17,2026-06-01T17:00:00+07:00,2026-06-01T17:00:00+07:00,mon,pm,97.65447010501175,15.475196410899471,96,19,1.2277711697809497,ok,,google,0.20520046853419469,0.9830579173361687,0.9664028688373254,,True,observed_google
1980735113_1980602380_0,1980735113,1980602380,0,tue_01,2026-06-02T01:00:00+07:00,2026-06-02T01:00:00+07:00,tue,night,97.65447010501175,15.475196410899471,96,17,1.098532099277692,ok,,google,0.09397483342397019,0.9830579173361687,0.9664028688373254,,True,observed_google
1980735113_1980602380_0,1980735113,1980602380,0,tue_07,2026-06-02T07:00:00+07:00,2026-06-02T07:00:00+07:00,tue,am,97.65447010501175,15.475196410899471,96,14,0.904673493522805,ok,,google,-0.10018118101698725,0.9830579173361687,0.9664028688373254,,True,observed_google
1980735113_1980602380_0,1980735113,1980602380,0,tue_17,2026-06-02T17:00:00+07:00,2026-06-02T17:00:00+07:00,tue,pm,97.65447010501175,15.475196410899471,96,18,1.163151634529321,ok,,google,0.15113324726391886,0.9830579173361687,0.9664028688373254,,True,observed_google
1980735113_1980602380_0,1980735113,1980602380,0,wed_01,2026-06-03T01:00:00+07:00,2026-06-03T01:00:00+07:00,wed,night,97.65447010501175,15.475196410899471,96,16,1.033912564026063,ok,,google,0.033350211607535284,0.9830579173361687,0.9664028688373254,,True,observed_google
1980735113_1980602380_0,1980735113,1980602380,0,wed_07,2026-06-03T07:00:00+07:00,2026-06-03T07:00:00+07:00,wed,am,97.65447010501175,15.475196410899471,96,13,0.8400539582711761,ok,,google,-0.17428915317070906,0.9830579173361687,0.9664028688373254,,True,observed_google
1980735113_1980602380_0,1980735113,1980602380,0,wed_17,2026-06-03T17:00:00+07:00,2026-06-03T17:00:00+07:00,wed,pm,97.65447010501175,15.475196410899471,96,18,1.163151634529321,ok,,google,0.15113324726391886,0.9830579173361687,0.9664028688373254,,True,observed_google
1980735113_1980602380_0,1980735113,1980602380,0,thu_01,2026-06-04T01:00:00+07:00,2026-06-04T01:00:00+07:00,thu,night,97.65447010501175,15.475196410899471,96,17,1.098532099277692,ok,,google,0.09397483342397019,0.9830579173361687,0.9664028688373254,,True,observed_google
1980735113_1980602380_0,1980735113,1980602380,0,thu_07,2026-06-04T07:00:00+07:00,2026-06-04T07:00:00+07:00,thu,am,97.65447010501175,15.475196410899471,96,15,0.969293028774434,ok,,google,-0.031188309530035846,0.9830579173361687,0.9664028688373254,,True,observed_google
1980735113_1980602380_0,1980735113,1980602380,0,thu_17,2026-06-04T17:00:00+07:00,2026-06-04T17:00:00+07:00,thu,pm,97.65447010501175,15.475196410899471,96,19,1.2277711697809497,ok,,google,0.20520046853419469,0.9830579173361687,0.9664028688373254,,True,observed_google
1980735113_1980602380_0,1980735113,1980602380,0,fri_01,2026-06-05T01:00:00+07:00,2026-06-05T01:00:00+07:00,fri,night,97.65447010501175,15.475196410899471,96,15,0.969293028774434,ok,,google,-0.031188309530035846,0.9830579173361687,0.9664028688373254,,True,observed_google
1980735113_1980602380_0,1980735113,1980602380,0,fri_07,2026-06-05T07:00:00+07:00,2026-06-05T07:00:00+07:00,fri,am,97.65447010501175,15.475196410899471,96,15,0.969293028774434,ok,,google,-0.031188309530035846,0.9830579173361687,0.9664028688373254,,True,observed_google
1980735113_1980602380_0,1980735113,1980602380,0,fri_17,2026-06-05T17:00:00+07:00,2026-06-05T17:00:00+07:00,fri,pm,97.65447010501175,15.475196410899471,96,19,1.2277711697809497,ok,,google,0.20520046853419469,0.9830579173361687,0.9664028688373254,,True,observed_google
1980735113_1980602380_0,1980735113,1980602380,0,sat_01,2026-06-06T01:00:00+07:00,2026-06-06T01:00:00+07:00,sat,night,97.65447010501175,15.475196410899471,96,16,1.033912564026063,ok,,google,0.033350211607535284,0.9830579173361687,0.9664028688373254,,True,observed_google
1980735113_1980602380_0,1980735113,1980602380,0,sat_07,2026-06-06T07:00:00+07:00,2026-06-06T07:00:00+07:00,sat,am,97.65447010501175,15.475196410899471,96,12,0.7754344230195471,ok,,google,-0.2543318608442456,0.9830579173361687,0.9664028688373254,,True,observed_google
1980735113_1980602380_0,1980735113,1980602380,0,sat_17,2026-06-06T17:00:00+07:00,2026-06-06T17:00:00+07:00,sat,pm,97.65447010501175,15.475196410899471,96,16,1.033912564026063,ok,,google,0.033350211607535284,0.9830579173361687,0.9664028688373254,,True,observed_google
1980735113_1980602380_0,1980735113,1980602380,0,sun_01,2026-06-07T01:00:00+07:00,2026-06-07T01:00:00+07:00,sun,night,97.65447010501175,15.475196410899471,96,16,1.033912564026063,ok,,google,0.033350211607535284,0.9830579173361687,0.9664028688373254,,True,observed_google
1980735113_1980602380_0,1980735113,1980602380,0,sun_07,2026-06-07T07:00:00+07:00,2026-06-07T07:00:00+07:00,sun,am,97.65447010501175,15.475196410899471,96,12,0.7754344230195471,ok,,google,-0.2543318608442456,0.9830579173361687,0.9664028688373254,,True,observed_google
1980735113_1980602380_0,1980735113,1980602380,0,sun_17,2026-06-07T17:00:00+07:00,2026-06-07T17:00:00+07:00,sun,pm,97.65447010501175,15.475196410899471,96,16,1.033912564026063,ok,,google,0.033350211607535284,0.9830579173361687,0.9664028688373254,,True,observed_google
1849960589_5392239630_0,1849960589,5392239630,0,mon_01,2026-06-01T01:00:00+07:00,2026-06-08T01:00:00+07:00,mon,night,142.06690517821744,22.51318612202183,141,34,1.510226043338311,ok,,google,0.4122593371983095,0.992490121630516,0.9850366415341564,,True,observed_google
1849960589_5392239630_0,1849960589,5392239630,0,mon_07,2026-06-01T07:00:00+07:00,2026-06-01T07:00:00+07:00,mon,am,142.06690517821744,22.51318612202183,141,36,1.5990628694170352,ok,,google,0.4694177510382581,0.992490121630516,0.9850366415341564,,True,observed_google
1849960589_5392239630_0,1849960589,5392239630,0,mon_17,2026-06-01T17:00:00+07:00,2026-06-01T17:00:00+07:00,mon,pm,142.06690517821744,22.51318612202183,141,45,1.998828586771294,ok,,google,0.6925613023524678,0.992490121630516,0.9850366415341564,,True,observed_google
1849960589_5392239630_0,1849960589,5392239630,0,tue_01,2026-06-02T01:00:00+07:00,2026-06-02T01:00:00+07:00,tue,night,142.06690517821744,22.51318612202183,141,34,1.510226043338311,ok,,google,0.4122593371983095,0.992490121630516,0.9850366415341564,,True,observed_google
1849960589_5392239630_0,1849960589,5392239630,0,tue_07,2026-06-02T07:00:00+07:00,2026-06-02T07:00:00+07:00,tue,am,142.06690517821744,22.51318612202183,141,35,1.5546444563776731,ok,,google,0.44124687407156177,0.992490121630516,0.9850366415341564,,True,observed_google
1849960589_5392239630_0,1849960589,5392239630,0,tue_17,2026-06-02T17:00:00+07:00,2026-06-02T17:00:00+07:00,tue,pm,142.06690517821744,22.51318612202183,141,43,1.9099917606925696,ok,,google,0.6470989282757105,0.992490121630516,0.9850366415341564,,True,observed_google
1849960589_5392239630_0,1849960589,5392239630,0,wed_01,2026-06-03T01:00:00+07:00,2026-06-03T01:00:00+07:00,wed,night,142.06690517821744,22.51318612202183,141,48,2.13208382588938,ok,,google,0.757099823490039,0.992490121630516,0.9850366415341564,,True,observed_google
1849960589_5392239630_0,1849960589,5392239630,0,wed_07,2026-06-03T07:00:00+07:00,2026-06-03T07:00:00+07:00,wed,am,142.06690517821744,22.51318612202183,141,32,1.4213892172595868,ok,,google,0.3516347153818746,0.992490121630516,0.9850366415341564,,True,observed_google
1849960589_5392239630_0,1849960589,5392239630,0,wed_17,2026-06-03T17:00:00+07:00,2026-06-03T17:00:00+07:00,wed,pm,142.06690517821744,22.51318612202183,141,38,1.6878996954957597,ok,,google,0.5234849723085339,0.992490121630516,0.9850366415341564,,True,observed_google
1849960589_5392239630_0,1849960589,5392239630,0,thu_01,2026-06-04T01:00:00+07:00,2026-06-04T01:00:00+07:00,thu,night,142.06690517821744,22.51318612202183,141,34,1.510226043338311,ok,,google,0.4122593371983095,0.992490121630516,0.9850366415341564,,True,observed_google
1849960589_5392239630_0,1849960589,5392239630,0,thu_07,2026-06-04T07:00:00+07:00,2026-06-04T07:00:00+07:00,thu,am,142.06690517821744,22.51318612202183,141,34,1.510226043338311,ok,,google,0.4122593371983095,0.992490121630516,0.9850366415341564,,True,observed_google
1849960589_5392239630_0,1849960589,5392239630,0,thu_17,2026-06-04T17:00:00+07:00,2026-06-04T17:00:00+07:00,thu,pm,142.06690517821744,22.51318612202183,141,46,2.043246999810656,ok,,google,0.714540209071243,0.992490121630516,0.9850366415341564,,True,observed_google
1849960589_5392239630_0,1849960589,5392239630,0,fri_01,2026-06-05T01:00:00+07:00,2026-06-05T01:00:00+07:00,fri,night,142.06690517821744,22.51318612202183,141,34,1.510226043338311,ok,,google,0.4122593371983095,0.992490121630516,0.9850366415341564,,True,observed_google
1849960589_5392239630_0,1849960589,5392239630,0,fri_07,2026-06-05T07:00:00+07:00,2026-06-05T07:00:00+07:00,fri,am,142.06690517821744,22.51318612202183,141,37,1.6434812824563974,ok,,google,0.49681672522637255,0.992490121630516,0.9850366415341564,,True,observed_google
1849960589_5392239630_0,1849960589,5392239630,0,fri_17,2026-06-05T17:00:00+07:00,2026-06-05T17:00:00+07:00,fri,pm,142.06690517821744,22.51318612202183,141,38,1.6878996954957597,ok,,google,0.5234849723085339,0.992490121630516,0.9850366415341564,,True,observed_google
1849960589_5392239630_0,1849960589,5392239630,0,sat_01,2026-06-06T01:00:00+07:00,2026-06-06T01:00:00+07:00,sat,night,142.06690517821744,22.51318612202183,141,34,1.510226043338311,ok,,google,0.4122593371983095,0.992490121630516,0.9850366415341564,,True,observed_google
1849960589_5392239630_0,1849960589,5392239630,0,sat_07,2026-06-06T07:00:00+07:00,2026-06-06T07:00:00+07:00,sat,am,142.06690517821744,22.51318612202183,141,38,1.6878996954957597,ok,,google,0.5234849723085339,0.992490121630516,0.9850366415341564,,True,observed_google
1849960589_5392239630_0,1849960589,5392239630,0,sat_17,2026-06-06T17:00:00+07:00,2026-06-06T17:00:00+07:00,sat,pm,142.06690517821744,22.51318612202183,141,45,1.998828586771294,ok,,google,0.6925613023524678,0.992490121630516,0.9850366415341564,,True,observed_google
1849960589_5392239630_0,1849960589,5392239630,0,sun_01,2026-06-07T01:00:00+07:00,2026-06-07T01:00:00+07:00,sun,night,142.06690517821744,22.51318612202183,141,42,1.865573347653208,ok,,google,0.6235684308655164,0.992490121630516,0.9850366415341564,,True,observed_google
1849960589_5392239630_0,1849960589,5392239630,0,sun_07,2026-06-07T07:00:00+07:00,2026-06-07T07:00:00+07:00,sun,am,142.06690517821744,22.51318612202183,141,29,1.2881339781415009,ok,,google,0.2531946425686222,0.992490121630516,0.9850366415341564,,True,observed_google
1849960589_5392239630_0,1849960589,5392239630,0,sun_17,2026-06-07T17:00:00+07:00,2026-06-07T17:00:00+07:00,sun,pm,142.06690517821744,22.51318612202183,141,36,1.5990628694170352,ok,,google,0.4694177510382581,0.992490121630516,0.9850366415341564,,True,observed_google
3110265315_3445700805_0,3110265315,3445700805,0,mon_01,2026-06-01T01:00:00+07:00,2026-06-08T01:00:00+07:00,mon,night,62.43324102289894,9.893726998461307,69,14,1.4150380339155617,ok,,google,0.34715640982623436,1.1051804915059997,0.8187165689190068,,True,observed_google
3110265315_3445700805_0,3110265315,3445700805,0,mon_07,2026-06-01T07:00:00+07:00,2026-06-01T07:00:00+07:00,mon,am,62.43324102289894,9.893726998461307,69,15,1.5161121791952448,ok,,google,0.4161492813131859,1.1051804915059997,0.8187165689190068,,True,observed_google
3110265315_3445700805_0,3110265315,3445700805,0,mon_17,2026-06-01T17:00:00+07:00,2026-06-01T17:00:00+07:00,mon,pm,62.43324102289894,9.893726998461307,69,21,2.1225570508733425,ok,,google,0.7526215179343987,1.1051804915059997,0.8187165689190068,,True,observed_google
3110265315_3445700805_0,3110265315,3445700805,0,tue_01,2026-06-02T01:00:00+07:00,2026-06-02T01:00:00+07:00,tue,night,62.43324102289894,9.893726998461307,69,13,1.3139638886358789,ok,,google,0.27304843767251247,1.1051804915059997,0.8187165689190068,,True,observed_google
3110265315_3445700805_0,3110265315,3445700805,0,tue_07,2026-06-02T07:00:00+07:00,2026-06-02T07:00:00+07:00,tue,am,62.43324102289894,9.893726998461307,69,15,1.5161121791952448,ok,,google,0.4161492813131859,1.1051804915059997,0.8187165689190068,,True,observed_google
3110265315_3445700805_0,3110265315,3445700805,0,tue_17,2026-06-02T17:00:00+07:00,2026-06-02T17:00:00+07:00,tue,pm,62.43324102289894,9.893726998461307,69,21,2.1225570508733425,ok,,google,0.7526215179343987,1.1051804915059997,0.8187165689190068,,True,observed_google
3110265315_3445700805_0,3110265315,3445700805,0,wed_01,2026-06-03T01:00:00+07:00,2026-06-03T01:00:00+07:00,wed,night,62.43324102289894,9.893726998461307,69,12,1.2128897433561958,ok,,google,0.19300572999897614,1.1051804915059997,0.8187165689190068,,True,observed_google
3110265315_3445700805_0,3110265315,3445700805,0,wed_07,2026-06-03T07:00:00+07:00,2026-06-03T07:00:00+07:00,wed,am,62.43324102289894,9.893726998461307,69,14,1.4150380339155617,ok,,google,0.34715640982623436,1.1051804915059997,0.8187165689190068,,True,observed_google
3110265315_3445700805_0,3110265315,3445700805,0,wed_17,2026-06-03T17:00:00+07:00,2026-06-03T17:00:00+07:00,wed,pm,62.43324102289894,9.893726998461307,69,21,2.1225570508733425,ok,,google,0.7526215179343987,1.1051804915059997,0.8187165689190068,,True,observed_google
3110265315_3445700805_0,3110265315,3445700805,0,thu_01,2026-06-04T01:00:00+07:00,2026-06-04T01:00:00+07:00,thu,night,62.43324102289894,9.893726998461307,69,12,1.2128897433561958,ok,,google,0.19300572999897614,1.1051804915059997,0.8187165689190068,,True,observed_google
3110265315_3445700805_0,3110265315,3445700805,0,thu_07,2026-06-04T07:00:00+07:00,2026-06-04T07:00:00+07:00,thu,am,62.43324102289894,9.893726998461307,69,14,1.4150380339155617,ok,,google,0.34715640982623436,1.1051804915059997,0.8187165689190068,,True,observed_google
3110265315_3445700805_0,3110265315,3445700805,0,thu_17,2026-06-04T17:00:00+07:00,2026-06-04T17:00:00+07:00,thu,pm,62.43324102289894,9.893726998461307,69,21,2.1225570508733425,ok,,google,0.7526215179343987,1.1051804915059997,0.8187165689190068,,True,observed_google
3110265315_3445700805_0,3110265315,3445700805,0,fri_01,2026-06-05T01:00:00+07:00,2026-06-05T01:00:00+07:00,fri,night,62.43324102289894,9.893726998461307,69,14,1.4150380339155617,ok,,google,0.34715640982623436,1.1051804915059997,0.8187165689190068,,True,observed_google
3110265315_3445700805_0,3110265315,3445700805,0,fri_07,2026-06-05T07:00:00+07:00,2026-06-05T07:00:00+07:00,fri,am,62.43324102289894,9.893726998461307,69,15,1.5161121791952448,ok,,google,0.4161492813131859,1.1051804915059997,0.8187165689190068,,True,observed_google
3110265315_3445700805_0,3110265315,3445700805,0,fri_17,2026-06-05T17:00:00+07:00,2026-06-05T17:00:00+07:00,fri,pm,62.43324102289894,9.893726998461307,69,25,2.5268536319920742,ok,,google,0.9269749050791765,1.1051804915059997,0.8187165689190068,,True,observed_google
3110265315_3445700805_0,3110265315,3445700805,0,sat_01,2026-06-06T01:00:00+07:00,2026-06-06T01:00:00+07:00,sat,night,62.43324102289894,9.893726998461307,69,13,1.3139638886358789,ok,,google,0.27304843767251247,1.1051804915059997,0.8187165689190068,,True,observed_google
3110265315_3445700805_0,3110265315,3445700805,0,sat_07,2026-06-06T07:00:00+07:00,2026-06-06T07:00:00+07:00,sat,am,62.43324102289894,9.893726998461307,69,14,1.4150380339155617,ok,,google,0.34715640982623436,1.1051804915059997,0.8187165689190068,,True,observed_google
3110265315_3445700805_0,3110265315,3445700805,0,sat_17,2026-06-06T17:00:00+07:00,2026-06-06T17:00:00+07:00,sat,pm,62.43324102289894,9.893726998461307,69,23,2.324705341432709,ok,,google,0.8435932961401255,1.1051804915059997,0.8187165689190068,,True,observed_google
3110265315_3445700805_0,3110265315,3445700805,0,sun_01,2026-06-07T01:00:00+07:00,2026-06-07T01:00:00+07:00,sun,night,62.43324102289894,9.893726998461307,69,13,1.3139638886358789,ok,,google,0.27304843767251247,1.1051804915059997,0.8187165689190068,,True,observed_google
3110265315_3445700805_0,3110265315,3445700805,0,sun_07,2026-06-07T07:00:00+07:00,2026-06-07T07:00:00+07:00,sun,am,62.43324102289894,9.893726998461307,69,14,1.4150380339155617,ok,,google,0.34715640982623436,1.1051804915059997,0.8187165689190068,,True,observed_google
3110265315_3445700805_0,3110265315,3445700805,0,sun_17,2026-06-07T17:00:00+07:00,2026-06-07T17:00:00+07:00,sun,pm,62.43324102289894,9.893726998461307,69,20,2.0214829055936594,ok,,google,0.7038313537649666,1.1051804915059997,0.8187165689190068,,True,observed_google
5360355190_3278061603_0,5360355190,3278061603,0,mon_01,2026-06-01T01:00:00+07:00,2026-06-08T01:00:00+07:00,mon,night,88.20658881890722,13.97800106068042,1391,182,13.020459735974624,ok,,google,2.5665219461397304,15.769797002985756,0.004021127041439637,route_ratio_above_max,False,observed_google
5360355190_3278061603_0,5360355190,3278061603,0,mon_07,2026-06-01T07:00:00+07:00,2026-06-01T07:00:00+07:00,mon,am,88.20658881890722,13.97800106068042,1391,205,14.665902449861528,ok,,google,2.6855252382013433,15.769797002985756,0.004021127041439637,route_ratio_above_max,False,observed_google
5360355190_3278061603_0,5360355190,3278061603,0,mon_17,2026-06-01T17:00:00+07:00,2026-06-01T17:00:00+07:00,mon,pm,88.20658881890722,13.97800106068042,1391,281,20.103017504444335,ok,,google,3.000869928396681,15.769797002985756,0.004021127041439637,route_ratio_above_max,False,observed_google
5360355190_3278061603_0,5360355190,3278061603,0,tue_01,2026-06-02T01:00:00+07:00,2026-06-02T01:00:00+07:00,tue,night,88.20658881890722,13.97800106068042,1391,178,12.734295785733424,ok,,google,2.5442988093550203,15.769797002985756,0.004021127041439637,route_ratio_above_max,False,observed_google
5360355190_3278061603_0,5360355190,3278061603,0,tue_07,2026-06-02T07:00:00+07:00,2026-06-02T07:00:00+07:00,tue,am,88.20658881890722,13.97800106068042,1391,240,17.169837014472034,ok,,google,2.8431541824049265,15.769797002985756,0.004021127041439637,route_ratio_above_max,False,observed_google
5360355190_3278061603_0,5360355190,3278061603,0,tue_17,2026-06-02T17:00:00+07:00,2026-06-02T17:00:00+07:00,tue,pm,88.20658881890722,13.97800106068042,1391,296,21.17613231784884,ok,,google,3.0528747133869953,15.769797002985756,0.004021127041439637,route_ratio_above_max,False,observed_google
5360355190_3278061603_0,5360355190,3278061603,0,wed_01,2026-06-03T01:00:00+07:00,2026-06-03T01:00:00+07:00,wed,night,88.20658881890722,13.97800106068042,1391,183,13.092000723534923,ok,,google,2.572001411904356,15.769797002985756,0.004021127041439637,route_ratio_above_max,False,observed_google
5360355190_3278061603_0,5360355190,3278061603,0,wed_07,2026-06-03T07:00:00+07:00,2026-06-03T07:00:00+07:00,wed,am,88.20658881890722,13.97800106068042,1391,228,16.31134516374843,ok,,google,2.791860888017376,15.769797002985756,0.004021127041439637,route_ratio_above_max,False,observed_google
5360355190_3278061603_0,5360355190,3278061603,0,wed_17,2026-06-03T17:00:00+07:00,2026-06-03T17:00:00+07:00,wed,pm,88.20658881890722,13.97800106068042,1391,294,21.03305034272824,ok,,google,3.0460950264016167,15.769797002985756,0.004021127041439637,route_ratio_above_max,False,observed_google
5360355190_3278061603_0,5360355190,3278061603,0,thu_01,2026-06-04T01:00:00+07:00,2026-06-04T01:00:00+07:00,thu,night,88.20658881890722,13.97800106068042,1391,187,13.378164673776125,ok,,google,2.5936238759175216,15.769797002985756,0.004021127041439637,route_ratio_above_max,False,observed_google
5360355190_3278061603_0,5360355190,3278061603,0,thu_07,2026-06-04T07:00:00+07:00,2026-06-04T07:00:00+07:00,thu,am,88.20658881890722,13.97800106068042,1391,237,16.95521405179113,ok,,google,2.8305754001980663,15.769797002985756,0.004021127041439637,route_ratio_above_max,False,observed_google
5360355190_3278061603_0,5360355190,3278061603,0,thu_17,2026-06-04T17:00:00+07:00,2026-06-04T17:00:00+07:00,thu,pm,88.20658881890722,13.97800106068042,1391,321,22.964657006856346,ok,,google,3.133956382192951,15.769797002985756,0.004021127041439637,route_ratio_above_max,False,observed_google
5360355190_3278061603_0,5360355190,3278061603,0,fri_01,2026-06-05T01:00:00+07:00,2026-06-05T01:00:00+07:00,fri,night,88.20658881890722,13.97800106068042,1391,192,13.735869611577623,ok,,google,2.6200106310907167,15.769797002985756,0.004021127041439637,route_ratio_above_max,False,observed_google
5360355190_3278061603_0,5360355190,3278061603,0,fri_07,2026-06-05T07:00:00+07:00,2026-06-05T07:00:00+07:00,fri,am,88.20658881890722,13.97800106068042,1391,235,16.812132076670533,ok,,google,2.822100773207094,15.769797002985756,0.004021127041439637,route_ratio_above_max,False,observed_google
5360355190_3278061603_0,5360355190,3278061603,0,fri_17,2026-06-05T17:00:00+07:00,2026-06-05T17:00:00+07:00,fri,pm,88.20658881890722,13.97800106068042,1391,297,21.24767330540914,ok,,google,3.0562473978656346,15.769797002985756,0.004021127041439637,route_ratio_above_max,False,observed_google
5360355190_3278061603_0,5360355190,3278061603,0,sat_01,2026-06-06T01:00:00+07:00,2026-06-06T01:00:00+07:00,sat,night,88.20658881890722,13.97800106068042,1391,185,13.235082698655525,ok,,google,2.58287108414126,15.769797002985756,0.004021127041439637,route_ratio_above_max,False,observed_google
5360355190_3278061603_0,5360355190,3278061603,0,sat_07,2026-06-06T07:00:00+07:00,2026-06-06T07:00:00+07:00,sat,am,88.20658881890722,13.97800106068042,1391,208,14.880525412542427,ok,,google,2.700053338764253,15.769797002985756,0.004021127041439637,route_ratio_above_max,False,observed_google
5360355190_3278061603_0,5360355190,3278061603,0,sat_17,2026-06-06T17:00:00+07:00,2026-06-06T17:00:00+07:00,sat,pm,88.20658881890722,13.97800106068042,1391,298,21.31921429296944,ok,,google,3.05960874556834,15.769797002985756,0.004021127041439637,route_ratio_above_max,False,observed_google
5360355190_3278061603_0,5360355190,3278061603,0,sun_01,2026-06-07T01:00:00+07:00,2026-06-07T01:00:00+07:00,sun,night,88.20658881890722,13.97800106068042,1391,188,13.449705661336424,ok,,google,2.5989572218928845,15.769797002985756,0.004021127041439637,route_ratio_above_max,False,observed_google
5360355190_3278061603_0,5360355190,3278061603,0,sun_07,2026-06-07T07:00:00+07:00,2026-06-07T07:00:00+07:00,sun,am,88.20658881890722,13.97800106068042,1391,214,15.309771337904229,ok,,google,2.7284912740847864,15.769797002985756,0.004021127041439637,route_ratio_above_max,False,observed_google
5360355190_3278061603_0,5360355190,3278061603,0,sun_17,2026-06-07T17:00:00+07:00,2026-06-07T17:00:00+07:00,sun,pm,88.20658881890722,13.97800106068042,1391,277,19.81685355420314,ok,,google,2.986532765250274,15.769797002985756,0.004021127041439637,route_ratio_above_max,False,observed_google
11953687707_1014722675_0,11953687707,1014722675,0,mon_01,2026-06-01T01:00:00+07:00,2026-06-08T01:00:00+07:00,mon,night,68.80227708315267,10.903021133942664,68,13,1.192330074416635,ok,,google,0.17590943837884196,0.9883393818175078,0.9768147336514135,,True,observed_google
11953687707_1014722675_0,11953687707,1014722675,0,mon_07,2026-06-01T07:00:00+07:00,2026-06-01T07:00:00+07:00,mon,am,68.80227708315267,10.903021133942664,68,17,1.5592008665448305,ok,,google,0.44417342497352125,0.9883393818175078,0.9768147336514135,,True,observed_google
11953687707_1014722675_0,11953687707,1014722675,0,mon_17,2026-06-01T17:00:00+07:00,2026-06-01T17:00:00+07:00,mon,pm,68.80227708315267,10.903021133942664,68,25,2.292942450801221,ok,,google,0.8298359057855058,0.9883393818175078,0.9768147336514135,,True,observed_google
11953687707_1014722675_0,11953687707,1014722675,0,tue_01,2026-06-02T01:00:00+07:00,2026-06-02T01:00:00+07:00,tue,night,68.80227708315267,10.903021133942664,68,14,1.2840477724486838,ok,,google,0.2500174105325639,0.9883393818175078,0.9768147336514135,,True,observed_google
11953687707_1014722675_0,11953687707,1014722675,0,tue_07,2026-06-02T07:00:00+07:00,2026-06-02T07:00:00+07:00,tue,am,68.80227708315267,10.903021133942664,68,21,1.9260716586730255,ok,,google,0.6554825186407283,0.9883393818175078,0.9768147336514135,,True,observed_google
11953687707_1014722675_0,11953687707,1014722675,0,tue_17,2026-06-02T17:00:00+07:00,2026-06-02T17:00:00+07:00,tue,pm,68.80227708315267,10.903021133942664,68,23,2.1095070547371235,ok,,google,0.7464542968464549,0.9883393818175078,0.9768147336514135,,True,observed_google
11953687707_1014722675_0,11953687707,1014722675,0,wed_01,2026-06-03T01:00:00+07:00,2026-06-03T01:00:00+07:00,wed,night,68.80227708315267,10.903021133942664,68,13,1.192330074416635,ok,,google,0.17590943837884196,0.9883393818175078,0.9768147336514135,,True,observed_google
11953687707_1014722675_0,11953687707,1014722675,0,wed_07,2026-06-03T07:00:00+07:00,2026-06-03T07:00:00+07:00,wed,am,68.80227708315267,10.903021133942664,68,21,1.9260716586730255,ok,,google,0.6554825186407283,0.9883393818175078,0.9768147336514135,,True,observed_google
11953687707_1014722675_0,11953687707,1014722675,0,wed_17,2026-06-03T17:00:00+07:00,2026-06-03T17:00:00+07:00,wed,pm,68.80227708315267,10.903021133942664,68,23,2.1095070547371235,ok,,google,0.7464542968464549,0.9883393818175078,0.9768147336514135,,True,observed_google
11953687707_1014722675_0,11953687707,1014722675,0,thu_01,2026-06-04T01:00:00+07:00,2026-06-04T01:00:00+07:00,thu,night,68.80227708315267,10.903021133942664,68,12,1.100612376384586,ok,,google,0.0958667307053055,0.9883393818175078,0.9768147336514135,,True,observed_google
11953687707_1014722675_0,11953687707,1014722675,0,thu_07,2026-06-04T07:00:00+07:00,2026-06-04T07:00:00+07:00,thu,am,68.80227708315267,10.903021133942664,68,21,1.9260716586730255,ok,,google,0.6554825186407283,0.9883393818175078,0.9768147336514135,,True,observed_google
11953687707_1014722675_0,11953687707,1014722675,0,thu_17,2026-06-04T17:00:00+07:00,2026-06-04T17:00:00+07:00,thu,pm,68.80227708315267,10.903021133942664,68,25,2.292942450801221,ok,,google,0.8298359057855058,0.9883393818175078,0.9768147336514135,,True,observed_google
11953687707_1014722675_0,11953687707,1014722675,0,fri_01,2026-06-05T01:00:00+07:00,2026-06-05T01:00:00+07:00,fri,night,68.80227708315267,10.903021133942664,68,15,1.3757654704807327,ok,,google,0.3190102820195153,0.9883393818175078,0.9768147336514135,,True,observed_google
11953687707_1014722675_0,11953687707,1014722675,0,fri_07,2026-06-05T07:00:00+07:00,2026-06-05T07:00:00+07:00,fri,am,68.80227708315267,10.903021133942664,68,21,1.9260716586730255,ok,,google,0.6554825186407283,0.9883393818175078,0.9768147336514135,,True,observed_google
11953687707_1014722675_0,11953687707,1014722675,0,fri_17,2026-06-05T17:00:00+07:00,2026-06-05T17:00:00+07:00,fri,pm,68.80227708315267,10.903021133942664,68,23,2.1095070547371235,ok,,google,0.7464542968464549,0.9883393818175078,0.9768147336514135,,True,observed_google
11953687707_1014722675_0,11953687707,1014722675,0,sat_01,2026-06-06T01:00:00+07:00,2026-06-06T01:00:00+07:00,sat,night,68.80227708315267,10.903021133942664,68,15,1.3757654704807327,ok,,google,0.3190102820195153,0.9883393818175078,0.9768147336514135,,True,observed_google
11953687707_1014722675_0,11953687707,1014722675,0,sat_07,2026-06-06T07:00:00+07:00,2026-06-06T07:00:00+07:00,sat,am,68.80227708315267,10.903021133942664,68,19,1.742636262608928,ok,,google,0.5553990600837456,0.9883393818175078,0.9768147336514135,,True,observed_google
11953687707_1014722675_0,11953687707,1014722675,0,sat_17,2026-06-06T17:00:00+07:00,2026-06-06T17:00:00+07:00,sat,pm,68.80227708315267,10.903021133942664,68,26,2.38466014883327,ok,,google,0.8690566189387873,0.9883393818175078,0.9768147336514135,,True,observed_google
11953687707_1014722675_0,11953687707,1014722675,0,sun_01,2026-06-07T01:00:00+07:00,2026-06-07T01:00:00+07:00,sun,night,68.80227708315267,10.903021133942664,68,16,1.4674831685127814,ok,,google,0.3835488031570864,0.9883393818175078,0.9768147336514135,,True,observed_google
11953687707_1014722675_0,11953687707,1014722675,0,sun_07,2026-06-07T07:00:00+07:00,2026-06-07T07:00:00+07:00,sun,am,68.80227708315267,10.903021133942664,68,19,1.742636262608928,ok,,google,0.5553990600837456,0.9883393818175078,0.9768147336514135,,True,observed_google
11953687707_1014722675_0,11953687707,1014722675,0,sun_17,2026-06-07T17:00:00+07:00,2026-06-07T17:00:00+07:00,sun,pm,68.80227708315267,10.903021133942664,68,21,1.9260716586730255,ok,,google,0.6554825186407283,0.9883393818175078,0.9768147336514135,,True,observed_google
6470450617_6470450611_0,6470450617,6470450611,0,mon_01,2026-06-01T01:00:00+07:00,2026-06-08T01:00:00+07:00,mon,night,82.0360313268598,8.163585556428975,92,21,2.5723990830796293,ok,,google,0.9448389588330205,1.1214584434666313,0.7951217433673823,,True,observed_google
6470450617_6470450611_0,6470450617,6470450611,0,mon_07,2026-06-01T07:00:00+07:00,2026-06-01T07:00:00+07:00,mon,am,82.0360313268598,8.163585556428975,92,54,6.614740499347618,ok,,google,1.889300567673872,1.1214584434666313,0.7951217433673823,,True,observed_google
6470450617_6470450611_0,6470450617,6470450611,0,mon_17,2026-06-01T17:00:00+07:00,2026-06-01T17:00:00+07:00,mon,pm,82.0360313268598,8.163585556428975,92,30,3.674855832970899,ok,,google,1.3015139027717528,1.1214584434666313,0.7951217433673823,,True,observed_google
6470450617_6470450611_0,6470450617,6470450611,0,tue_01,2026-06-02T01:00:00+07:00,2026-06-02T01:00:00+07:00,tue,night,82.0360313268598,8.163585556428975,92,22,2.6948942775119926,ok,,google,0.9913589744679134,1.1214584434666313,0.7951217433673823,,True,observed_google
6470450617_6470450611_0,6470450617,6470450611,0,tue_07,2026-06-02T07:00:00+07:00,2026-06-02T07:00:00+07:00,tue,am,82.0360313268598,8.163585556428975,92,29,3.552360638538536,ok,,google,1.2676123510960715,1.1214584434666313,0.7951217433673823,,True,observed_google
6470450617_6470450611_0,6470450617,6470450611,0,tue_17,2026-06-02T17:00:00+07:00,2026-06-02T17:00:00+07:00,tue,pm,82.0360313268598,8.163585556428975,92,30,3.674855832970899,ok,,google,1.3015139027717528,1.1214584434666313,0.7951217433673823,,True,observed_google
6470450617_6470450611_0,6470450617,6470450611,0,wed_01,2026-06-03T01:00:00+07:00,2026-06-03T01:00:00+07:00,wed,night,82.0360313268598,8.163585556428975,92,20,2.449903888647266,ok,,google,0.8960487946635886,1.1214584434666313,0.7951217433673823,,True,observed_google
6470450617_6470450611_0,6470450617,6470450611,0,wed_07,2026-06-03T07:00:00+07:00,2026-06-03T07:00:00+07:00,wed,am,82.0360313268598,8.163585556428975,92,29,3.552360638538536,ok,,google,1.2676123510960715,1.1214584434666313,0.7951217433673823,,True,observed_google
6470450617_6470450611_0,6470450617,6470450611,0,wed_17,2026-06-03T17:00:00+07:00,2026-06-03T17:00:00+07:00,wed,pm,82.0360313268598,8.163585556428975,92,31,3.7973510274032622,ok,,google,1.3343037255947439,1.1214584434666313,0.7951217433673823,,True,observed_google
6470450617_6470450611_0,6470450617,6470450611,0,thu_01,2026-06-04T01:00:00+07:00,2026-06-04T01:00:00+07:00,thu,night,82.0360313268598,8.163585556428975,92,21,2.5723990830796293,ok,,google,0.9448389588330205,1.1214584434666313,0.7951217433673823,,True,observed_google
6470450617_6470450611_0,6470450617,6470450611,0,thu_07,2026-06-04T07:00:00+07:00,2026-06-04T07:00:00+07:00,thu,am,82.0360313268598,8.163585556428975,92,28,3.429865444106172,ok,,google,1.2325210312848014,1.1214584434666313,0.7951217433673823,,True,observed_google
6470450617_6470450611_0,6470450617,6470450611,0,thu_17,2026-06-04T17:00:00+07:00,2026-06-04T17:00:00+07:00,thu,pm,82.0360313268598,8.163585556428975,92,33,4.0423414162679885,ok,,google,1.3968240825760776,1.1214584434666313,0.7951217433673823,,True,observed_google
6470450617_6470450611_0,6470450617,6470450611,0,fri_01,2026-06-05T01:00:00+07:00,2026-06-05T01:00:00+07:00,fri,night,82.0360313268598,8.163585556428975,92,21,2.5723990830796293,ok,,google,0.9448389588330205,1.1214584434666313,0.7951217433673823,,True,observed_google
6470450617_6470450611_0,6470450617,6470450611,0,fri_07,2026-06-05T07:00:00+07:00,2026-06-05T07:00:00+07:00,fri,am,82.0360313268598,8.163585556428975,92,31,3.7973510274032622,ok,,google,1.3343037255947439,1.1214584434666313,0.7951217433673823,,True,observed_google
6470450617_6470450611_0,6470450617,6470450611,0,fri_17,2026-06-05T17:00:00+07:00,2026-06-05T17:00:00+07:00,fri,pm,82.0360313268598,8.163585556428975,92,31,3.7973510274032622,ok,,google,1.3343037255947439,1.1214584434666313,0.7951217433673823,,True,observed_google
6470450617_6470450611_0,6470450617,6470450611,0,sat_01,2026-06-06T01:00:00+07:00,2026-06-06T01:00:00+07:00,sat,night,82.0360313268598,8.163585556428975,92,22,2.6948942775119926,ok,,google,0.9913589744679134,1.1214584434666313,0.7951217433673823,,True,observed_google
6470450617_6470450611_0,6470450617,6470450611,0,sat_07,2026-06-06T07:00:00+07:00,2026-06-06T07:00:00+07:00,sat,am,82.0360313268598,8.163585556428975,92,27,3.307370249673809,ok,,google,1.1961533871139265,1.1214584434666313,0.7951217433673823,,True,observed_google
6470450617_6470450611_0,6470450617,6470450611,0,sat_17,2026-06-06T17:00:00+07:00,2026-06-06T17:00:00+07:00,sat,pm,82.0360313268598,8.163585556428975,92,30,3.674855832970899,ok,,google,1.3015139027717528,1.1214584434666313,0.7951217433673823,,True,observed_google
6470450617_6470450611_0,6470450617,6470450611,0,sun_01,2026-06-07T01:00:00+07:00,2026-06-07T01:00:00+07:00,sun,night,82.0360313268598,8.163585556428975,92,22,2.6948942775119926,ok,,google,0.9913589744679134,1.1214584434666313,0.7951217433673823,,True,observed_google
6470450617_6470450611_0,6470450617,6470450611,0,sun_07,2026-06-07T07:00:00+07:00,2026-06-07T07:00:00+07:00,sun,am,82.0360313268598,8.163585556428975,92,27,3.307370249673809,ok,,google,1.1961533871139265,1.1214584434666313,0.7951217433673823,,True,observed_google
6470450617_6470450611_0,6470450617,6470450611,0,sun_17,2026-06-07T17:00:00+07:00,2026-06-07T17:00:00+07:00,sun,pm,82.0360313268598,8.163585556428975,92,31,3.7973510274032622,ok,,google,1.3343037255947439,1.1214584434666313,0.7951217433673823,,True,observed_google
1900221419_1900221412_0,1900221419,1900221412,0,mon_01,2026-06-01T01:00:00+07:00,2026-06-08T01:00:00+07:00,mon,night,60.52903537787855,6.023377179066938,61,5,0.8300991041000249,ok,,google,-0.18621018278925774,1.0077808050166543,0.9846181466746772,,True,observed_google
1900221419_1900221412_0,1900221419,1900221412,0,mon_07,2026-06-01T07:00:00+07:00,2026-06-01T07:00:00+07:00,mon,am,60.52903537787855,6.023377179066938,61,5,0.8300991041000249,ok,,google,-0.18621018278925774,1.0077808050166543,0.9846181466746772,,True,observed_google
1900221419_1900221412_0,1900221419,1900221412,0,mon_17,2026-06-01T17:00:00+07:00,2026-06-01T17:00:00+07:00,mon,pm,60.52903537787855,6.023377179066938,61,7,1.1621387457400347,ok,,google,0.15026205383195515,1.0077808050166543,0.9846181466746772,,True,observed_google
1900221419_1900221412_0,1900221419,1900221412,0,tue_01,2026-06-02T01:00:00+07:00,2026-06-02T01:00:00+07:00,tue,night,60.52903537787855,6.023377179066938,61,5,0.8300991041000249,ok,,google,-0.18621018278925774,1.0077808050166543,0.9846181466746772,,True,observed_google
1900221419_1900221412_0,1900221419,1900221412,0,tue_07,2026-06-02T07:00:00+07:00,2026-06-02T07:00:00+07:00,tue,am,60.52903537787855,6.023377179066938,61,5,0.8300991041000249,ok,,google,-0.18621018278925774,1.0077808050166543,0.9846181466746772,,True,observed_google
1900221419_1900221412_0,1900221419,1900221412,0,tue_17,2026-06-02T17:00:00+07:00,2026-06-02T17:00:00+07:00,tue,pm,60.52903537787855,6.023377179066938,61,8,1.3281585665600395,ok,,google,0.2837934464564778,1.0077808050166543,0.9846181466746772,,True,observed_google
1900221419_1900221412_0,1900221419,1900221412,0,wed_01,2026-06-03T01:00:00+07:00,2026-06-03T01:00:00+07:00,wed,night,60.52903537787855,6.023377179066938,61,5,0.8300991041000249,ok,,google,-0.18621018278925774,1.0077808050166543,0.9846181466746772,,True,observed_google
1900221419_1900221412_0,1900221419,1900221412,0,wed_07,2026-06-03T07:00:00+07:00,2026-06-03T07:00:00+07:00,wed,am,60.52903537787855,6.023377179066938,61,6,0.9961189249200296,ok,,google,-0.003888625995303196,1.0077808050166543,0.9846181466746772,,True,observed_google
1900221419_1900221412_0,1900221419,1900221412,0,wed_17,2026-06-03T17:00:00+07:00,2026-06-03T17:00:00+07:00,wed,pm,60.52903537787855,6.023377179066938,61,7,1.1621387457400347,ok,,google,0.15026205383195515,1.0077808050166543,0.9846181466746772,,True,observed_google
1900221419_1900221412_0,1900221419,1900221412,0,thu_01,2026-06-04T01:00:00+07:00,2026-06-04T01:00:00+07:00,thu,night,60.52903537787855,6.023377179066938,61,5,0.8300991041000249,ok,,google,-0.18621018278925774,1.0077808050166543,0.9846181466746772,,True,observed_google
1900221419_1900221412_0,1900221419,1900221412,0,thu_07,2026-06-04T07:00:00+07:00,2026-06-04T07:00:00+07:00,thu,am,60.52903537787855,6.023377179066938,61,6,0.9961189249200296,ok,,google,-0.003888625995303196,1.0077808050166543,0.9846181466746772,,True,observed_google
1900221419_1900221412_0,1900221419,1900221412,0,thu_17,2026-06-04T17:00:00+07:00,2026-06-04T17:00:00+07:00,thu,pm,60.52903537787855,6.023377179066938,61,8,1.3281585665600395,ok,,google,0.2837934464564778,1.0077808050166543,0.9846181466746772,,True,observed_google
1900221419_1900221412_0,1900221419,1900221412,0,fri_01,2026-06-05T01:00:00+07:00,2026-06-05T01:00:00+07:00,fri,night,60.52903537787855,6.023377179066938,61,5,0.8300991041000249,ok,,google,-0.18621018278925774,1.0077808050166543,0.9846181466746772,,True,observed_google
1900221419_1900221412_0,1900221419,1900221412,0,fri_07,2026-06-05T07:00:00+07:00,2026-06-05T07:00:00+07:00,fri,am,60.52903537787855,6.023377179066938,61,6,0.9961189249200296,ok,,google,-0.003888625995303196,1.0077808050166543,0.9846181466746772,,True,observed_google
1900221419_1900221412_0,1900221419,1900221412,0,fri_17,2026-06-05T17:00:00+07:00,2026-06-05T17:00:00+07:00,fri,pm,60.52903537787855,6.023377179066938,61,10,1.6601982082000497,ok,,google,0.5069369977706876,1.0077808050166543,0.9846181466746772,,True,observed_google
1900221419_1900221412_0,1900221419,1900221412,0,sat_01,2026-06-06T01:00:00+07:00,2026-06-06T01:00:00+07:00,sat,night,60.52903537787855,6.023377179066938,61,5,0.8300991041000249,ok,,google,-0.18621018278925774,1.0077808050166543,0.9846181466746772,,True,observed_google
1900221419_1900221412_0,1900221419,1900221412,0,sat_07,2026-06-06T07:00:00+07:00,2026-06-06T07:00:00+07:00,sat,am,60.52903537787855,6.023377179066938,61,5,0.8300991041000249,ok,,google,-0.18621018278925774,1.0077808050166543,0.9846181466746772,,True,observed_google
1900221419_1900221412_0,1900221419,1900221412,0,sat_17,2026-06-06T17:00:00+07:00,2026-06-06T17:00:00+07:00,sat,pm,60.52903537787855,6.023377179066938,61,10,1.6601982082000497,ok,,google,0.5069369977706876,1.0077808050166543,0.9846181466746772,,True,observed_google
1900221419_1900221412_0,1900221419,1900221412,0,sun_01,2026-06-07T01:00:00+07:00,2026-06-07T01:00:00+07:00,sun,night,60.52903537787855,6.023377179066938,61,5,0.8300991041000249,ok,,google,-0.18621018278925774,1.0077808050166543,0.9846181466746772,,True,observed_google
1900221419_1900221412_0,1900221419,1900221412,0,sun_07,2026-06-07T07:00:00+07:00,2026-06-07T07:00:00+07:00,sun,am,60.52903537787855,6.023377179066938,61,5,0.8300991041000249,ok,,google,-0.18621018278925774,1.0077808050166543,0.9846181466746772,,True,observed_google
1900221419_1900221412_0,1900221419,1900221412,0,sun_17,2026-06-07T17:00:00+07:00,2026-06-07T17:00:00+07:00,sun,pm,60.52903537787855,6.023377179066938,61,9,1.4941783873800447,ok,,google,0.40157648211286123,1.0077808050166543,0.9846181466746772,,True,observed_google
320093965_1013384626_0,320093965,1013384626,0,mon_01,2026-06-01T01:00:00+07:00,2026-06-08T01:00:00+07:00,mon,night,200.13568233715304,19.91594107159962,201,20,1.0042206857360234,ok,,google,0.004211803625609407,1.0043186584858512,0.9914183150060104,,True,observed_google
320093965_1013384626_0,320093965,1013384626,0,mon_07,2026-06-01T07:00:00+07:00,2026-06-01T07:00:00+07:00,mon,am,200.13568233715304,19.91594107159962,201,21,1.0544317200228244,ok,,google,0.05300196779504121,1.0043186584858512,0.9914183150060104,,True,observed_google
320093965_1013384626_0,320093965,1013384626,0,mon_17,2026-06-01T17:00:00+07:00,2026-06-01T17:00:00+07:00,mon,pm,200.13568233715304,19.91594107159962,201,25,1.255275857170029,ok,,google,0.22735535493981904,1.0043186584858512,0.9914183150060104,,True,observed_google
320093965_1013384626_0,320093965,1013384626,0,tue_01,2026-06-02T01:00:00+07:00,2026-06-02T01:00:00+07:00,tue,night,200.13568233715304,19.91594107159962,201,20,1.0042206857360234,ok,,google,0.004211803625609407,1.0043186584858512,0.9914183150060104,,True,observed_google
320093965_1013384626_0,320093965,1013384626,0,tue_07,2026-06-02T07:00:00+07:00,2026-06-02T07:00:00+07:00,tue,am,200.13568233715304,19.91594107159962,201,22,1.1046427543096256,ok,,google,0.09952198342993408,1.0043186584858512,0.9914183150060104,,True,observed_google
320093965_1013384626_0,320093965,1013384626,0,tue_17,2026-06-02T17:00:00+07:00,2026-06-02T17:00:00+07:00,tue,pm,200.13568233715304,19.91594107159962,201,25,1.255275857170029,ok,,google,0.22735535493981904,1.0043186584858512,0.9914183150060104,,True,observed_google
320093965_1013384626_0,320093965,1013384626,0,wed_01,2026-06-03T01:00:00+07:00,2026-06-03T01:00:00+07:00,wed,night,200.13568233715304,19.91594107159962,201,20,1.0042206857360234,ok,,google,0.004211803625609407,1.0043186584858512,0.9914183150060104,,True,observed_google
320093965_1013384626_0,320093965,1013384626,0,wed_07,2026-06-03T07:00:00+07:00,2026-06-03T07:00:00+07:00,wed,am,200.13568233715304,19.91594107159962,201,20,1.0042206857360234,ok,,google,0.004211803625609407,1.0043186584858512,0.9914183150060104,,True,observed_google
320093965_1013384626_0,320093965,1013384626,0,wed_17,2026-06-03T17:00:00+07:00,2026-06-03T17:00:00+07:00,wed,pm,200.13568233715304,19.91594107159962,201,24,1.205064822883228,ok,,google,0.1865333604195639,1.0043186584858512,0.9914183150060104,,True,observed_google
320093965_1013384626_0,320093965,1013384626,0,thu_01,2026-06-04T01:00:00+07:00,2026-06-04T01:00:00+07:00,thu,night,200.13568233715304,19.91594107159962,201,20,1.0042206857360234,ok,,google,0.004211803625609407,1.0043186584858512,0.9914183150060104,,True,observed_google
320093965_1013384626_0,320093965,1013384626,0,thu_07,2026-06-04T07:00:00+07:00,2026-06-04T07:00:00+07:00,thu,am,200.13568233715304,19.91594107159962,201,20,1.0042206857360234,ok,,google,0.004211803625609407,1.0043186584858512,0.9914183150060104,,True,observed_google
320093965_1013384626_0,320093965,1013384626,0,thu_17,2026-06-04T17:00:00+07:00,2026-06-04T17:00:00+07:00,thu,pm,200.13568233715304,19.91594107159962,201,26,1.3054868914568305,ok,,google,0.26657606809310036,1.0043186584858512,0.9914183150060104,,True,observed_google
320093965_1013384626_0,320093965,1013384626,0,fri_01,2026-06-05T01:00:00+07:00,2026-06-05T01:00:00+07:00,fri,night,200.13568233715304,19.91594107159962,201,21,1.0544317200228244,ok,,google,0.05300196779504121,1.0043186584858512,0.9914183150060104,,True,observed_google
320093965_1013384626_0,320093965,1013384626,0,fri_07,2026-06-05T07:00:00+07:00,2026-06-05T07:00:00+07:00,fri,am,200.13568233715304,19.91594107159962,201,21,1.0544317200228244,ok,,google,0.05300196779504121,1.0043186584858512,0.9914183150060104,,True,observed_google
320093965_1013384626_0,320093965,1013384626,0,fri_17,2026-06-05T17:00:00+07:00,2026-06-05T17:00:00+07:00,fri,pm,200.13568233715304,19.91594107159962,201,25,1.255275857170029,ok,,google,0.22735535493981904,1.0043186584858512,0.9914183150060104,,True,observed_google
320093965_1013384626_0,320093965,1013384626,0,sat_01,2026-06-06T01:00:00+07:00,2026-06-06T01:00:00+07:00,sat,night,200.13568233715304,19.91594107159962,201,21,1.0544317200228244,ok,,google,0.05300196779504121,1.0043186584858512,0.9914183150060104,,True,observed_google
320093965_1013384626_0,320093965,1013384626,0,sat_07,2026-06-06T07:00:00+07:00,2026-06-06T07:00:00+07:00,sat,am,200.13568233715304,19.91594107159962,201,20,1.0042206857360234,ok,,google,0.004211803625609407,1.0043186584858512,0.9914183150060104,,True,observed_google
320093965_1013384626_0,320093965,1013384626,0,sat_17,2026-06-06T17:00:00+07:00,2026-06-06T17:00:00+07:00,sat,pm,200.13568233715304,19.91594107159962,201,26,1.3054868914568305,ok,,google,0.26657606809310036,1.0043186584858512,0.9914183150060104,,True,observed_google
320093965_1013384626_0,320093965,1013384626,0,sun_01,2026-06-07T01:00:00+07:00,2026-06-07T01:00:00+07:00,sun,night,200.13568233715304,19.91594107159962,201,21,1.0544317200228244,ok,,google,0.05300196779504121,1.0043186584858512,0.9914183150060104,,True,observed_google
320093965_1013384626_0,320093965,1013384626,0,sun_07,2026-06-07T07:00:00+07:00,2026-06-07T07:00:00+07:00,sun,am,200.13568233715304,19.91594107159962,201,20,1.0042206857360234,ok,,google,0.004211803625609407,1.0043186584858512,0.9914183150060104,,True,observed_google
320093965_1013384626_0,320093965,1013384626,0,sun_17,2026-06-07T17:00:00+07:00,2026-06-07T17:00:00+07:00,sun,pm,200.13568233715304,19.91594107159962,201,24,1.205064822883228,ok,,google,0.1865333604195639,1.0043186584858512,0.9914183150060104,,True,observed_google
2317306738_5356356911_0,2317306738,5356356911,0,mon_01,2026-06-01T01:00:00+07:00,2026-06-08T01:00:00+07:00,mon,night,256.9402559422041,25.5686888840047,257,26,1.0168687224422024,ok,,google,0.016728025590133037,1.000232521204499,0.9995351197390624,,True,observed_google
2317306738_5356356911_0,2317306738,5356356911,0,mon_07,2026-06-01T07:00:00+07:00,2026-06-01T07:00:00+07:00,mon,am,256.9402559422041,25.5686888840047,257,25,0.977758386963656,ok,,google,-0.02249268756314827,1.000232521204499,0.9995351197390624,,True,observed_google
2317306738_5356356911_0,2317306738,5356356911,0,mon_17,2026-06-01T17:00:00+07:00,2026-06-01T17:00:00+07:00,mon,pm,256.9402559422041,25.5686888840047,257,30,1.1733100643563874,ok,,google,0.1598288692308064,1.000232521204499,0.9995351197390624,,True,observed_google
2317306738_5356356911_0,2317306738,5356356911,0,tue_01,2026-06-02T01:00:00+07:00,2026-06-02T01:00:00+07:00,tue,night,256.9402559422041,25.5686888840047,257,28,1.095089393399295,ok,,google,0.09083599774385494,1.000232521204499,0.9995351197390624,,True,observed_google
2317306738_5356356911_0,2317306738,5356356911,0,tue_07,2026-06-02T07:00:00+07:00,2026-06-02T07:00:00+07:00,tue,am,256.9402559422041,25.5686888840047,257,26,1.0168687224422024,ok,,google,0.016728025590133037,1.000232521204499,0.9995351197390624,,True,observed_google
2317306738_5356356911_0,2317306738,5356356911,0,tue_17,2026-06-02T17:00:00+07:00,2026-06-02T17:00:00+07:00,tue,pm,256.9402559422041,25.5686888840047,257,30,1.1733100643563874,ok,,google,0.1598288692308064,1.000232521204499,0.9995351197390624,,True,observed_google
2317306738_5356356911_0,2317306738,5356356911,0,wed_01,2026-06-03T01:00:00+07:00,2026-06-03T01:00:00+07:00,wed,night,256.9402559422041,25.5686888840047,257,28,1.095089393399295,ok,,google,0.09083599774385494,1.000232521204499,0.9995351197390624,,True,observed_google
2317306738_5356356911_0,2317306738,5356356911,0,wed_07,2026-06-03T07:00:00+07:00,2026-06-03T07:00:00+07:00,wed,am,256.9402559422041,25.5686888840047,257,26,1.0168687224422024,ok,,google,0.016728025590133037,1.000232521204499,0.9995351197390624,,True,observed_google
2317306738_5356356911_0,2317306738,5356356911,0,wed_17,2026-06-03T17:00:00+07:00,2026-06-03T17:00:00+07:00,wed,pm,256.9402559422041,25.5686888840047,257,31,1.2124203998349337,ok,,google,0.19261869205379728,1.000232521204499,0.9995351197390624,,True,observed_google
2317306738_5356356911_0,2317306738,5356356911,0,thu_01,2026-06-04T01:00:00+07:00,2026-06-04T01:00:00+07:00,thu,night,256.9402559422041,25.5686888840047,257,26,1.0168687224422024,ok,,google,0.016728025590133037,1.000232521204499,0.9995351197390624,,True,observed_google
2317306738_5356356911_0,2317306738,5356356911,0,thu_07,2026-06-04T07:00:00+07:00,2026-06-04T07:00:00+07:00,thu,am,256.9402559422041,25.5686888840047,257,25,0.977758386963656,ok,,google,-0.02249268756314827,1.000232521204499,0.9995351197390624,,True,observed_google
2317306738_5356356911_0,2317306738,5356356911,0,thu_17,2026-06-04T17:00:00+07:00,2026-06-04T17:00:00+07:00,thu,pm,256.9402559422041,25.5686888840047,257,31,1.2124203998349337,ok,,google,0.19261869205379728,1.000232521204499,0.9995351197390624,,True,observed_google
2317306738_5356356911_0,2317306738,5356356911,0,fri_01,2026-06-05T01:00:00+07:00,2026-06-05T01:00:00+07:00,fri,night,256.9402559422041,25.5686888840047,257,26,1.0168687224422024,ok,,google,0.016728025590133037,1.000232521204499,0.9995351197390624,,True,observed_google
2317306738_5356356911_0,2317306738,5356356911,0,fri_07,2026-06-05T07:00:00+07:00,2026-06-05T07:00:00+07:00,fri,am,256.9402559422041,25.5686888840047,257,26,1.0168687224422024,ok,,google,0.016728025590133037,1.000232521204499,0.9995351197390624,,True,observed_google
2317306738_5356356911_0,2317306738,5356356911,0,fri_17,2026-06-05T17:00:00+07:00,2026-06-05T17:00:00+07:00,fri,pm,256.9402559422041,25.5686888840047,257,33,1.290641070792026,ok,,google,0.2551390490351311,1.000232521204499,0.9995351197390624,,True,observed_google
2317306738_5356356911_0,2317306738,5356356911,0,sat_01,2026-06-06T01:00:00+07:00,2026-06-06T01:00:00+07:00,sat,night,256.9402559422041,25.5686888840047,257,26,1.0168687224422024,ok,,google,0.016728025590133037,1.000232521204499,0.9995351197390624,,True,observed_google
2317306738_5356356911_0,2317306738,5356356911,0,sat_07,2026-06-06T07:00:00+07:00,2026-06-06T07:00:00+07:00,sat,am,256.9402559422041,25.5686888840047,257,25,0.977758386963656,ok,,google,-0.02249268756314827,1.000232521204499,0.9995351197390624,,True,observed_google
2317306738_5356356911_0,2317306738,5356356911,0,sat_17,2026-06-06T17:00:00+07:00,2026-06-06T17:00:00+07:00,sat,pm,256.9402559422041,25.5686888840047,257,30,1.1733100643563874,ok,,google,0.1598288692308064,1.000232521204499,0.9995351197390624,,True,observed_google
2317306738_5356356911_0,2317306738,5356356911,0,sun_01,2026-06-07T01:00:00+07:00,2026-06-07T01:00:00+07:00,sun,night,256.9402559422041,25.5686888840047,257,27,1.0559790579207486,ok,,google,0.05446835357298008,1.000232521204499,0.9995351197390624,,True,observed_google
2317306738_5356356911_0,2317306738,5356356911,0,sun_07,2026-06-07T07:00:00+07:00,2026-06-07T07:00:00+07:00,sun,am,256.9402559422041,25.5686888840047,257,26,1.0168687224422024,ok,,google,0.016728025590133037,1.000232521204499,0.9995351197390624,,True,observed_google
2317306738_5356356911_0,2317306738,5356356911,0,sun_17,2026-06-07T17:00:00+07:00,2026-06-07T17:00:00+07:00,sun,pm,256.9402559422041,25.5686888840047,257,31,1.2124203998349337,ok,,google,0.19261869205379728,1.000232521204499,0.9995351197390624,,True,observed_google
1787180514_306901687_0,1787180514,306901687,0,mon_01,2026-06-01T01:00:00+07:00,2026-06-08T01:00:00+07:00,mon,night,289.3499869790585,25.18298787773784,290,39,1.5486645265979984,ok,,google,0.4373929638009769,1.002246459478806,0.9955221755622035,,True,observed_google
1787180514_306901687_0,1787180514,306901687,0,mon_07,2026-06-01T07:00:00+07:00,2026-06-01T07:00:00+07:00,mon,am,289.3499869790585,25.18298787773784,290,45,1.786920607613075,ok,,google,0.5804938074416502,1.002246459478806,0.9955221755622035,,True,observed_google
1787180514_306901687_0,1787180514,306901687,0,mon_17,2026-06-01T17:00:00+07:00,2026-06-01T17:00:00+07:00,mon,pm,289.3499869790585,25.18298787773784,290,57,2.2634327696432286,ok,,google,0.8168825855058807,1.002246459478806,0.9955221755622035,,True,observed_google
1787180514_306901687_0,1787180514,306901687,0,tue_01,2026-06-02T01:00:00+07:00,2026-06-02T01:00:00+07:00,tue,night,289.3499869790585,25.18298787773784,290,35,1.389827139254614,ok,,google,0.32917937916074425,1.002246459478806,0.9955221755622035,,True,observed_google
1787180514_306901687_0,1787180514,306901687,0,tue_07,2026-06-02T07:00:00+07:00,2026-06-02T07:00:00+07:00,tue,am,289.3499869790585,25.18298787773784,290,50,1.9854673417923057,ok,,google,0.6858543230994766,1.002246459478806,0.9955221755622035,,True,observed_google
1787180514_306901687_0,1787180514,306901687,0,tue_17,2026-06-02T17:00:00+07:00,2026-06-02T17:00:00+07:00,tue,pm,289.3499869790585,25.18298787773784,290,58,2.303142116479074,ok,,google,0.8342743282177498,1.002246459478806,0.9955221755622035,,True,observed_google
1787180514_306901687_0,1787180514,306901687,0,wed_01,2026-06-03T01:00:00+07:00,2026-06-03T01:00:00+07:00,wed,night,289.3499869790585,25.18298787773784,290,38,1.5089551797621523,ok,,google,0.41141747739771634,1.002246459478806,0.9955221755622035,,True,observed_google
1787180514_306901687_0,1787180514,306901687,0,wed_07,2026-06-03T07:00:00+07:00,2026-06-03T07:00:00+07:00,wed,am,289.3499869790585,25.18298787773784,290,48,1.9060486481206131,ok,,google,0.6450323285792214,1.002246459478806,0.9955221755622035,,True,observed_google
1787180514_306901687_0,1787180514,306901687,0,wed_17,2026-06-03T17:00:00+07:00,2026-06-03T17:00:00+07:00,wed,pm,289.3499869790585,25.18298787773784,290,58,2.303142116479074,ok,,google,0.8342743282177498,1.002246459478806,0.9955221755622035,,True,observed_google
1787180514_306901687_0,1787180514,306901687,0,thu_01,2026-06-04T01:00:00+07:00,2026-06-04T01:00:00+07:00,thu,night,289.3499869790585,25.18298787773784,290,36,1.42953648609046,ok,,google,0.3573502561274405,1.002246459478806,0.9955221755622035,,True,observed_google
1787180514_306901687_0,1787180514,306901687,0,thu_07,2026-06-04T07:00:00+07:00,2026-06-04T07:00:00+07:00,thu,am,289.3499869790585,25.18298787773784,290,47,1.8663393012847675,ok,,google,0.6239789193813892,1.002246459478806,0.9955221755622035,,True,observed_google
1787180514_306901687_0,1787180514,306901687,0,thu_17,2026-06-04T17:00:00+07:00,2026-06-04T17:00:00+07:00,thu,pm,289.3499869790585,25.18298787773784,290,57,2.2634327696432286,ok,,google,0.8168825855058807,1.002246459478806,0.9955221755622035,,True,observed_google
1787180514_306901687_0,1787180514,306901687,0,fri_01,2026-06-05T01:00:00+07:00,2026-06-05T01:00:00+07:00,fri,night,289.3499869790585,25.18298787773784,290,38,1.5089551797621523,ok,,google,0.41141747739771634,1.002246459478806,0.9955221755622035,,True,observed_google
1787180514_306901687_0,1787180514,306901687,0,fri_07,2026-06-05T07:00:00+07:00,2026-06-05T07:00:00+07:00,fri,am,289.3499869790585,25.18298787773784,290,48,1.9060486481206131,ok,,google,0.6450323285792214,1.002246459478806,0.9955221755622035,,True,observed_google
1787180514_306901687_0,1787180514,306901687,0,fri_17,2026-06-05T17:00:00+07:00,2026-06-05T17:00:00+07:00,fri,pm,289.3499869790585,25.18298787773784,290,57,2.2634327696432286,ok,,google,0.8168825855058807,1.002246459478806,0.9955221755622035,,True,observed_google
1787180514_306901687_0,1787180514,306901687,0,sat_01,2026-06-06T01:00:00+07:00,2026-06-06T01:00:00+07:00,sat,night,289.3499869790585,25.18298787773784,290,37,1.4692458329263065,ok,,google,0.384749230315555,1.002246459478806,0.9955221755622035,,True,observed_google
1787180514_306901687_0,1787180514,306901687,0,sat_07,2026-06-06T07:00:00+07:00,2026-06-06T07:00:00+07:00,sat,am,289.3499869790585,25.18298787773784,290,43,1.707501913941383,ok,,google,0.535031433364893,1.002246459478806,0.9955221755622035,,True,observed_google
1787180514_306901687_0,1787180514,306901687,0,sat_17,2026-06-06T17:00:00+07:00,2026-06-06T17:00:00+07:00,sat,pm,289.3499869790585,25.18298787773784,290,55,2.184014075971536,ok,,google,0.7811645029038016,1.002246459478806,0.9955221755622035,,True,observed_google
1787180514_306901687_0,1787180514,306901687,0,sun_01,2026-06-07T01:00:00+07:00,2026-06-07T01:00:00+07:00,sun,night,289.3499869790585,25.18298787773784,290,37,1.4692458329263065,ok,,google,0.384749230315555,1.002246459478806,0.9955221755622035,,True,observed_google
1787180514_306901687_0,1787180514,306901687,0,sun_07,2026-06-07T07:00:00+07:00,2026-06-07T07:00:00+07:00,sun,am,289.3499869790585,25.18298787773784,290,42,1.6677925671055367,ok,,google,0.5115009359546988,1.002246459478806,0.9955221755622035,,True,observed_google
1787180514_306901687_0,1787180514,306901687,0,sun_17,2026-06-07T17:00:00+07:00,2026-06-07T17:00:00+07:00,sun,pm,289.3499869790585,25.18298787773784,290,55,2.184014075971536,ok,,google,0.7811645029038016,1.002246459478806,0.9955221755622035,,True,observed_google
5344074301_3445438455_0,5344074301,3445438455,0,mon_01,2026-06-01T01:00:00+07:00,2026-06-08T01:00:00+07:00,mon,night,55.24377043921041,4.808029251412598,55,8,1.663883387907759,ok,,google,0.5091542605609859,0.9955873678195327,0.9911942069618255,,True,observed_google
5344074301_3445438455_0,5344074301,3445438455,0,mon_07,2026-06-01T07:00:00+07:00,2026-06-01T07:00:00+07:00,mon,am,55.24377043921041,4.808029251412598,55,8,1.663883387907759,ok,,google,0.5091542605609859,0.9955873678195327,0.9911942069618255,,True,observed_google
5344074301_3445438455_0,5344074301,3445438455,0,mon_17,2026-06-01T17:00:00+07:00,2026-06-01T17:00:00+07:00,mon,pm,55.24377043921041,4.808029251412598,55,13,2.7038105053501087,ok,,google,0.9946620763426868,0.9955873678195327,0.9911942069618255,,True,observed_google
5344074301_3445438455_0,5344074301,3445438455,0,tue_01,2026-06-02T01:00:00+07:00,2026-06-02T01:00:00+07:00,tue,night,55.24377043921041,4.808029251412598,55,8,1.663883387907759,ok,,google,0.5091542605609859,0.9955873678195327,0.9911942069618255,,True,observed_google
5344074301_3445438455_0,5344074301,3445438455,0,tue_07,2026-06-02T07:00:00+07:00,2026-06-02T07:00:00+07:00,tue,am,55.24377043921041,4.808029251412598,55,9,1.871868811396229,ok,,google,0.6269372962173694,0.9955873678195327,0.9911942069618255,,True,observed_google
5344074301_3445438455_0,5344074301,3445438455,0,tue_17,2026-06-02T17:00:00+07:00,2026-06-02T17:00:00+07:00,tue,pm,55.24377043921041,4.808029251412598,55,12,2.4958250818616388,ok,,google,0.9146193686691503,0.9955873678195327,0.9911942069618255,,True,observed_google
5344074301_3445438455_0,5344074301,3445438455,0,wed_01,2026-06-03T01:00:00+07:00,2026-06-03T01:00:00+07:00,wed,night,55.24377043921041,4.808029251412598,55,7,1.455897964419289,ok,,google,0.3756228679364633,0.9955873678195327,0.9911942069618255,,True,observed_google
5344074301_3445438455_0,5344074301,3445438455,0,wed_07,2026-06-03T07:00:00+07:00,2026-06-03T07:00:00+07:00,wed,am,55.24377043921041,4.808029251412598,55,9,1.871868811396229,ok,,google,0.6269372962173694,0.9955873678195327,0.9911942069618255,,True,observed_google
5344074301_3445438455_0,5344074301,3445438455,0,wed_17,2026-06-03T17:00:00+07:00,2026-06-03T17:00:00+07:00,wed,pm,55.24377043921041,4.808029251412598,55,13,2.7038105053501087,ok,,google,0.9946620763426868,0.9955873678195327,0.9911942069618255,,True,observed_google
5344074301_3445438455_0,5344074301,3445438455,0,thu_01,2026-06-04T01:00:00+07:00,2026-06-04T01:00:00+07:00,thu,night,55.24377043921041,4.808029251412598,55,7,1.455897964419289,ok,,google,0.3756228679364633,0.9955873678195327,0.9911942069618255,,True,observed_google
5344074301_3445438455_0,5344074301,3445438455,0,thu_07,2026-06-04T07:00:00+07:00,2026-06-04T07:00:00+07:00,thu,am,55.24377043921041,4.808029251412598,55,9,1.871868811396229,ok,,google,0.6269372962173694,0.9955873678195327,0.9911942069618255,,True,observed_google
5344074301_3445438455_0,5344074301,3445438455,0,thu_17,2026-06-04T17:00:00+07:00,2026-06-04T17:00:00+07:00,thu,pm,55.24377043921041,4.808029251412598,55,12,2.4958250818616388,ok,,google,0.9146193686691503,0.9955873678195327,0.9911942069618255,,True,observed_google
5344074301_3445438455_0,5344074301,3445438455,0,fri_01,2026-06-05T01:00:00+07:00,2026-06-05T01:00:00+07:00,fri,night,55.24377043921041,4.808029251412598,55,8,1.663883387907759,ok,,google,0.5091542605609859,0.9955873678195327,0.9911942069618255,,True,observed_google
5344074301_3445438455_0,5344074301,3445438455,0,fri_07,2026-06-05T07:00:00+07:00,2026-06-05T07:00:00+07:00,fri,am,55.24377043921041,4.808029251412598,55,8,1.663883387907759,ok,,google,0.5091542605609859,0.9955873678195327,0.9911942069618255,,True,observed_google
5344074301_3445438455_0,5344074301,3445438455,0,fri_17,2026-06-05T17:00:00+07:00,2026-06-05T17:00:00+07:00,fri,pm,55.24377043921041,4.808029251412598,55,13,2.7038105053501087,ok,,google,0.9946620763426868,0.9955873678195327,0.9911942069618255,,True,observed_google
5344074301_3445438455_0,5344074301,3445438455,0,sat_01,2026-06-06T01:00:00+07:00,2026-06-06T01:00:00+07:00,sat,night,55.24377043921041,4.808029251412598,55,8,1.663883387907759,ok,,google,0.5091542605609859,0.9955873678195327,0.9911942069618255,,True,observed_google
5344074301_3445438455_0,5344074301,3445438455,0,sat_07,2026-06-06T07:00:00+07:00,2026-06-06T07:00:00+07:00,sat,am,55.24377043921041,4.808029251412598,55,7,1.455897964419289,ok,,google,0.3756228679364633,0.9955873678195327,0.9911942069618255,,True,observed_google
5344074301_3445438455_0,5344074301,3445438455,0,sat_17,2026-06-06T17:00:00+07:00,2026-06-06T17:00:00+07:00,sat,pm,55.24377043921041,4.808029251412598,55,13,2.7038105053501087,ok,,google,0.9946620763426868,0.9955873678195327,0.9911942069618255,,True,observed_google
5344074301_3445438455_0,5344074301,3445438455,0,sun_01,2026-06-07T01:00:00+07:00,2026-06-07T01:00:00+07:00,sun,night,55.24377043921041,4.808029251412598,55,7,1.455897964419289,ok,,google,0.3756228679364633,0.9955873678195327,0.9911942069618255,,True,observed_google
5344074301_3445438455_0,5344074301,3445438455,0,sun_07,2026-06-07T07:00:00+07:00,2026-06-07T07:00:00+07:00,sun,am,55.24377043921041,4.808029251412598,55,7,1.455897964419289,ok,,google,0.3756228679364633,0.9955873678195327,0.9911942069618255,,True,observed_google
5344074301_3445438455_0,5344074301,3445438455,0,sun_17,2026-06-07T17:00:00+07:00,2026-06-07T17:00:00+07:00,sun,pm,55.24377043921041,4.808029251412598,55,11,2.287839658373169,ok,,google,0.8276079916795206,0.9955873678195327,0.9911942069618255,,True,observed_google
1665251112_3249461526_0,1665251112,3249461526,0,mon_01,2026-06-01T01:00:00+07:00,2026-06-08T01:00:00+07:00,mon,night,137.44947768872902,11.962635860381688,136,19,1.588278722327821,ok,,google,0.4626508652621685,0.9894544692849868,0.979020146788035,,True,observed_google
1665251112_3249461526_0,1665251112,3249461526,0,mon_07,2026-06-01T07:00:00+07:00,2026-06-01T07:00:00+07:00,mon,am,137.44947768872902,11.962635860381688,136,108,9.028110632179192,ok,,google,2.200343113219948,0.9894544692849868,0.979020146788035,,True,observed_google
1665251112_3249461526_0,1665251112,3249461526,0,mon_17,2026-06-01T17:00:00+07:00,2026-06-01T17:00:00+07:00,mon,pm,137.44947768872902,11.962635860381688,136,34,2.842182976797153,ok,,google,1.0445724107118892,0.9894544692849868,0.979020146788035,,True,observed_google
1665251112_3249461526_0,1665251112,3249461526,0,tue_01,2026-06-02T01:00:00+07:00,2026-06-02T01:00:00+07:00,tue,night,137.44947768872902,11.962635860381688,136,18,1.5046851053631989,ok,,google,0.40858364399189256,0.9894544692849868,0.979020146788035,,True,observed_google
1665251112_3249461526_0,1665251112,3249461526,0,tue_07,2026-06-02T07:00:00+07:00,2026-06-02T07:00:00+07:00,tue,am,137.44947768872902,11.962635860381688,136,52,4.346868082160352,ok,,google,1.4694556046771554,0.9894544692849868,0.979020146788035,,True,observed_google
1665251112_3249461526_0,1665251112,3249461526,0,tue_17,2026-06-02T17:00:00+07:00,2026-06-02T17:00:00+07:00,tue,pm,137.44947768872902,11.962635860381688,136,31,2.591402125903287,ok,,google,0.9521990905808743,0.9894544692849868,0.979020146788035,,True,observed_google
1665251112_3249461526_0,1665251112,3249461526,0,wed_01,2026-06-03T01:00:00+07:00,2026-06-03T01:00:00+07:00,wed,night,137.44947768872902,11.962635860381688,136,18,1.5046851053631989,ok,,google,0.40858364399189256,0.9894544692849868,0.979020146788035,,True,observed_google
1665251112_3249461526_0,1665251112,3249461526,0,wed_07,2026-06-03T07:00:00+07:00,2026-06-03T07:00:00+07:00,wed,am,137.44947768872902,11.962635860381688,136,52,4.346868082160352,ok,,google,1.4694556046771554,0.9894544692849868,0.979020146788035,,True,observed_google
1665251112_3249461526_0,1665251112,3249461526,0,wed_17,2026-06-03T17:00:00+07:00,2026-06-03T17:00:00+07:00,wed,pm,137.44947768872902,11.962635860381688,136,31,2.591402125903287,ok,,google,0.9521990905808743,0.9894544692849868,0.979020146788035,,True,observed_google
1665251112_3249461526_0,1665251112,3249461526,0,thu_01,2026-06-04T01:00:00+07:00,2026-06-04T01:00:00+07:00,thu,night,137.44947768872902,11.962635860381688,136,19,1.588278722327821,ok,,google,0.4626508652621685,0.9894544692849868,0.979020146788035,,True,observed_google
1665251112_3249461526_0,1665251112,3249461526,0,thu_07,2026-06-04T07:00:00+07:00,2026-06-04T07:00:00+07:00,thu,am,137.44947768872902,11.962635860381688,136,52,4.346868082160352,ok,,google,1.4694556046771554,0.9894544692849868,0.979020146788035,,True,observed_google
1665251112_3249461526_0,1665251112,3249461526,0,thu_17,2026-06-04T17:00:00+07:00,2026-06-04T17:00:00+07:00,thu,pm,137.44947768872902,11.962635860381688,136,36,3.0093702107263973,ok,,google,1.1017308245518378,0.9894544692849868,0.979020146788035,,True,observed_google
1665251112_3249461526_0,1665251112,3249461526,0,fri_01,2026-06-05T01:00:00+07:00,2026-06-05T01:00:00+07:00,fri,night,137.44947768872902,11.962635860381688,136,19,1.588278722327821,ok,,google,0.4626508652621685,0.9894544692849868,0.979020146788035,,True,observed_google
1665251112_3249461526_0,1665251112,3249461526,0,fri_07,2026-06-05T07:00:00+07:00,2026-06-05T07:00:00+07:00,fri,am,137.44947768872902,11.962635860381688,136,51,4.26327446519573,ok,,google,1.4500375188200538,0.9894544692849868,0.979020146788035,,True,observed_google
1665251112_3249461526_0,1665251112,3249461526,0,fri_17,2026-06-05T17:00:00+07:00,2026-06-05T17:00:00+07:00,fri,pm,137.44947768872902,11.962635860381688,136,31,2.591402125903287,ok,,google,0.9521990905808743,0.9894544692849868,0.979020146788035,,True,observed_google
1665251112_3249461526_0,1665251112,3249461526,0,sat_01,2026-06-06T01:00:00+07:00,2026-06-06T01:00:00+07:00,sat,night,137.44947768872902,11.962635860381688,136,19,1.588278722327821,ok,,google,0.4626508652621685,0.9894544692849868,0.979020146788035,,True,observed_google
1665251112_3249461526_0,1665251112,3249461526,0,sat_07,2026-06-06T07:00:00+07:00,2026-06-06T07:00:00+07:00,sat,am,137.44947768872902,11.962635860381688,136,56,4.68124255001884,ok,,google,1.543563576830877,0.9894544692849868,0.979020146788035,,True,observed_google
1665251112_3249461526_0,1665251112,3249461526,0,sat_17,2026-06-06T17:00:00+07:00,2026-06-06T17:00:00+07:00,sat,pm,137.44947768872902,11.962635860381688,136,42,3.5109319125141303,ok,,google,1.2558815043790963,0.9894544692849868,0.979020146788035,,True,observed_google
1665251112_3249461526_0,1665251112,3249461526,0,sun_01,2026-06-07T01:00:00+07:00,2026-06-07T01:00:00+07:00,sun,night,137.44947768872902,11.962635860381688,136,20,1.671872339292443,ok,,google,0.513944159649719,0.9894544692849868,0.979020146788035,,True,observed_google
1665251112_3249461526_0,1665251112,3249461526,0,sun_07,2026-06-07T07:00:00+07:00,2026-06-07T07:00:00+07:00,sun,am,137.44947768872902,11.962635860381688,136,59,4.932023400912707,ok,,google,1.5957493300014474,0.9894544692849868,0.979020146788035,,True,observed_google
1665251112_3249461526_0,1665251112,3249461526,0,sun_17,2026-06-07T17:00:00+07:00,2026-06-07T17:00:00+07:00,sun,pm,137.44947768872902,11.962635860381688,136,31,2.591402125903287,ok,,google,0.9521990905808743,0.9894544692849868,0.979020146788035,,True,observed_google
6583477353_3115552767_0,6583477353,3115552767,0,mon_01,2026-06-01T01:00:00+07:00,2026-06-08T01:00:00+07:00,mon,night,359.60483340454283,31.297475610593175,361,53,1.6934273121395522,ok,,google,0.5267544706772632,1.0038797214771795,0.9922854812954858,,True,observed_google
6583477353_3115552767_0,6583477353,3115552767,0,mon_07,2026-06-01T07:00:00+07:00,2026-06-01T07:00:00+07:00,mon,am,359.60483340454283,31.297475610593175,361,86,2.747825449886821,ok,,google,1.0108098533786491,1.0038797214771795,0.9922854812954858,,True,observed_google
6583477353_3115552767_0,6583477353,3115552767,0,mon_17,2026-06-01T17:00:00+07:00,2026-06-01T17:00:00+07:00,mon,pm,359.60483340454283,31.297475610593175,361,96,3.0673400370829627,ok,,google,1.1208107485929777,1.0038797214771795,0.9922854812954858,,True,observed_google
6583477353_3115552767_0,6583477353,3115552767,0,tue_01,2026-06-02T01:00:00+07:00,2026-06-02T01:00:00+07:00,tue,night,359.60483340454283,31.297475610593175,361,59,1.8851360644572372,ok,,google,0.6340000010308608,1.0038797214771795,0.9922854812954858,,True,observed_google
6583477353_3115552767_0,6583477353,3115552767,0,tue_07,2026-06-02T07:00:00+07:00,2026-06-02T07:00:00+07:00,tue,am,359.60483340454283,31.297475610593175,361,65,2.0768448167749227,ok,,google,0.7308498270207785,1.0038797214771795,0.9922854812954858,,True,observed_google
6583477353_3115552767_0,6583477353,3115552767,0,tue_17,2026-06-02T17:00:00+07:00,2026-06-02T17:00:00+07:00,tue,pm,359.60483340454283,31.297475610593175,361,88,2.811728367326049,ok,,google,1.033799371603348,1.0038797214771795,0.9922854812954858,,True,observed_google
6583477353_3115552767_0,6583477353,3115552767,0,wed_01,2026-06-03T01:00:00+07:00,2026-06-03T01:00:00+07:00,wed,night,359.60483340454283,31.297475610593175,361,54,1.7253787708591666,ok,,google,0.5454466036894159,1.0038797214771795,0.9922854812954858,,True,observed_google
6583477353_3115552767_0,6583477353,3115552767,0,wed_07,2026-06-03T07:00:00+07:00,2026-06-03T07:00:00+07:00,wed,am,359.60483340454283,31.297475610593175,361,67,2.140747734214151,ok,,google,0.7611551765161075,1.0038797214771795,0.9922854812954858,,True,observed_google
6583477353_3115552767_0,6583477353,3115552767,0,wed_17,2026-06-03T17:00:00+07:00,2026-06-03T17:00:00+07:00,wed,pm,359.60483340454283,31.297475610593175,361,102,3.259048789400648,ok,,google,1.1814353704094125,1.0038797214771795,0.9922854812954858,,True,observed_google
6583477353_3115552767_0,6583477353,3115552767,0,thu_01,2026-06-04T01:00:00+07:00,2026-06-04T01:00:00+07:00,thu,night,359.60483340454283,31.297475610593175,361,52,1.661475853419938,ok,,google,0.5077062757065688,1.0038797214771795,0.9922854812954858,,True,observed_google
6583477353_3115552767_0,6583477353,3115552767,0,thu_07,2026-06-04T07:00:00+07:00,2026-06-04T07:00:00+07:00,thu,am,359.60483340454283,31.297475610593175,361,66,2.108796275494537,ok,,google,0.7461172991515671,1.0038797214771795,0.9922854812954858,,True,observed_google
6583477353_3115552767_0,6583477353,3115552767,0,thu_17,2026-06-04T17:00:00+07:00,2026-06-04T17:00:00+07:00,thu,pm,359.60483340454283,31.297475610593175,361,94,3.0034371196437344,ok,,google,1.0997573393951454,1.0038797214771795,0.9922854812954858,,True,observed_google
6583477353_3115552767_0,6583477353,3115552767,0,fri_01,2026-06-05T01:00:00+07:00,2026-06-05T01:00:00+07:00,fri,night,359.60483340454283,31.297475610593175,361,61,1.949038981896466,ok,,google,0.6673364212984527,1.0038797214771795,0.9922854812954858,,True,observed_google
6583477353_3115552767_0,6583477353,3115552767,0,fri_07,2026-06-05T07:00:00+07:00,2026-06-05T07:00:00+07:00,fri,am,359.60483340454283,31.297475610593175,361,67,2.140747734214151,ok,,google,0.7611551765161075,1.0038797214771795,0.9922854812954858,,True,observed_google
6583477353_3115552767_0,6583477353,3115552767,0,fri_17,2026-06-05T17:00:00+07:00,2026-06-05T17:00:00+07:00,fri,pm,359.60483340454283,31.297475610593175,361,99,3.163194413241805,ok,,google,1.1515824072597314,1.0038797214771795,0.9922854812954858,,True,observed_google
6583477353_3115552767_0,6583477353,3115552767,0,sat_01,2026-06-06T01:00:00+07:00,2026-06-06T01:00:00+07:00,sat,night,359.60483340454283,31.297475610593175,361,55,1.7573302295787807,ok,,google,0.5637957423576123,1.0038797214771795,0.9922854812954858,,True,observed_google
6583477353_3115552767_0,6583477353,3115552767,0,sat_07,2026-06-06T07:00:00+07:00,2026-06-06T07:00:00+07:00,sat,am,359.60483340454283,31.297475610593175,361,63,2.0129418993356945,ok,,google,0.699597283516674,1.0038797214771795,0.9922854812954858,,True,observed_google
6583477353_3115552767_0,6583477353,3115552767,0,sat_17,2026-06-06T17:00:00+07:00,2026-06-06T17:00:00+07:00,sat,pm,359.60483340454283,31.297475610593175,361,83,2.651971073727978,ok,,google,0.9753031649217394,1.0038797214771795,0.9922854812954858,,True,observed_google
6583477353_3115552767_0,6583477353,3115552767,0,sun_01,2026-06-07T01:00:00+07:00,2026-06-07T01:00:00+07:00,sun,night,359.60483340454283,31.297475610593175,361,54,1.7253787708591666,ok,,google,0.5454466036894159,1.0038797214771795,0.9922854812954858,,True,observed_google
6583477353_3115552767_0,6583477353,3115552767,0,sun_07,2026-06-07T07:00:00+07:00,2026-06-07T07:00:00+07:00,sun,am,359.60483340454283,31.297475610593175,361,60,1.917087523176852,ok,,google,0.6508071193472421,1.0038797214771795,0.9922854812954858,,True,observed_google
6583477353_3115552767_0,6583477353,3115552767,0,sun_17,2026-06-07T17:00:00+07:00,2026-06-07T17:00:00+07:00,sun,pm,359.60483340454283,31.297475610593175,361,69,2.2046506516533797,ok,,google,0.7905690617224008,1.0038797214771795,0.9922854812954858,,True,observed_google
