edge_id,u,v,key,timestamp_label,timestamp_iso,query_timestamp_iso,day_name,period,osm_length_m,osm_time_s,google_distance_m,google_time_s,multiplier,status,notes,source
7509933977_2317306668_0,7509933977,2317306668,0,mon_01,2026-06-01T01:00:00+07:00,2026-06-08T01:00:00+07:00,mon,night,231.87097871402514,40.427550622379,448,100,2.4735606896907623,ok,,google
7509933977_2317306668_0,7509933977,2317306668,0,mon_07,2026-06-01T07:00:00+07:00,2026-06-01T07:00:00+07:00,mon,am,231.87097871402514,40.427550622379,448,98,2.4240894758969467,ok,,google
7509933977_2317306668_0,7509933977,2317306668,0,mon_17,2026-06-01T17:00:00+07:00,2026-06-01T17:00:00+07:00,mon,pm,231.87097871402514,40.427550622379,448,102,2.5230319034845774,ok,,google
7509933977_2317306668_0,7509933977,2317306668,0,tue_01,2026-06-02T01:00:00+07:00,2026-06-02T01:00:00+07:00,tue,night,231.87097871402514,40.427550622379,448,100,2.4735606896907623,ok,,google
7509933977_2317306668_0,7509933977,2317306668,0,tue_07,2026-06-02T07:00:00+07:00,2026-06-02T07:00:00+07:00,tue,am,231.87097871402514,40.427550622379,448,102,2.5230319034845774,ok,,google
7509933977_2317306668_0,7509933977,2317306668,0,tue_17,2026-06-02T17:00:00+07:00,2026-06-02T17:00:00+07:00,tue,pm,231.87097871402514,40.427550622379,448,104,2.5725031172783925,ok,,google
7509933977_2317306668_0,7509933977,2317306668,0,wed_01,2026-06-03T01:00:00+07:00,2026-06-03T01:00:00+07:00,wed,night,231.87097871402514,40.427550622379,448,100,2.4735606896907623,ok,,google
7509933977_2317306668_0,7509933977,2317306668,0,wed_07,2026-06-03T07:00:00+07:00,2026-06-03T07:00:00+07:00,wed,am,231.87097871402514,40.427550622379,335,100,2.4735606896907623,ok,,google
7509933977_2317306668_0,7509933977,2317306668,0,wed_17,2026-06-03T17:00:00+07:00,2026-06-03T17:00:00+07:00,wed,pm,231.87097871402514,40.427550622379,448,103,2.547767510381485,ok,,google
7509933977_2317306668_0,7509933977,2317306668,0,thu_01,2026-06-04T01:00:00+07:00,2026-06-04T01:00:00+07:00,thu,night,231.87097871402514,40.427550622379,448,100,2.4735606896907623,ok,,google
7509933977_2317306668_0,7509933977,2317306668,0,thu_07,2026-06-04T07:00:00+07:00,2026-06-04T07:00:00+07:00,thu,am,231.87097871402514,40.427550622379,448,103,2.547767510381485,ok,,google
7509933977_2317306668_0,7509933977,2317306668,0,thu_17,2026-06-04T17:00:00+07:00,2026-06-04T17:00:00+07:00,thu,pm,231.87097871402514,40.427550622379,448,103,2.547767510381485,ok,,google
7509933977_2317306668_0,7509933977,2317306668,0,fri_01,2026-06-05T01:00:00+07:00,2026-06-05T01:00:00+07:00,fri,night,231.87097871402514,40.427550622379,448,100,2.4735606896907623,ok,,google
7509933977_2317306668_0,7509933977,2317306668,0,fri_07,2026-06-05T07:00:00+07:00,2026-06-05T07:00:00+07:00,fri,am,231.87097871402514,40.427550622379,335,102,2.5230319034845774,ok,,google
7509933977_2317306668_0,7509933977,2317306668,0,fri_17,2026-06-05T17:00:00+07:00,2026-06-05T17:00:00+07:00,fri,pm,231.87097871402514,40.427550622379,448,104,2.5725031172783925,ok,,google
7509933977_2317306668_0,7509933977,2317306668,0,sat_01,2026-06-06T01:00:00+07:00,2026-06-06T01:00:00+07:00,sat,night,231.87097871402514,40.427550622379,448,100,2.4735606896907623,ok,,google
7509933977_2317306668_0,7509933977,2317306668,0,sat_07,2026-06-06T07:00:00+07:00,2026-06-06T07:00:00+07:00,sat,am,231.87097871402514,40.427550622379,448,100,2.4735606896907623,ok,,google
7509933977_2317306668_0,7509933977,2317306668,0,sat_17,2026-06-06T17:00:00+07:00,2026-06-06T17:00:00+07:00,sat,pm,231.87097871402514,40.427550622379,448,102,2.5230319034845774,ok,,google
7509933977_2317306668_0,7509933977,2317306668,0,sun_01,2026-06-07T01:00:00+07:00,2026-06-07T01:00:00+07:00,sun,night,231.87097871402514,40.427550622379,448,100,2.4735606896907623,ok,,google
7509933977_2317306668_0,7509933977,2317306668,0,sun_07,2026-06-07T07:00:00+07:00,2026-06-07T07:00:00+07:00,sun,am,231.87097871402514,40.427550622379,448,101,2.49829629658767,ok,,google
7509933977_2317306668_0,7509933977,2317306668,0,sun_17,2026-06-07T17:00:00+07:00,2026-06-07T17:00:00+07:00,sun,pm,231.87097871402514,40.427550622379,448,102,2.5230319034845774,ok,,google
1438388885_1667734212_0,1438388885,1667734212,0,mon_01,2026-06-01T01:00:00+07:00,2026-06-08T01:00:00+07:00,mon,night,197.1583938678922,34.37528488009539,195,52,1.5127147362234659,ok,,google
1438388885_1667734212_0,1438388885,1667734212,0,mon_07,2026-06-01T07:00:00+07:00,2026-06-01T07:00:00+07:00,mon,am,197.1583938678922,34.37528488009539,195,41,1.1927173881761943,ok,,google
1438388885_1667734212_0,1438388885,1667734212,0,mon_17,2026-06-01T17:00:00+07:00,2026-06-01T17:00:00+07:00,mon,pm,197.1583938678922,34.37528488009539,195,50,1.454533400214871,ok,,google
1438388885_1667734212_0,1438388885,1667734212,0,tue_01,2026-06-02T01:00:00+07:00,2026-06-02T01:00:00+07:00,tue,night,197.1583938678922,34.37528488009539,195,37,1.0763547161590046,ok,,google
1438388885_1667734212_0,1438388885,1667734212,0,tue_07,2026-06-02T07:00:00+07:00,2026-06-02T07:00:00+07:00,tue,am,197.1583938678922,34.37528488009539,195,46,1.3381707281976813,ok,,google
1438388885_1667734212_0,1438388885,1667734212,0,tue_17,2026-06-02T17:00:00+07:00,2026-06-02T17:00:00+07:00,tue,pm,197.1583938678922,34.37528488009539,195,53,1.5418054042277634,ok,,google
1438388885_1667734212_0,1438388885,1667734212,0,wed_01,2026-06-03T01:00:00+07:00,2026-06-03T01:00:00+07:00,wed,night,197.1583938678922,34.37528488009539,195,51,1.4836240682191686,ok,,google
1438388885_1667734212_0,1438388885,1667734212,0,wed_07,2026-06-03T07:00:00+07:00,2026-06-03T07:00:00+07:00,wed,am,197.1583938678922,34.37528488009539,195,46,1.3381707281976813,ok,,google
1438388885_1667734212_0,1438388885,1667734212,0,wed_17,2026-06-03T17:00:00+07:00,2026-06-03T17:00:00+07:00,wed,pm,197.1583938678922,34.37528488009539,195,50,1.454533400214871,ok,,google
1438388885_1667734212_0,1438388885,1667734212,0,thu_01,2026-06-04T01:00:00+07:00,2026-06-04T01:00:00+07:00,thu,night,197.1583938678922,34.37528488009539,195,45,1.309080060193384,ok,,google
1438388885_1667734212_0,1438388885,1667734212,0,thu_07,2026-06-04T07:00:00+07:00,2026-06-04T07:00:00+07:00,thu,am,197.1583938678922,34.37528488009539,195,46,1.3381707281976813,ok,,google
1438388885_1667734212_0,1438388885,1667734212,0,thu_17,2026-06-04T17:00:00+07:00,2026-06-04T17:00:00+07:00,thu,pm,197.1583938678922,34.37528488009539,195,53,1.5418054042277634,ok,,google
1438388885_1667734212_0,1438388885,1667734212,0,fri_01,2026-06-05T01:00:00+07:00,2026-06-05T01:00:00+07:00,fri,night,197.1583938678922,34.37528488009539,195,49,1.4254427322105736,ok,,google
1438388885_1667734212_0,1438388885,1667734212,0,fri_07,2026-06-05T07:00:00+07:00,2026-06-05T07:00:00+07:00,fri,am,197.1583938678922,34.37528488009539,195,43,1.250898724184789,ok,,google
1438388885_1667734212_0,1438388885,1667734212,0,fri_17,2026-06-05T17:00:00+07:00,2026-06-05T17:00:00+07:00,fri,pm,197.1583938678922,34.37528488009539,195,46,1.3381707281976813,ok,,google
1438388885_1667734212_0,1438388885,1667734212,0,sat_01,2026-06-06T01:00:00+07:00,2026-06-06T01:00:00+07:00,sat,night,197.1583938678922,34.37528488009539,195,40,1.1636267201718968,ok,,google
1438388885_1667734212_0,1438388885,1667734212,0,sat_07,2026-06-06T07:00:00+07:00,2026-06-06T07:00:00+07:00,sat,am,197.1583938678922,34.37528488009539,195,45,1.309080060193384,ok,,google
1438388885_1667734212_0,1438388885,1667734212,0,sat_17,2026-06-06T17:00:00+07:00,2026-06-06T17:00:00+07:00,sat,pm,197.1583938678922,34.37528488009539,195,49,1.4254427322105736,ok,,google
1438388885_1667734212_0,1438388885,1667734212,0,sun_01,2026-06-07T01:00:00+07:00,2026-06-07T01:00:00+07:00,sun,night,197.1583938678922,34.37528488009539,195,46,1.3381707281976813,ok,,google
1438388885_1667734212_0,1438388885,1667734212,0,sun_07,2026-06-07T07:00:00+07:00,2026-06-07T07:00:00+07:00,sun,am,197.1583938678922,34.37528488009539,195,46,1.3381707281976813,ok,,google
1438388885_1667734212_0,1438388885,1667734212,0,sun_17,2026-06-07T17:00:00+07:00,2026-06-07T17:00:00+07:00,sun,pm,197.1583938678922,34.37528488009539,195,50,1.454533400214871,ok,,google
4161973266_4161973280_0,4161973266,4161973280,0,mon_01,2026-06-01T01:00:00+07:00,2026-06-08T01:00:00+07:00,mon,night,90.62113968260533,15.800126140385359,91,21,1.329103313063032,ok,,google
4161973266_4161973280_0,4161973266,4161973280,0,mon_07,2026-06-01T07:00:00+07:00,2026-06-01T07:00:00+07:00,mon,am,90.62113968260533,15.800126140385359,91,24,1.5189752149291795,ok,,google
4161973266_4161973280_0,4161973266,4161973280,0,mon_17,2026-06-01T17:00:00+07:00,2026-06-01T17:00:00+07:00,mon,pm,90.62113968260533,15.800126140385359,91,25,1.582265848884562,ok,,google
4161973266_4161973280_0,4161973266,4161973280,0,tue_01,2026-06-02T01:00:00+07:00,2026-06-02T01:00:00+07:00,tue,night,90.62113968260533,15.800126140385359,91,21,1.329103313063032,ok,,google
4161973266_4161973280_0,4161973266,4161973280,0,tue_07,2026-06-02T07:00:00+07:00,2026-06-02T07:00:00+07:00,tue,am,90.62113968260533,15.800126140385359,91,20,1.2658126791076496,ok,,google
4161973266_4161973280_0,4161973266,4161973280,0,tue_17,2026-06-02T17:00:00+07:00,2026-06-02T17:00:00+07:00,tue,pm,90.62113968260533,15.800126140385359,91,29,1.8354283847060922,ok,,google
4161973266_4161973280_0,4161973266,4161973280,0,wed_01,2026-06-03T01:00:00+07:00,2026-06-03T01:00:00+07:00,wed,night,90.62113968260533,15.800126140385359,91,21,1.329103313063032,ok,,google
4161973266_4161973280_0,4161973266,4161973280,0,wed_07,2026-06-03T07:00:00+07:00,2026-06-03T07:00:00+07:00,wed,am,90.62113968260533,15.800126140385359,91,23,1.455684580973797,ok,,google
4161973266_4161973280_0,4161973266,4161973280,0,wed_17,2026-06-03T17:00:00+07:00,2026-06-03T17:00:00+07:00,wed,pm,90.62113968260533,15.800126140385359,91,21,1.329103313063032,ok,,google
4161973266_4161973280_0,4161973266,4161973280,0,thu_01,2026-06-04T01:00:00+07:00,2026-06-04T01:00:00+07:00,thu,night,90.62113968260533,15.800126140385359,91,21,1.329103313063032,ok,,google
4161973266_4161973280_0,4161973266,4161973280,0,thu_07,2026-06-04T07:00:00+07:00,2026-06-04T07:00:00+07:00,thu,am,90.62113968260533,15.800126140385359,91,21,1.329103313063032,ok,,google
4161973266_4161973280_0,4161973266,4161973280,0,thu_17,2026-06-04T17:00:00+07:00,2026-06-04T17:00:00+07:00,thu,pm,90.62113968260533,15.800126140385359,91,23,1.455684580973797,ok,,google
4161973266_4161973280_0,4161973266,4161973280,0,fri_01,2026-06-05T01:00:00+07:00,2026-06-05T01:00:00+07:00,fri,night,90.62113968260533,15.800126140385359,91,21,1.329103313063032,ok,,google
4161973266_4161973280_0,4161973266,4161973280,0,fri_07,2026-06-05T07:00:00+07:00,2026-06-05T07:00:00+07:00,fri,am,90.62113968260533,15.800126140385359,91,29,1.8354283847060922,ok,,google
4161973266_4161973280_0,4161973266,4161973280,0,fri_17,2026-06-05T17:00:00+07:00,2026-06-05T17:00:00+07:00,fri,pm,90.62113968260533,15.800126140385359,91,23,1.455684580973797,ok,,google
4161973266_4161973280_0,4161973266,4161973280,0,sat_01,2026-06-06T01:00:00+07:00,2026-06-06T01:00:00+07:00,sat,night,90.62113968260533,15.800126140385359,91,21,1.329103313063032,ok,,google
4161973266_4161973280_0,4161973266,4161973280,0,sat_07,2026-06-06T07:00:00+07:00,2026-06-06T07:00:00+07:00,sat,am,90.62113968260533,15.800126140385359,91,25,1.582265848884562,ok,,google
4161973266_4161973280_0,4161973266,4161973280,0,sat_17,2026-06-06T17:00:00+07:00,2026-06-06T17:00:00+07:00,sat,pm,90.62113968260533,15.800126140385359,91,25,1.582265848884562,ok,,google
4161973266_4161973280_0,4161973266,4161973280,0,sun_01,2026-06-07T01:00:00+07:00,2026-06-07T01:00:00+07:00,sun,night,90.62113968260533,15.800126140385359,91,21,1.329103313063032,ok,,google
4161973266_4161973280_0,4161973266,4161973280,0,sun_07,2026-06-07T07:00:00+07:00,2026-06-07T07:00:00+07:00,sun,am,90.62113968260533,15.800126140385359,91,20,1.2658126791076496,ok,,google
4161973266_4161973280_0,4161973266,4161973280,0,sun_17,2026-06-07T17:00:00+07:00,2026-06-07T17:00:00+07:00,sun,pm,90.62113968260533,15.800126140385359,91,21,1.329103313063032,ok,,google
5197936381_3443083768_0,5197936381,3443083768,0,mon_01,2026-06-01T01:00:00+07:00,2026-06-08T01:00:00+07:00,mon,night,56.53273375047726,9.85668826773556,59,20,2.029079083840675,ok,,google
5197936381_3443083768_0,5197936381,3443083768,0,mon_07,2026-06-01T07:00:00+07:00,2026-06-01T07:00:00+07:00,mon,am,56.53273375047726,9.85668826773556,59,19,1.9276251296486413,ok,,google
5197936381_3443083768_0,5197936381,3443083768,0,mon_17,2026-06-01T17:00:00+07:00,2026-06-01T17:00:00+07:00,mon,pm,56.53273375047726,9.85668826773556,59,25,2.5363488548008437,ok,,google
5197936381_3443083768_0,5197936381,3443083768,0,tue_01,2026-06-02T01:00:00+07:00,2026-06-02T01:00:00+07:00,tue,night,56.53273375047726,9.85668826773556,59,22,2.2319869922247424,ok,,google
5197936381_3443083768_0,5197936381,3443083768,0,tue_07,2026-06-02T07:00:00+07:00,2026-06-02T07:00:00+07:00,tue,am,56.53273375047726,9.85668826773556,59,23,2.333440946416776,ok,,google
5197936381_3443083768_0,5197936381,3443083768,0,tue_17,2026-06-02T17:00:00+07:00,2026-06-02T17:00:00+07:00,tue,pm,56.53273375047726,9.85668826773556,59,26,2.6378028089928773,ok,,google
5197936381_3443083768_0,5197936381,3443083768,0,wed_01,2026-06-03T01:00:00+07:00,2026-06-03T01:00:00+07:00,wed,night,56.53273375047726,9.85668826773556,59,19,1.9276251296486413,ok,,google
5197936381_3443083768_0,5197936381,3443083768,0,wed_07,2026-06-03T07:00:00+07:00,2026-06-03T07:00:00+07:00,wed,am,56.53273375047726,9.85668826773556,59,24,2.43489490060881,ok,,google
5197936381_3443083768_0,5197936381,3443083768,0,wed_17,2026-06-03T17:00:00+07:00,2026-06-03T17:00:00+07:00,wed,pm,56.53273375047726,9.85668826773556,59,24,2.43489490060881,ok,,google
5197936381_3443083768_0,5197936381,3443083768,0,thu_01,2026-06-04T01:00:00+07:00,2026-06-04T01:00:00+07:00,thu,night,56.53273375047726,9.85668826773556,59,22,2.2319869922247424,ok,,google
5197936381_3443083768_0,5197936381,3443083768,0,thu_07,2026-06-04T07:00:00+07:00,2026-06-04T07:00:00+07:00,thu,am,56.53273375047726,9.85668826773556,59,25,2.5363488548008437,ok,,google
5197936381_3443083768_0,5197936381,3443083768,0,thu_17,2026-06-04T17:00:00+07:00,2026-06-04T17:00:00+07:00,thu,pm,56.53273375047726,9.85668826773556,59,26,2.6378028089928773,ok,,google
5197936381_3443083768_0,5197936381,3443083768,0,fri_01,2026-06-05T01:00:00+07:00,2026-06-05T01:00:00+07:00,fri,night,56.53273375047726,9.85668826773556,59,22,2.2319869922247424,ok,,google
5197936381_3443083768_0,5197936381,3443083768,0,fri_07,2026-06-05T07:00:00+07:00,2026-06-05T07:00:00+07:00,fri,am,56.53273375047726,9.85668826773556,59,27,2.7392567631849114,ok,,google
5197936381_3443083768_0,5197936381,3443083768,0,fri_17,2026-06-05T17:00:00+07:00,2026-06-05T17:00:00+07:00,fri,pm,56.53273375047726,9.85668826773556,59,25,2.5363488548008437,ok,,google
5197936381_3443083768_0,5197936381,3443083768,0,sat_01,2026-06-06T01:00:00+07:00,2026-06-06T01:00:00+07:00,sat,night,56.53273375047726,9.85668826773556,59,22,2.2319869922247424,ok,,google
5197936381_3443083768_0,5197936381,3443083768,0,sat_07,2026-06-06T07:00:00+07:00,2026-06-06T07:00:00+07:00,sat,am,56.53273375047726,9.85668826773556,59,23,2.333440946416776,ok,,google
5197936381_3443083768_0,5197936381,3443083768,0,sat_17,2026-06-06T17:00:00+07:00,2026-06-06T17:00:00+07:00,sat,pm,56.53273375047726,9.85668826773556,59,26,2.6378028089928773,ok,,google
5197936381_3443083768_0,5197936381,3443083768,0,sun_01,2026-06-07T01:00:00+07:00,2026-06-07T01:00:00+07:00,sun,night,56.53273375047726,9.85668826773556,59,19,1.9276251296486413,ok,,google
5197936381_3443083768_0,5197936381,3443083768,0,sun_07,2026-06-07T07:00:00+07:00,2026-06-07T07:00:00+07:00,sun,am,56.53273375047726,9.85668826773556,59,25,2.5363488548008437,ok,,google
5197936381_3443083768_0,5197936381,3443083768,0,sun_17,2026-06-07T17:00:00+07:00,2026-06-07T17:00:00+07:00,sun,pm,56.53273375047726,9.85668826773556,59,23,2.333440946416776,ok,,google
29377272_5504550388_0,29377272,5504550388,0,mon_01,2026-06-01T01:00:00+07:00,2026-06-08T01:00:00+07:00,mon,night,161.09057961719463,28.086729949480265,1148,247,8.79418858814394,ok,,google
29377272_5504550388_0,29377272,5504550388,0,mon_07,2026-06-01T07:00:00+07:00,2026-06-01T07:00:00+07:00,mon,am,161.09057961719463,28.086729949480265,1148,254,9.043416604811988,ok,,google
29377272_5504550388_0,29377272,5504550388,0,mon_17,2026-06-01T17:00:00+07:00,2026-06-01T17:00:00+07:00,mon,pm,161.09057961719463,28.086729949480265,1148,267,9.506268635766933,ok,,google
29377272_5504550388_0,29377272,5504550388,0,tue_01,2026-06-02T01:00:00+07:00,2026-06-02T01:00:00+07:00,tue,night,161.09057961719463,28.086729949480265,1148,224,7.975296533377501,ok,,google
29377272_5504550388_0,29377272,5504550388,0,tue_07,2026-06-02T07:00:00+07:00,2026-06-02T07:00:00+07:00,tue,am,161.09057961719463,28.086729949480265,1148,236,8.402544561951297,ok,,google
29377272_5504550388_0,29377272,5504550388,0,tue_17,2026-06-02T17:00:00+07:00,2026-06-02T17:00:00+07:00,tue,pm,161.09057961719463,28.086729949480265,1148,270,9.613080642910381,ok,,google
29377272_5504550388_0,29377272,5504550388,0,wed_01,2026-06-03T01:00:00+07:00,2026-06-03T01:00:00+07:00,wed,night,161.09057961719463,28.086729949480265,1148,227,8.08210854052095,ok,,google
29377272_5504550388_0,29377272,5504550388,0,wed_07,2026-06-03T07:00:00+07:00,2026-06-03T07:00:00+07:00,wed,am,161.09057961719463,28.086729949480265,1148,246,8.758584585762792,ok,,google
29377272_5504550388_0,29377272,5504550388,0,wed_17,2026-06-03T17:00:00+07:00,2026-06-03T17:00:00+07:00,wed,pm,161.09057961719463,28.086729949480265,1148,258,9.185832614336586,ok,,google
29377272_5504550388_0,29377272,5504550388,0,thu_01,2026-06-04T01:00:00+07:00,2026-06-04T01:00:00+07:00,thu,night,161.09057961719463,28.086729949480265,1148,230,8.188920547664399,ok,,google
29377272_5504550388_0,29377272,5504550388,0,thu_07,2026-06-04T07:00:00+07:00,2026-06-04T07:00:00+07:00,thu,am,161.09057961719463,28.086729949480265,1148,251,8.93660459766854,ok,,google
29377272_5504550388_0,29377272,5504550388,0,thu_17,2026-06-04T17:00:00+07:00,2026-06-04T17:00:00+07:00,thu,pm,161.09057961719463,28.086729949480265,1148,275,9.791100654816129,ok,,google
29377272_5504550388_0,29377272,5504550388,0,fri_01,2026-06-05T01:00:00+07:00,2026-06-05T01:00:00+07:00,fri,night,161.09057961719463,28.086729949480265,1148,222,7.904088528615202,ok,,google
29377272_5504550388_0,29377272,5504550388,0,fri_07,2026-06-05T07:00:00+07:00,2026-06-05T07:00:00+07:00,fri,am,161.09057961719463,28.086729949480265,1148,242,8.616168576238193,ok,,google
29377272_5504550388_0,29377272,5504550388,0,fri_17,2026-06-05T17:00:00+07:00,2026-06-05T17:00:00+07:00,fri,pm,161.09057961719463,28.086729949480265,1148,262,9.328248623861185,ok,,google
29377272_5504550388_0,29377272,5504550388,0,sat_01,2026-06-06T01:00:00+07:00,2026-06-06T01:00:00+07:00,sat,night,161.09057961719463,28.086729949480265,1148,226,8.0465045381398,ok,,google
29377272_5504550388_0,29377272,5504550388,0,sat_07,2026-06-06T07:00:00+07:00,2026-06-06T07:00:00+07:00,sat,am,161.09057961719463,28.086729949480265,1148,239,8.509356569094745,ok,,google
29377272_5504550388_0,29377272,5504550388,0,sat_17,2026-06-06T17:00:00+07:00,2026-06-06T17:00:00+07:00,sat,pm,161.09057961719463,28.086729949480265,1148,254,9.043416604811988,ok,,google
29377272_5504550388_0,29377272,5504550388,0,sun_01,2026-06-07T01:00:00+07:00,2026-06-07T01:00:00+07:00,sun,night,161.09057961719463,28.086729949480265,1148,226,8.0465045381398,ok,,google
29377272_5504550388_0,29377272,5504550388,0,sun_07,2026-06-07T07:00:00+07:00,2026-06-07T07:00:00+07:00,sun,am,161.09057961719463,28.086729949480265,1148,257,9.150228611955436,ok,,google
29377272_5504550388_0,29377272,5504550388,0,sun_17,2026-06-07T17:00:00+07:00,2026-06-07T17:00:00+07:00,sun,pm,161.09057961719463,28.086729949480265,1148,248,8.829792590525091,ok,,google
25773222_1849960309_0,25773222,1849960309,0,mon_01,2026-06-01T01:00:00+07:00,2026-06-08T01:00:00+07:00,mon,night,50.68167472720019,8.8365347919968,47,11,1.2448318553515616,ok,,google
25773222_1849960309_0,25773222,1849960309,0,mon_07,2026-06-01T07:00:00+07:00,2026-06-01T07:00:00+07:00,mon,am,50.68167472720019,8.8365347919968,47,13,1.4711649199609362,ok,,google
25773222_1849960309_0,25773222,1849960309,0,mon_17,2026-06-01T17:00:00+07:00,2026-06-01T17:00:00+07:00,mon,pm,50.68167472720019,8.8365347919968,47,14,1.5843314522656238,ok,,google
25773222_1849960309_0,25773222,1849960309,0,tue_01,2026-06-02T01:00:00+07:00,2026-06-02T01:00:00+07:00,tue,night,50.68167472720019,8.8365347919968,47,11,1.2448318553515616,ok,,google
25773222_1849960309_0,25773222,1849960309,0,tue_07,2026-06-02T07:00:00+07:00,2026-06-02T07:00:00+07:00,tue,am,50.68167472720019,8.8365347919968,47,14,1.5843314522656238,ok,,google
25773222_1849960309_0,25773222,1849960309,0,tue_17,2026-06-02T17:00:00+07:00,2026-06-02T17:00:00+07:00,tue,pm,50.68167472720019,8.8365347919968,47,11,1.2448318553515616,ok,,google
25773222_1849960309_0,25773222,1849960309,0,wed_01,2026-06-03T01:00:00+07:00,2026-06-03T01:00:00+07:00,wed,night,50.68167472720019,8.8365347919968,47,3,0.33949959691406223,ok,,google
25773222_1849960309_0,25773222,1849960309,0,wed_07,2026-06-03T07:00:00+07:00,2026-06-03T07:00:00+07:00,wed,am,50.68167472720019,8.8365347919968,47,12,1.357998387656249,ok,,google
25773222_1849960309_0,25773222,1849960309,0,wed_17,2026-06-03T17:00:00+07:00,2026-06-03T17:00:00+07:00,wed,pm,50.68167472720019,8.8365347919968,47,13,1.4711649199609362,ok,,google
25773222_1849960309_0,25773222,1849960309,0,thu_01,2026-06-04T01:00:00+07:00,2026-06-04T01:00:00+07:00,thu,night,50.68167472720019,8.8365347919968,47,11,1.2448318553515616,ok,,google
25773222_1849960309_0,25773222,1849960309,0,thu_07,2026-06-04T07:00:00+07:00,2026-06-04T07:00:00+07:00,thu,am,50.68167472720019,8.8365347919968,47,14,1.5843314522656238,ok,,google
25773222_1849960309_0,25773222,1849960309,0,thu_17,2026-06-04T17:00:00+07:00,2026-06-04T17:00:00+07:00,thu,pm,50.68167472720019,8.8365347919968,47,13,1.4711649199609362,ok,,google
25773222_1849960309_0,25773222,1849960309,0,fri_01,2026-06-05T01:00:00+07:00,2026-06-05T01:00:00+07:00,fri,night,50.68167472720019,8.8365347919968,47,3,0.33949959691406223,ok,,google
25773222_1849960309_0,25773222,1849960309,0,fri_07,2026-06-05T07:00:00+07:00,2026-06-05T07:00:00+07:00,fri,am,50.68167472720019,8.8365347919968,47,12,1.357998387656249,ok,,google
25773222_1849960309_0,25773222,1849960309,0,fri_17,2026-06-05T17:00:00+07:00,2026-06-05T17:00:00+07:00,fri,pm,50.68167472720019,8.8365347919968,47,13,1.4711649199609362,ok,,google
25773222_1849960309_0,25773222,1849960309,0,sat_01,2026-06-06T01:00:00+07:00,2026-06-06T01:00:00+07:00,sat,night,50.68167472720019,8.8365347919968,47,11,1.2448318553515616,ok,,google
25773222_1849960309_0,25773222,1849960309,0,sat_07,2026-06-06T07:00:00+07:00,2026-06-06T07:00:00+07:00,sat,am,50.68167472720019,8.8365347919968,47,14,1.5843314522656238,ok,,google
25773222_1849960309_0,25773222,1849960309,0,sat_17,2026-06-06T17:00:00+07:00,2026-06-06T17:00:00+07:00,sat,pm,50.68167472720019,8.8365347919968,47,15,1.697497984570311,ok,,google
25773222_1849960309_0,25773222,1849960309,0,sun_01,2026-06-07T01:00:00+07:00,2026-06-07T01:00:00+07:00,sun,night,50.68167472720019,8.8365347919968,47,11,1.2448318553515616,ok,,google
25773222_1849960309_0,25773222,1849960309,0,sun_07,2026-06-07T07:00:00+07:00,2026-06-07T07:00:00+07:00,sun,am,50.68167472720019,8.8365347919968,47,14,1.5843314522656238,ok,,google
25773222_1849960309_0,25773222,1849960309,0,sun_17,2026-06-07T17:00:00+07:00,2026-06-07T17:00:00+07:00,sun,pm,50.68167472720019,8.8365347919968,47,16,1.8106645168749986,ok,,google
5353648414_5353648411_0,5353648414,5353648411,0,mon_01,2026-06-01T01:00:00+07:00,2026-06-08T01:00:00+07:00,mon,night,157.0759786809256,27.386769637586998,154,42,1.5335872231662204,ok,,google
5353648414_5353648411_0,5353648414,5353648411,0,mon_07,2026-06-01T07:00:00+07:00,2026-06-01T07:00:00+07:00,mon,am,157.0759786809256,27.386769637586998,154,42,1.5335872231662204,ok,,google
5353648414_5353648411_0,5353648414,5353648411,0,mon_17,2026-06-01T17:00:00+07:00,2026-06-01T17:00:00+07:00,mon,pm,157.0759786809256,27.386769637586998,154,42,1.5335872231662204,ok,,google
5353648414_5353648411_0,5353648414,5353648411,0,tue_01,2026-06-02T01:00:00+07:00,2026-06-02T01:00:00+07:00,tue,night,157.0759786809256,27.386769637586998,154,42,1.5335872231662204,ok,,google
5353648414_5353648411_0,5353648414,5353648411,0,tue_07,2026-06-02T07:00:00+07:00,2026-06-02T07:00:00+07:00,tue,am,157.0759786809256,27.386769637586998,154,42,1.5335872231662204,ok,,google
5353648414_5353648411_0,5353648414,5353648411,0,tue_17,2026-06-02T17:00:00+07:00,2026-06-02T17:00:00+07:00,tue,pm,157.0759786809256,27.386769637586998,154,42,1.5335872231662204,ok,,google
5353648414_5353648411_0,5353648414,5353648411,0,wed_01,2026-06-03T01:00:00+07:00,2026-06-03T01:00:00+07:00,wed,night,157.0759786809256,27.386769637586998,154,42,1.5335872231662204,ok,,google
5353648414_5353648411_0,5353648414,5353648411,0,wed_07,2026-06-03T07:00:00+07:00,2026-06-03T07:00:00+07:00,wed,am,157.0759786809256,27.386769637586998,154,42,1.5335872231662204,ok,,google
5353648414_5353648411_0,5353648414,5353648411,0,wed_17,2026-06-03T17:00:00+07:00,2026-06-03T17:00:00+07:00,wed,pm,157.0759786809256,27.386769637586998,154,42,1.5335872231662204,ok,,google
5353648414_5353648411_0,5353648414,5353648411,0,thu_01,2026-06-04T01:00:00+07:00,2026-06-04T01:00:00+07:00,thu,night,157.0759786809256,27.386769637586998,154,42,1.5335872231662204,ok,,google
5353648414_5353648411_0,5353648414,5353648411,0,thu_07,2026-06-04T07:00:00+07:00,2026-06-04T07:00:00+07:00,thu,am,157.0759786809256,27.386769637586998,154,42,1.5335872231662204,ok,,google
5353648414_5353648411_0,5353648414,5353648411,0,thu_17,2026-06-04T17:00:00+07:00,2026-06-04T17:00:00+07:00,thu,pm,157.0759786809256,27.386769637586998,154,42,1.5335872231662204,ok,,google
5353648414_5353648411_0,5353648414,5353648411,0,fri_01,2026-06-05T01:00:00+07:00,2026-06-05T01:00:00+07:00,fri,night,157.0759786809256,27.386769637586998,154,42,1.5335872231662204,ok,,google
5353648414_5353648411_0,5353648414,5353648411,0,fri_07,2026-06-05T07:00:00+07:00,2026-06-05T07:00:00+07:00,fri,am,157.0759786809256,27.386769637586998,154,42,1.5335872231662204,ok,,google
5353648414_5353648411_0,5353648414,5353648411,0,fri_17,2026-06-05T17:00:00+07:00,2026-06-05T17:00:00+07:00,fri,pm,157.0759786809256,27.386769637586998,154,42,1.5335872231662204,ok,,google
5353648414_5353648411_0,5353648414,5353648411,0,sat_01,2026-06-06T01:00:00+07:00,2026-06-06T01:00:00+07:00,sat,night,157.0759786809256,27.386769637586998,154,42,1.5335872231662204,ok,,google
5353648414_5353648411_0,5353648414,5353648411,0,sat_07,2026-06-06T07:00:00+07:00,2026-06-06T07:00:00+07:00,sat,am,157.0759786809256,27.386769637586998,154,42,1.5335872231662204,ok,,google
5353648414_5353648411_0,5353648414,5353648411,0,sat_17,2026-06-06T17:00:00+07:00,2026-06-06T17:00:00+07:00,sat,pm,157.0759786809256,27.386769637586998,154,42,1.5335872231662204,ok,,google
5353648414_5353648411_0,5353648414,5353648411,0,sun_01,2026-06-07T01:00:00+07:00,2026-06-07T01:00:00+07:00,sun,night,157.0759786809256,27.386769637586998,154,42,1.5335872231662204,ok,,google
5353648414_5353648411_0,5353648414,5353648411,0,sun_07,2026-06-07T07:00:00+07:00,2026-06-07T07:00:00+07:00,sun,am,157.0759786809256,27.386769637586998,154,42,1.5335872231662204,ok,,google
5353648414_5353648411_0,5353648414,5353648411,0,sun_17,2026-06-07T17:00:00+07:00,2026-06-07T17:00:00+07:00,sun,pm,157.0759786809256,27.386769637586998,154,42,1.5335872231662204,ok,,google
5463437276_5865368006_0,5463437276,5865368006,0,mon_01,2026-06-01T01:00:00+07:00,2026-06-08T01:00:00+07:00,mon,night,76.68267005357478,13.369903135974324,64,11,0.8227434326283457,ok,,google
5463437276_5865368006_0,5463437276,5865368006,0,mon_07,2026-06-01T07:00:00+07:00,2026-06-01T07:00:00+07:00,mon,am,76.68267005357478,13.369903135974324,64,11,0.8227434326283457,ok,,google
5463437276_5865368006_0,5463437276,5865368006,0,mon_17,2026-06-01T17:00:00+07:00,2026-06-01T17:00:00+07:00,mon,pm,76.68267005357478,13.369903135974324,64,11,0.8227434326283457,ok,,google
5463437276_5865368006_0,5463437276,5865368006,0,tue_01,2026-06-02T01:00:00+07:00,2026-06-02T01:00:00+07:00,tue,night,76.68267005357478,13.369903135974324,64,11,0.8227434326283457,ok,,google
5463437276_5865368006_0,5463437276,5865368006,0,tue_07,2026-06-02T07:00:00+07:00,2026-06-02T07:00:00+07:00,tue,am,76.68267005357478,13.369903135974324,64,11,0.8227434326283457,ok,,google
5463437276_5865368006_0,5463437276,5865368006,0,tue_17,2026-06-02T17:00:00+07:00,2026-06-02T17:00:00+07:00,tue,pm,76.68267005357478,13.369903135974324,64,11,0.8227434326283457,ok,,google
5463437276_5865368006_0,5463437276,5865368006,0,wed_01,2026-06-03T01:00:00+07:00,2026-06-03T01:00:00+07:00,wed,night,76.68267005357478,13.369903135974324,64,11,0.8227434326283457,ok,,google
5463437276_5865368006_0,5463437276,5865368006,0,wed_07,2026-06-03T07:00:00+07:00,2026-06-03T07:00:00+07:00,wed,am,76.68267005357478,13.369903135974324,64,11,0.8227434326283457,ok,,google
5463437276_5865368006_0,5463437276,5865368006,0,wed_17,2026-06-03T17:00:00+07:00,2026-06-03T17:00:00+07:00,wed,pm,76.68267005357478,13.369903135974324,64,11,0.8227434326283457,ok,,google
5463437276_5865368006_0,5463437276,5865368006,0,thu_01,2026-06-04T01:00:00+07:00,2026-06-04T01:00:00+07:00,thu,night,76.68267005357478,13.369903135974324,64,11,0.8227434326283457,ok,,google
5463437276_5865368006_0,5463437276,5865368006,0,thu_07,2026-06-04T07:00:00+07:00,2026-06-04T07:00:00+07:00,thu,am,76.68267005357478,13.369903135974324,64,11,0.8227434326283457,ok,,google
5463437276_5865368006_0,5463437276,5865368006,0,thu_17,2026-06-04T17:00:00+07:00,2026-06-04T17:00:00+07:00,thu,pm,76.68267005357478,13.369903135974324,64,11,0.8227434326283457,ok,,google
5463437276_5865368006_0,5463437276,5865368006,0,fri_01,2026-06-05T01:00:00+07:00,2026-06-05T01:00:00+07:00,fri,night,76.68267005357478,13.369903135974324,64,11,0.8227434326283457,ok,,google
5463437276_5865368006_0,5463437276,5865368006,0,fri_07,2026-06-05T07:00:00+07:00,2026-06-05T07:00:00+07:00,fri,am,76.68267005357478,13.369903135974324,64,11,0.8227434326283457,ok,,google
5463437276_5865368006_0,5463437276,5865368006,0,fri_17,2026-06-05T17:00:00+07:00,2026-06-05T17:00:00+07:00,fri,pm,76.68267005357478,13.369903135974324,64,11,0.8227434326283457,ok,,google
5463437276_5865368006_0,5463437276,5865368006,0,sat_01,2026-06-06T01:00:00+07:00,2026-06-06T01:00:00+07:00,sat,night,76.68267005357478,13.369903135974324,64,11,0.8227434326283457,ok,,google
5463437276_5865368006_0,5463437276,5865368006,0,sat_07,2026-06-06T07:00:00+07:00,2026-06-06T07:00:00+07:00,sat,am,76.68267005357478,13.369903135974324,64,11,0.8227434326283457,ok,,google
5463437276_5865368006_0,5463437276,5865368006,0,sat_17,2026-06-06T17:00:00+07:00,2026-06-06T17:00:00+07:00,sat,pm,76.68267005357478,13.369903135974324,64,11,0.8227434326283457,ok,,google
5463437276_5865368006_0,5463437276,5865368006,0,sun_01,2026-06-07T01:00:00+07:00,2026-06-07T01:00:00+07:00,sun,night,76.68267005357478,13.369903135974324,64,11,0.8227434326283457,ok,,google
5463437276_5865368006_0,5463437276,5865368006,0,sun_07,2026-06-07T07:00:00+07:00,2026-06-07T07:00:00+07:00,sun,am,76.68267005357478,13.369903135974324,64,11,0.8227434326283457,ok,,google
5463437276_5865368006_0,5463437276,5865368006,0,sun_17,2026-06-07T17:00:00+07:00,2026-06-07T17:00:00+07:00,sun,pm,76.68267005357478,13.369903135974324,64,11,0.8227434326283457,ok,,google
5472190068_5472190068_1,5472190068,5472190068,1,mon_01,2026-06-01T01:00:00+07:00,2026-06-08T01:00:00+07:00,mon,night,97.68314763027485,17.031412976639967,0,0,0.0,ok,,google
5472190068_5472190068_1,5472190068,5472190068,1,mon_07,2026-06-01T07:00:00+07:00,2026-06-01T07:00:00+07:00,mon,am,97.68314763027485,17.031412976639967,0,0,0.0,ok,,google
5472190068_5472190068_1,5472190068,5472190068,1,mon_17,2026-06-01T17:00:00+07:00,2026-06-01T17:00:00+07:00,mon,pm,97.68314763027485,17.031412976639967,0,0,0.0,ok,,google
5472190068_5472190068_1,5472190068,5472190068,1,tue_01,2026-06-02T01:00:00+07:00,2026-06-02T01:00:00+07:00,tue,night,97.68314763027485,17.031412976639967,0,0,0.0,ok,,google
5472190068_5472190068_1,5472190068,5472190068,1,tue_07,2026-06-02T07:00:00+07:00,2026-06-02T07:00:00+07:00,tue,am,97.68314763027485,17.031412976639967,0,0,0.0,ok,,google
5472190068_5472190068_1,5472190068,5472190068,1,tue_17,2026-06-02T17:00:00+07:00,2026-06-02T17:00:00+07:00,tue,pm,97.68314763027485,17.031412976639967,0,0,0.0,ok,,google
5472190068_5472190068_1,5472190068,5472190068,1,wed_01,2026-06-03T01:00:00+07:00,2026-06-03T01:00:00+07:00,wed,night,97.68314763027485,17.031412976639967,0,0,0.0,ok,,google
5472190068_5472190068_1,5472190068,5472190068,1,wed_07,2026-06-03T07:00:00+07:00,2026-06-03T07:00:00+07:00,wed,am,97.68314763027485,17.031412976639967,0,0,0.0,ok,,google
5472190068_5472190068_1,5472190068,5472190068,1,wed_17,2026-06-03T17:00:00+07:00,2026-06-03T17:00:00+07:00,wed,pm,97.68314763027485,17.031412976639967,0,0,0.0,ok,,google
5472190068_5472190068_1,5472190068,5472190068,1,thu_01,2026-06-04T01:00:00+07:00,2026-06-04T01:00:00+07:00,thu,night,97.68314763027485,17.031412976639967,0,0,0.0,ok,,google
5472190068_5472190068_1,5472190068,5472190068,1,thu_07,2026-06-04T07:00:00+07:00,2026-06-04T07:00:00+07:00,thu,am,97.68314763027485,17.031412976639967,0,0,0.0,ok,,google
5472190068_5472190068_1,5472190068,5472190068,1,thu_17,2026-06-04T17:00:00+07:00,2026-06-04T17:00:00+07:00,thu,pm,97.68314763027485,17.031412976639967,0,0,0.0,ok,,google
5472190068_5472190068_1,5472190068,5472190068,1,fri_01,2026-06-05T01:00:00+07:00,2026-06-05T01:00:00+07:00,fri,night,97.68314763027485,17.031412976639967,0,0,0.0,ok,,google
5472190068_5472190068_1,5472190068,5472190068,1,fri_07,2026-06-05T07:00:00+07:00,2026-06-05T07:00:00+07:00,fri,am,97.68314763027485,17.031412976639967,0,0,0.0,ok,,google
5472190068_5472190068_1,5472190068,5472190068,1,fri_17,2026-06-05T17:00:00+07:00,2026-06-05T17:00:00+07:00,fri,pm,97.68314763027485,17.031412976639967,0,0,0.0,ok,,google
5472190068_5472190068_1,5472190068,5472190068,1,sat_01,2026-06-06T01:00:00+07:00,2026-06-06T01:00:00+07:00,sat,night,97.68314763027485,17.031412976639967,0,0,0.0,ok,,google
5472190068_5472190068_1,5472190068,5472190068,1,sat_07,2026-06-06T07:00:00+07:00,2026-06-06T07:00:00+07:00,sat,am,97.68314763027485,17.031412976639967,0,0,0.0,ok,,google
5472190068_5472190068_1,5472190068,5472190068,1,sat_17,2026-06-06T17:00:00+07:00,2026-06-06T17:00:00+07:00,sat,pm,97.68314763027485,17.031412976639967,0,0,0.0,ok,,google
5472190068_5472190068_1,5472190068,5472190068,1,sun_01,2026-06-07T01:00:00+07:00,2026-06-07T01:00:00+07:00,sun,night,97.68314763027485,17.031412976639967,0,0,0.0,ok,,google
5472190068_5472190068_1,5472190068,5472190068,1,sun_07,2026-06-07T07:00:00+07:00,2026-06-07T07:00:00+07:00,sun,am,97.68314763027485,17.031412976639967,0,0,0.0,ok,,google
5472190068_5472190068_1,5472190068,5472190068,1,sun_17,2026-06-07T17:00:00+07:00,2026-06-07T17:00:00+07:00,sun,pm,97.68314763027485,17.031412976639967,0,0,0.0,ok,,google
9342504380_5355867082_0,9342504380,5355867082,0,mon_01,2026-06-01T01:00:00+07:00,2026-06-08T01:00:00+07:00,mon,night,61.32453090139757,10.692155573585529,39,8,0.7482120836104954,ok,,google
9342504380_5355867082_0,9342504380,5355867082,0,mon_07,2026-06-01T07:00:00+07:00,2026-06-01T07:00:00+07:00,mon,am,61.32453090139757,10.692155573585529,39,8,0.7482120836104954,ok,,google
9342504380_5355867082_0,9342504380,5355867082,0,mon_17,2026-06-01T17:00:00+07:00,2026-06-01T17:00:00+07:00,mon,pm,61.32453090139757,10.692155573585529,39,8,0.7482120836104954,ok,,google
9342504380_5355867082_0,9342504380,5355867082,0,tue_01,2026-06-02T01:00:00+07:00,2026-06-02T01:00:00+07:00,tue,night,61.32453090139757,10.692155573585529,39,8,0.7482120836104954,ok,,google
9342504380_5355867082_0,9342504380,5355867082,0,tue_07,2026-06-02T07:00:00+07:00,2026-06-02T07:00:00+07:00,tue,am,61.32453090139757,10.692155573585529,39,8,0.7482120836104954,ok,,google
9342504380_5355867082_0,9342504380,5355867082,0,tue_17,2026-06-02T17:00:00+07:00,2026-06-02T17:00:00+07:00,tue,pm,61.32453090139757,10.692155573585529,39,8,0.7482120836104954,ok,,google
9342504380_5355867082_0,9342504380,5355867082,0,wed_01,2026-06-03T01:00:00+07:00,2026-06-03T01:00:00+07:00,wed,night,61.32453090139757,10.692155573585529,39,8,0.7482120836104954,ok,,google
9342504380_5355867082_0,9342504380,5355867082,0,wed_07,2026-06-03T07:00:00+07:00,2026-06-03T07:00:00+07:00,wed,am,61.32453090139757,10.692155573585529,39,8,0.7482120836104954,ok,,google
9342504380_5355867082_0,9342504380,5355867082,0,wed_17,2026-06-03T17:00:00+07:00,2026-06-03T17:00:00+07:00,wed,pm,61.32453090139757,10.692155573585529,39,8,0.7482120836104954,ok,,google
9342504380_5355867082_0,9342504380,5355867082,0,thu_01,2026-06-04T01:00:00+07:00,2026-06-04T01:00:00+07:00,thu,night,61.32453090139757,10.692155573585529,39,8,0.7482120836104954,ok,,google
9342504380_5355867082_0,9342504380,5355867082,0,thu_07,2026-06-04T07:00:00+07:00,2026-06-04T07:00:00+07:00,thu,am,61.32453090139757,10.692155573585529,39,8,0.7482120836104954,ok,,google
9342504380_5355867082_0,9342504380,5355867082,0,thu_17,2026-06-04T17:00:00+07:00,2026-06-04T17:00:00+07:00,thu,pm,61.32453090139757,10.692155573585529,39,8,0.7482120836104954,ok,,google
9342504380_5355867082_0,9342504380,5355867082,0,fri_01,2026-06-05T01:00:00+07:00,2026-06-05T01:00:00+07:00,fri,night,61.32453090139757,10.692155573585529,39,8,0.7482120836104954,ok,,google
9342504380_5355867082_0,9342504380,5355867082,0,fri_07,2026-06-05T07:00:00+07:00,2026-06-05T07:00:00+07:00,fri,am,61.32453090139757,10.692155573585529,39,8,0.7482120836104954,ok,,google
9342504380_5355867082_0,9342504380,5355867082,0,fri_17,2026-06-05T17:00:00+07:00,2026-06-05T17:00:00+07:00,fri,pm,61.32453090139757,10.692155573585529,39,8,0.7482120836104954,ok,,google
9342504380_5355867082_0,9342504380,5355867082,0,sat_01,2026-06-06T01:00:00+07:00,2026-06-06T01:00:00+07:00,sat,night,61.32453090139757,10.692155573585529,39,8,0.7482120836104954,ok,,google
9342504380_5355867082_0,9342504380,5355867082,0,sat_07,2026-06-06T07:00:00+07:00,2026-06-06T07:00:00+07:00,sat,am,61.32453090139757,10.692155573585529,39,8,0.7482120836104954,ok,,google
9342504380_5355867082_0,9342504380,5355867082,0,sat_17,2026-06-06T17:00:00+07:00,2026-06-06T17:00:00+07:00,sat,pm,61.32453090139757,10.692155573585529,39,8,0.7482120836104954,ok,,google
9342504380_5355867082_0,9342504380,5355867082,0,sun_01,2026-06-07T01:00:00+07:00,2026-06-07T01:00:00+07:00,sun,night,61.32453090139757,10.692155573585529,39,8,0.7482120836104954,ok,,google
9342504380_5355867082_0,9342504380,5355867082,0,sun_07,2026-06-07T07:00:00+07:00,2026-06-07T07:00:00+07:00,sun,am,61.32453090139757,10.692155573585529,39,8,0.7482120836104954,ok,,google
9342504380_5355867082_0,9342504380,5355867082,0,sun_17,2026-06-07T17:00:00+07:00,2026-06-07T17:00:00+07:00,sun,pm,61.32453090139757,10.692155573585529,39,8,0.7482120836104954,ok,,google
2255972088_2255972096_0,2255972088,2255972096,0,mon_01,2026-06-01T01:00:00+07:00,2026-06-08T01:00:00+07:00,mon,night,121.93347720215766,21.2595463627754,118,19,0.8937161534767377,ok,,google
2255972088_2255972096_0,2255972088,2255972096,0,mon_07,2026-06-01T07:00:00+07:00,2026-06-01T07:00:00+07:00,mon,am,121.93347720215766,21.2595463627754,118,19,0.8937161534767377,ok,,google
2255972088_2255972096_0,2255972088,2255972096,0,mon_17,2026-06-01T17:00:00+07:00,2026-06-01T17:00:00+07:00,mon,pm,121.93347720215766,21.2595463627754,118,19,0.8937161534767377,ok,,google
2255972088_2255972096_0,2255972088,2255972096,0,tue_01,2026-06-02T01:00:00+07:00,2026-06-02T01:00:00+07:00,tue,night,121.93347720215766,21.2595463627754,118,19,0.8937161534767377,ok,,google
2255972088_2255972096_0,2255972088,2255972096,0,tue_07,2026-06-02T07:00:00+07:00,2026-06-02T07:00:00+07:00,tue,am,121.93347720215766,21.2595463627754,118,19,0.8937161534767377,ok,,google
2255972088_2255972096_0,2255972088,2255972096,0,tue_17,2026-06-02T17:00:00+07:00,2026-06-02T17:00:00+07:00,tue,pm,121.93347720215766,21.2595463627754,118,19,0.8937161534767377,ok,,google
2255972088_2255972096_0,2255972088,2255972096,0,wed_01,2026-06-03T01:00:00+07:00,2026-06-03T01:00:00+07:00,wed,night,121.93347720215766,21.2595463627754,118,19,0.8937161534767377,ok,,google
2255972088_2255972096_0,2255972088,2255972096,0,wed_07,2026-06-03T07:00:00+07:00,2026-06-03T07:00:00+07:00,wed,am,121.93347720215766,21.2595463627754,118,19,0.8937161534767377,ok,,google
2255972088_2255972096_0,2255972088,2255972096,0,wed_17,2026-06-03T17:00:00+07:00,2026-06-03T17:00:00+07:00,wed,pm,121.93347720215766,21.2595463627754,118,19,0.8937161534767377,ok,,google
2255972088_2255972096_0,2255972088,2255972096,0,thu_01,2026-06-04T01:00:00+07:00,2026-06-04T01:00:00+07:00,thu,night,121.93347720215766,21.2595463627754,118,19,0.8937161534767377,ok,,google
2255972088_2255972096_0,2255972088,2255972096,0,thu_07,2026-06-04T07:00:00+07:00,2026-06-04T07:00:00+07:00,thu,am,121.93347720215766,21.2595463627754,118,19,0.8937161534767377,ok,,google
2255972088_2255972096_0,2255972088,2255972096,0,thu_17,2026-06-04T17:00:00+07:00,2026-06-04T17:00:00+07:00,thu,pm,121.93347720215766,21.2595463627754,118,19,0.8937161534767377,ok,,google
2255972088_2255972096_0,2255972088,2255972096,0,fri_01,2026-06-05T01:00:00+07:00,2026-06-05T01:00:00+07:00,fri,night,121.93347720215766,21.2595463627754,118,19,0.8937161534767377,ok,,google
2255972088_2255972096_0,2255972088,2255972096,0,fri_07,2026-06-05T07:00:00+07:00,2026-06-05T07:00:00+07:00,fri,am,121.93347720215766,21.2595463627754,118,19,0.8937161534767377,ok,,google
2255972088_2255972096_0,2255972088,2255972096,0,fri_17,2026-06-05T17:00:00+07:00,2026-06-05T17:00:00+07:00,fri,pm,121.93347720215766,21.2595463627754,118,19,0.8937161534767377,ok,,google
2255972088_2255972096_0,2255972088,2255972096,0,sat_01,2026-06-06T01:00:00+07:00,2026-06-06T01:00:00+07:00,sat,night,121.93347720215766,21.2595463627754,118,19,0.8937161534767377,ok,,google
2255972088_2255972096_0,2255972088,2255972096,0,sat_07,2026-06-06T07:00:00+07:00,2026-06-06T07:00:00+07:00,sat,am,121.93347720215766,21.2595463627754,118,19,0.8937161534767377,ok,,google
2255972088_2255972096_0,2255972088,2255972096,0,sat_17,2026-06-06T17:00:00+07:00,2026-06-06T17:00:00+07:00,sat,pm,121.93347720215766,21.2595463627754,118,19,0.8937161534767377,ok,,google
2255972088_2255972096_0,2255972088,2255972096,0,sun_01,2026-06-07T01:00:00+07:00,2026-06-07T01:00:00+07:00,sun,night,121.93347720215766,21.2595463627754,118,19,0.8937161534767377,ok,,google
2255972088_2255972096_0,2255972088,2255972096,0,sun_07,2026-06-07T07:00:00+07:00,2026-06-07T07:00:00+07:00,sun,am,121.93347720215766,21.2595463627754,118,19,0.8937161534767377,ok,,google
2255972088_2255972096_0,2255972088,2255972096,0,sun_17,2026-06-07T17:00:00+07:00,2026-06-07T17:00:00+07:00,sun,pm,121.93347720215766,21.2595463627754,118,19,0.8937161534767377,ok,,google
3445439295_3445439092_0,3445439295,3445439092,0,mon_01,2026-06-01T01:00:00+07:00,2026-06-08T01:00:00+07:00,mon,night,50.56787465884964,8.816693335124585,50,11,1.2476332772262135,ok,,google
3445439295_3445439092_0,3445439295,3445439092,0,mon_07,2026-06-01T07:00:00+07:00,2026-06-01T07:00:00+07:00,mon,am,50.56787465884964,8.816693335124585,50,9,1.0207908631850837,ok,,google
3445439295_3445439092_0,3445439295,3445439092,0,mon_17,2026-06-01T17:00:00+07:00,2026-06-01T17:00:00+07:00,mon,pm,50.56787465884964,8.816693335124585,50,22,2.495266554452427,ok,,google
3445439295_3445439092_0,3445439295,3445439092,0,tue_01,2026-06-02T01:00:00+07:00,2026-06-02T01:00:00+07:00,tue,night,50.56787465884964,8.816693335124585,50,11,1.2476332772262135,ok,,google
3445439295_3445439092_0,3445439295,3445439092,0,tue_07,2026-06-02T07:00:00+07:00,2026-06-02T07:00:00+07:00,tue,am,50.56787465884964,8.816693335124585,50,19,2.1550029333907323,ok,,google
3445439295_3445439092_0,3445439295,3445439092,0,tue_17,2026-06-02T17:00:00+07:00,2026-06-02T17:00:00+07:00,tue,pm,50.56787465884964,8.816693335124585,50,11,1.2476332772262135,ok,,google
3445439295_3445439092_0,3445439295,3445439092,0,wed_01,2026-06-03T01:00:00+07:00,2026-06-03T01:00:00+07:00,wed,night,50.56787465884964,8.816693335124585,50,11,1.2476332772262135,ok,,google
3445439295_3445439092_0,3445439295,3445439092,0,wed_07,2026-06-03T07:00:00+07:00,2026-06-03T07:00:00+07:00,wed,am,50.56787465884964,8.816693335124585,50,11,1.2476332772262135,ok,,google
3445439295_3445439092_0,3445439295,3445439092,0,wed_17,2026-06-03T17:00:00+07:00,2026-06-03T17:00:00+07:00,wed,pm,50.56787465884964,8.816693335124585,50,19,2.1550029333907323,ok,,google
3445439295_3445439092_0,3445439295,3445439092,0,thu_01,2026-06-04T01:00:00+07:00,2026-06-04T01:00:00+07:00,thu,night,50.56787465884964,8.816693335124585,50,11,1.2476332772262135,ok,,google
3445439295_3445439092_0,3445439295,3445439092,0,thu_07,2026-06-04T07:00:00+07:00,2026-06-04T07:00:00+07:00,thu,am,50.56787465884964,8.816693335124585,50,11,1.2476332772262135,ok,,google
3445439295_3445439092_0,3445439295,3445439092,0,thu_17,2026-06-04T17:00:00+07:00,2026-06-04T17:00:00+07:00,thu,pm,50.56787465884964,8.816693335124585,50,22,2.495266554452427,ok,,google
3445439295_3445439092_0,3445439295,3445439092,0,fri_01,2026-06-05T01:00:00+07:00,2026-06-05T01:00:00+07:00,fri,night,50.56787465884964,8.816693335124585,50,11,1.2476332772262135,ok,,google
3445439295_3445439092_0,3445439295,3445439092,0,fri_07,2026-06-05T07:00:00+07:00,2026-06-05T07:00:00+07:00,fri,am,50.56787465884964,8.816693335124585,50,12,1.3610544842467784,ok,,google
3445439295_3445439092_0,3445439295,3445439092,0,fri_17,2026-06-05T17:00:00+07:00,2026-06-05T17:00:00+07:00,fri,pm,50.56787465884964,8.816693335124585,50,13,1.4744756912673431,ok,,google
3445439295_3445439092_0,3445439295,3445439092,0,sat_01,2026-06-06T01:00:00+07:00,2026-06-06T01:00:00+07:00,sat,night,50.56787465884964,8.816693335124585,50,11,1.2476332772262135,ok,,google
3445439295_3445439092_0,3445439295,3445439092,0,sat_07,2026-06-06T07:00:00+07:00,2026-06-06T07:00:00+07:00,sat,am,50.56787465884964,8.816693335124585,50,11,1.2476332772262135,ok,,google
3445439295_3445439092_0,3445439295,3445439092,0,sat_17,2026-06-06T17:00:00+07:00,2026-06-06T17:00:00+07:00,sat,pm,50.56787465884964,8.816693335124585,50,29,3.289215003596381,ok,,google
3445439295_3445439092_0,3445439295,3445439092,0,sun_01,2026-06-07T01:00:00+07:00,2026-06-07T01:00:00+07:00,sun,night,50.56787465884964,8.816693335124585,50,11,1.2476332772262135,ok,,google
3445439295_3445439092_0,3445439295,3445439092,0,sun_07,2026-06-07T07:00:00+07:00,2026-06-07T07:00:00+07:00,sun,am,50.56787465884964,8.816693335124585,50,11,1.2476332772262135,ok,,google
3445439295_3445439092_0,3445439295,3445439092,0,sun_17,2026-06-07T17:00:00+07:00,2026-06-07T17:00:00+07:00,sun,pm,50.56787465884964,8.816693335124585,50,11,1.2476332772262135,ok,,google
5394844924_5394843541_0,5394844924,5394843541,0,mon_01,2026-06-01T01:00:00+07:00,2026-06-08T01:00:00+07:00,mon,night,68.87519650510545,12.008641653989054,395,120,9.99280380392883,ok,,google
5394844924_5394843541_0,5394844924,5394843541,0,mon_07,2026-06-01T07:00:00+07:00,2026-06-01T07:00:00+07:00,mon,am,68.87519650510545,12.008641653989054,395,120,9.99280380392883,ok,,google
5394844924_5394843541_0,5394844924,5394843541,0,mon_17,2026-06-01T17:00:00+07:00,2026-06-01T17:00:00+07:00,mon,pm,68.87519650510545,12.008641653989054,395,120,9.99280380392883,ok,,google
5394844924_5394843541_0,5394844924,5394843541,0,tue_01,2026-06-02T01:00:00+07:00,2026-06-02T01:00:00+07:00,tue,night,68.87519650510545,12.008641653989054,395,120,9.99280380392883,ok,,google
5394844924_5394843541_0,5394844924,5394843541,0,tue_07,2026-06-02T07:00:00+07:00,2026-06-02T07:00:00+07:00,tue,am,68.87519650510545,12.008641653989054,395,120,9.99280380392883,ok,,google
5394844924_5394843541_0,5394844924,5394843541,0,tue_17,2026-06-02T17:00:00+07:00,2026-06-02T17:00:00+07:00,tue,pm,68.87519650510545,12.008641653989054,395,120,9.99280380392883,ok,,google
5394844924_5394843541_0,5394844924,5394843541,0,wed_01,2026-06-03T01:00:00+07:00,2026-06-03T01:00:00+07:00,wed,night,68.87519650510545,12.008641653989054,395,120,9.99280380392883,ok,,google
5394844924_5394843541_0,5394844924,5394843541,0,wed_07,2026-06-03T07:00:00+07:00,2026-06-03T07:00:00+07:00,wed,am,68.87519650510545,12.008641653989054,395,120,9.99280380392883,ok,,google
5394844924_5394843541_0,5394844924,5394843541,0,wed_17,2026-06-03T17:00:00+07:00,2026-06-03T17:00:00+07:00,wed,pm,68.87519650510545,12.008641653989054,395,120,9.99280380392883,ok,,google
5394844924_5394843541_0,5394844924,5394843541,0,thu_01,2026-06-04T01:00:00+07:00,2026-06-04T01:00:00+07:00,thu,night,68.87519650510545,12.008641653989054,395,120,9.99280380392883,ok,,google
5394844924_5394843541_0,5394844924,5394843541,0,thu_07,2026-06-04T07:00:00+07:00,2026-06-04T07:00:00+07:00,thu,am,68.87519650510545,12.008641653989054,395,120,9.99280380392883,ok,,google
5394844924_5394843541_0,5394844924,5394843541,0,thu_17,2026-06-04T17:00:00+07:00,2026-06-04T17:00:00+07:00,thu,pm,68.87519650510545,12.008641653989054,395,120,9.99280380392883,ok,,google
5394844924_5394843541_0,5394844924,5394843541,0,fri_01,2026-06-05T01:00:00+07:00,2026-06-05T01:00:00+07:00,fri,night,68.87519650510545,12.008641653989054,395,120,9.99280380392883,ok,,google
5394844924_5394843541_0,5394844924,5394843541,0,fri_07,2026-06-05T07:00:00+07:00,2026-06-05T07:00:00+07:00,fri,am,68.87519650510545,12.008641653989054,395,120,9.99280380392883,ok,,google
5394844924_5394843541_0,5394844924,5394843541,0,fri_17,2026-06-05T17:00:00+07:00,2026-06-05T17:00:00+07:00,fri,pm,68.87519650510545,12.008641653989054,395,120,9.99280380392883,ok,,google
5394844924_5394843541_0,5394844924,5394843541,0,sat_01,2026-06-06T01:00:00+07:00,2026-06-06T01:00:00+07:00,sat,night,68.87519650510545,12.008641653989054,395,120,9.99280380392883,ok,,google
5394844924_5394843541_0,5394844924,5394843541,0,sat_07,2026-06-06T07:00:00+07:00,2026-06-06T07:00:00+07:00,sat,am,68.87519650510545,12.008641653989054,395,120,9.99280380392883,ok,,google
5394844924_5394843541_0,5394844924,5394843541,0,sat_17,2026-06-06T17:00:00+07:00,2026-06-06T17:00:00+07:00,sat,pm,68.87519650510545,12.008641653989054,395,120,9.99280380392883,ok,,google
5394844924_5394843541_0,5394844924,5394843541,0,sun_01,2026-06-07T01:00:00+07:00,2026-06-07T01:00:00+07:00,sun,night,68.87519650510545,12.008641653989054,395,120,9.99280380392883,ok,,google
5394844924_5394843541_0,5394844924,5394843541,0,sun_07,2026-06-07T07:00:00+07:00,2026-06-07T07:00:00+07:00,sun,am,68.87519650510545,12.008641653989054,395,120,9.99280380392883,ok,,google
5394844924_5394843541_0,5394844924,5394843541,0,sun_17,2026-06-07T17:00:00+07:00,2026-06-07T17:00:00+07:00,sun,pm,68.87519650510545,12.008641653989054,395,120,9.99280380392883,ok,,google
4141549884_7536989722_0,4141549884,7536989722,0,mon_01,2026-06-01T01:00:00+07:00,2026-06-08T01:00:00+07:00,mon,night,76.17655022489171,13.28165929835155,619,210,15.811277437756901,ok,,google
4141549884_7536989722_0,4141549884,7536989722,0,mon_07,2026-06-01T07:00:00+07:00,2026-06-01T07:00:00+07:00,mon,am,76.17655022489171,13.28165929835155,619,210,15.811277437756901,ok,,google
4141549884_7536989722_0,4141549884,7536989722,0,mon_17,2026-06-01T17:00:00+07:00,2026-06-01T17:00:00+07:00,mon,pm,76.17655022489171,13.28165929835155,619,210,15.811277437756901,ok,,google
4141549884_7536989722_0,4141549884,7536989722,0,tue_01,2026-06-02T01:00:00+07:00,2026-06-02T01:00:00+07:00,tue,night,76.17655022489171,13.28165929835155,619,210,15.811277437756901,ok,,google
4141549884_7536989722_0,4141549884,7536989722,0,tue_07,2026-06-02T07:00:00+07:00,2026-06-02T07:00:00+07:00,tue,am,76.17655022489171,13.28165929835155,619,210,15.811277437756901,ok,,google
4141549884_7536989722_0,4141549884,7536989722,0,tue_17,2026-06-02T17:00:00+07:00,2026-06-02T17:00:00+07:00,tue,pm,76.17655022489171,13.28165929835155,619,210,15.811277437756901,ok,,google
4141549884_7536989722_0,4141549884,7536989722,0,wed_01,2026-06-03T01:00:00+07:00,2026-06-03T01:00:00+07:00,wed,night,76.17655022489171,13.28165929835155,619,210,15.811277437756901,ok,,google
4141549884_7536989722_0,4141549884,7536989722,0,wed_07,2026-06-03T07:00:00+07:00,2026-06-03T07:00:00+07:00,wed,am,76.17655022489171,13.28165929835155,619,210,15.811277437756901,ok,,google
4141549884_7536989722_0,4141549884,7536989722,0,wed_17,2026-06-03T17:00:00+07:00,2026-06-03T17:00:00+07:00,wed,pm,76.17655022489171,13.28165929835155,619,210,15.811277437756901,ok,,google
4141549884_7536989722_0,4141549884,7536989722,0,thu_01,2026-06-04T01:00:00+07:00,2026-06-04T01:00:00+07:00,thu,night,76.17655022489171,13.28165929835155,619,210,15.811277437756901,ok,,google
4141549884_7536989722_0,4141549884,7536989722,0,thu_07,2026-06-04T07:00:00+07:00,2026-06-04T07:00:00+07:00,thu,am,76.17655022489171,13.28165929835155,619,210,15.811277437756901,ok,,google
4141549884_7536989722_0,4141549884,7536989722,0,thu_17,2026-06-04T17:00:00+07:00,2026-06-04T17:00:00+07:00,thu,pm,76.17655022489171,13.28165929835155,619,210,15.811277437756901,ok,,google
4141549884_7536989722_0,4141549884,7536989722,0,fri_01,2026-06-05T01:00:00+07:00,2026-06-05T01:00:00+07:00,fri,night,76.17655022489171,13.28165929835155,619,210,15.811277437756901,ok,,google
4141549884_7536989722_0,4141549884,7536989722,0,fri_07,2026-06-05T07:00:00+07:00,2026-06-05T07:00:00+07:00,fri,am,76.17655022489171,13.28165929835155,619,210,15.811277437756901,ok,,google
4141549884_7536989722_0,4141549884,7536989722,0,fri_17,2026-06-05T17:00:00+07:00,2026-06-05T17:00:00+07:00,fri,pm,76.17655022489171,13.28165929835155,619,210,15.811277437756901,ok,,google
4141549884_7536989722_0,4141549884,7536989722,0,sat_01,2026-06-06T01:00:00+07:00,2026-06-06T01:00:00+07:00,sat,night,76.17655022489171,13.28165929835155,619,210,15.811277437756901,ok,,google
4141549884_7536989722_0,4141549884,7536989722,0,sat_07,2026-06-06T07:00:00+07:00,2026-06-06T07:00:00+07:00,sat,am,76.17655022489171,13.28165929835155,619,210,15.811277437756901,ok,,google
4141549884_7536989722_0,4141549884,7536989722,0,sat_17,2026-06-06T17:00:00+07:00,2026-06-06T17:00:00+07:00,sat,pm,76.17655022489171,13.28165929835155,619,210,15.811277437756901,ok,,google
4141549884_7536989722_0,4141549884,7536989722,0,sun_01,2026-06-07T01:00:00+07:00,2026-06-07T01:00:00+07:00,sun,night,76.17655022489171,13.28165929835155,619,210,15.811277437756901,ok,,google
4141549884_7536989722_0,4141549884,7536989722,0,sun_07,2026-06-07T07:00:00+07:00,2026-06-07T07:00:00+07:00,sun,am,76.17655022489171,13.28165929835155,619,210,15.811277437756901,ok,,google
4141549884_7536989722_0,4141549884,7536989722,0,sun_17,2026-06-07T17:00:00+07:00,2026-06-07T17:00:00+07:00,sun,pm,76.17655022489171,13.28165929835155,619,210,15.811277437756901,ok,,google
13286689381_7134815839_0,13286689381,7134815839,0,mon_01,2026-06-01T01:00:00+07:00,2026-06-08T01:00:00+07:00,mon,night,57.495966590340416,10.02463142565328,58,10,0.9975429095986266,ok,,google
13286689381_7134815839_0,13286689381,7134815839,0,mon_07,2026-06-01T07:00:00+07:00,2026-06-01T07:00:00+07:00,mon,am,57.495966590340416,10.02463142565328,58,13,1.2968057824782144,ok,,google
13286689381_7134815839_0,13286689381,7134815839,0,mon_17,2026-06-01T17:00:00+07:00,2026-06-01T17:00:00+07:00,mon,pm,57.495966590340416,10.02463142565328,58,11,1.0972972005584891,ok,,google
13286689381_7134815839_0,13286689381,7134815839,0,tue_01,2026-06-02T01:00:00+07:00,2026-06-02T01:00:00+07:00,tue,night,57.495966590340416,10.02463142565328,58,10,0.9975429095986266,ok,,google
13286689381_7134815839_0,13286689381,7134815839,0,tue_07,2026-06-02T07:00:00+07:00,2026-06-02T07:00:00+07:00,tue,am,57.495966590340416,10.02463142565328,58,11,1.0972972005584891,ok,,google
13286689381_7134815839_0,13286689381,7134815839,0,tue_17,2026-06-02T17:00:00+07:00,2026-06-02T17:00:00+07:00,tue,pm,57.495966590340416,10.02463142565328,58,12,1.1970514915183519,ok,,google
13286689381_7134815839_0,13286689381,7134815839,0,wed_01,2026-06-03T01:00:00+07:00,2026-06-03T01:00:00+07:00,wed,night,57.495966590340416,10.02463142565328,58,10,0.9975429095986266,ok,,google
13286689381_7134815839_0,13286689381,7134815839,0,wed_07,2026-06-03T07:00:00+07:00,2026-06-03T07:00:00+07:00,wed,am,57.495966590340416,10.02463142565328,58,11,1.0972972005584891,ok,,google
13286689381_7134815839_0,13286689381,7134815839,0,wed_17,2026-06-03T17:00:00+07:00,2026-06-03T17:00:00+07:00,wed,pm,57.495966590340416,10.02463142565328,58,11,1.0972972005584891,ok,,google
13286689381_7134815839_0,13286689381,7134815839,0,thu_01,2026-06-04T01:00:00+07:00,2026-06-04T01:00:00+07:00,thu,night,57.495966590340416,10.02463142565328,58,10,0.9975429095986266,ok,,google
13286689381_7134815839_0,13286689381,7134815839,0,thu_07,2026-06-04T07:00:00+07:00,2026-06-04T07:00:00+07:00,thu,am,57.495966590340416,10.02463142565328,58,10,0.9975429095986266,ok,,google
13286689381_7134815839_0,13286689381,7134815839,0,thu_17,2026-06-04T17:00:00+07:00,2026-06-04T17:00:00+07:00,thu,pm,57.495966590340416,10.02463142565328,58,13,1.2968057824782144,ok,,google
13286689381_7134815839_0,13286689381,7134815839,0,fri_01,2026-06-05T01:00:00+07:00,2026-06-05T01:00:00+07:00,fri,night,57.495966590340416,10.02463142565328,58,9,0.8977886186387639,ok,,google
13286689381_7134815839_0,13286689381,7134815839,0,fri_07,2026-06-05T07:00:00+07:00,2026-06-05T07:00:00+07:00,fri,am,57.495966590340416,10.02463142565328,58,11,1.0972972005584891,ok,,google
13286689381_7134815839_0,13286689381,7134815839,0,fri_17,2026-06-05T17:00:00+07:00,2026-06-05T17:00:00+07:00,fri,pm,57.495966590340416,10.02463142565328,58,13,1.2968057824782144,ok,,google
13286689381_7134815839_0,13286689381,7134815839,0,sat_01,2026-06-06T01:00:00+07:00,2026-06-06T01:00:00+07:00,sat,night,57.495966590340416,10.02463142565328,58,10,0.9975429095986266,ok,,google
13286689381_7134815839_0,13286689381,7134815839,0,sat_07,2026-06-06T07:00:00+07:00,2026-06-06T07:00:00+07:00,sat,am,57.495966590340416,10.02463142565328,58,11,1.0972972005584891,ok,,google
13286689381_7134815839_0,13286689381,7134815839,0,sat_17,2026-06-06T17:00:00+07:00,2026-06-06T17:00:00+07:00,sat,pm,57.495966590340416,10.02463142565328,58,11,1.0972972005584891,ok,,google
13286689381_7134815839_0,13286689381,7134815839,0,sun_01,2026-06-07T01:00:00+07:00,2026-06-07T01:00:00+07:00,sun,night,57.495966590340416,10.02463142565328,58,9,0.8977886186387639,ok,,google
13286689381_7134815839_0,13286689381,7134815839,0,sun_07,2026-06-07T07:00:00+07:00,2026-06-07T07:00:00+07:00,sun,am,57.495966590340416,10.02463142565328,58,12,1.1970514915183519,ok,,google
13286689381_7134815839_0,13286689381,7134815839,0,sun_17,2026-06-07T17:00:00+07:00,2026-06-07T17:00:00+07:00,sun,pm,57.495966590340416,10.02463142565328,58,12,1.1970514915183519,ok,,google
3862534190_3862534189_0,3862534190,3862534189,0,mon_01,2026-06-01T01:00:00+07:00,2026-06-08T01:00:00+07:00,mon,night,67.48529321122304,11.766306946621713,71,27,2.294687714886795,ok,,google
3862534190_3862534189_0,3862534190,3862534189,0,mon_07,2026-06-01T07:00:00+07:00,2026-06-01T07:00:00+07:00,mon,am,67.48529321122304,11.766306946621713,71,27,2.294687714886795,ok,,google
3862534190_3862534189_0,3862534190,3862534189,0,mon_17,2026-06-01T17:00:00+07:00,2026-06-01T17:00:00+07:00,mon,pm,67.48529321122304,11.766306946621713,71,27,2.294687714886795,ok,,google
3862534190_3862534189_0,3862534190,3862534189,0,tue_01,2026-06-02T01:00:00+07:00,2026-06-02T01:00:00+07:00,tue,night,67.48529321122304,11.766306946621713,71,27,2.294687714886795,ok,,google
3862534190_3862534189_0,3862534190,3862534189,0,tue_07,2026-06-02T07:00:00+07:00,2026-06-02T07:00:00+07:00,tue,am,67.48529321122304,11.766306946621713,71,27,2.294687714886795,ok,,google
3862534190_3862534189_0,3862534190,3862534189,0,tue_17,2026-06-02T17:00:00+07:00,2026-06-02T17:00:00+07:00,tue,pm,67.48529321122304,11.766306946621713,71,27,2.294687714886795,ok,,google
3862534190_3862534189_0,3862534190,3862534189,0,wed_01,2026-06-03T01:00:00+07:00,2026-06-03T01:00:00+07:00,wed,night,67.48529321122304,11.766306946621713,71,27,2.294687714886795,ok,,google
3862534190_3862534189_0,3862534190,3862534189,0,wed_07,2026-06-03T07:00:00+07:00,2026-06-03T07:00:00+07:00,wed,am,67.48529321122304,11.766306946621713,71,27,2.294687714886795,ok,,google
3862534190_3862534189_0,3862534190,3862534189,0,wed_17,2026-06-03T17:00:00+07:00,2026-06-03T17:00:00+07:00,wed,pm,67.48529321122304,11.766306946621713,71,27,2.294687714886795,ok,,google
3862534190_3862534189_0,3862534190,3862534189,0,thu_01,2026-06-04T01:00:00+07:00,2026-06-04T01:00:00+07:00,thu,night,67.48529321122304,11.766306946621713,71,27,2.294687714886795,ok,,google
3862534190_3862534189_0,3862534190,3862534189,0,thu_07,2026-06-04T07:00:00+07:00,2026-06-04T07:00:00+07:00,thu,am,67.48529321122304,11.766306946621713,71,27,2.294687714886795,ok,,google
3862534190_3862534189_0,3862534190,3862534189,0,thu_17,2026-06-04T17:00:00+07:00,2026-06-04T17:00:00+07:00,thu,pm,67.48529321122304,11.766306946621713,71,27,2.294687714886795,ok,,google
3862534190_3862534189_0,3862534190,3862534189,0,fri_01,2026-06-05T01:00:00+07:00,2026-06-05T01:00:00+07:00,fri,night,67.48529321122304,11.766306946621713,71,27,2.294687714886795,ok,,google
3862534190_3862534189_0,3862534190,3862534189,0,fri_07,2026-06-05T07:00:00+07:00,2026-06-05T07:00:00+07:00,fri,am,67.48529321122304,11.766306946621713,71,27,2.294687714886795,ok,,google
3862534190_3862534189_0,3862534190,3862534189,0,fri_17,2026-06-05T17:00:00+07:00,2026-06-05T17:00:00+07:00,fri,pm,67.48529321122304,11.766306946621713,71,27,2.294687714886795,ok,,google
3862534190_3862534189_0,3862534190,3862534189,0,sat_01,2026-06-06T01:00:00+07:00,2026-06-06T01:00:00+07:00,sat,night,67.48529321122304,11.766306946621713,71,27,2.294687714886795,ok,,google
3862534190_3862534189_0,3862534190,3862534189,0,sat_07,2026-06-06T07:00:00+07:00,2026-06-06T07:00:00+07:00,sat,am,67.48529321122304,11.766306946621713,71,27,2.294687714886795,ok,,google
3862534190_3862534189_0,3862534190,3862534189,0,sat_17,2026-06-06T17:00:00+07:00,2026-06-06T17:00:00+07:00,sat,pm,67.48529321122304,11.766306946621713,71,27,2.294687714886795,ok,,google
3862534190_3862534189_0,3862534190,3862534189,0,sun_01,2026-06-07T01:00:00+07:00,2026-06-07T01:00:00+07:00,sun,night,67.48529321122304,11.766306946621713,71,27,2.294687714886795,ok,,google
3862534190_3862534189_0,3862534190,3862534189,0,sun_07,2026-06-07T07:00:00+07:00,2026-06-07T07:00:00+07:00,sun,am,67.48529321122304,11.766306946621713,71,27,2.294687714886795,ok,,google
3862534190_3862534189_0,3862534190,3862534189,0,sun_17,2026-06-07T17:00:00+07:00,2026-06-07T17:00:00+07:00,sun,pm,67.48529321122304,11.766306946621713,71,27,2.294687714886795,ok,,google
5460962209_4116932146_0,5460962209,4116932146,0,mon_01,2026-06-01T01:00:00+07:00,2026-06-08T01:00:00+07:00,mon,night,58.91938310538738,10.272809285331718,877,186,18.106050140109645,ok,,google
5460962209_4116932146_0,5460962209,4116932146,0,mon_07,2026-06-01T07:00:00+07:00,2026-06-01T07:00:00+07:00,mon,am,58.91938310538738,10.272809285331718,877,204,19.858248540765416,ok,,google
5460962209_4116932146_0,5460962209,4116932146,0,mon_17,2026-06-01T17:00:00+07:00,2026-06-01T17:00:00+07:00,mon,pm,58.91938310538738,10.272809285331718,877,242,23.557334053260934,ok,,google
5460962209_4116932146_0,5460962209,4116932146,0,tue_01,2026-06-02T01:00:00+07:00,2026-06-02T01:00:00+07:00,tue,night,58.91938310538738,10.272809285331718,877,184,17.91136142892567,ok,,google
5460962209_4116932146_0,5460962209,4116932146,0,tue_07,2026-06-02T07:00:00+07:00,2026-06-02T07:00:00+07:00,tue,am,58.91938310538738,10.272809285331718,877,208,20.247625963133366,ok,,google
5460962209_4116932146_0,5460962209,4116932146,0,tue_17,2026-06-02T17:00:00+07:00,2026-06-02T17:00:00+07:00,tue,pm,58.91938310538738,10.272809285331718,877,234,22.778579208525034,ok,,google
5460962209_4116932146_0,5460962209,4116932146,0,wed_01,2026-06-03T01:00:00+07:00,2026-06-03T01:00:00+07:00,wed,night,58.91938310538738,10.272809285331718,877,187,18.20339449570163,ok,,google
5460962209_4116932146_0,5460962209,4116932146,0,wed_07,2026-06-03T07:00:00+07:00,2026-06-03T07:00:00+07:00,wed,am,58.91938310538738,10.272809285331718,877,210,20.44231467431734,ok,,google
5460962209_4116932146_0,5460962209,4116932146,0,wed_17,2026-06-03T17:00:00+07:00,2026-06-03T17:00:00+07:00,wed,pm,58.91938310538738,10.272809285331718,877,226,21.999824363789138,ok,,google
5460962209_4116932146_0,5460962209,4116932146,0,thu_01,2026-06-04T01:00:00+07:00,2026-06-04T01:00:00+07:00,thu,night,58.91938310538738,10.272809285331718,877,186,18.106050140109645,ok,,google
5460962209_4116932146_0,5460962209,4116932146,0,thu_07,2026-06-04T07:00:00+07:00,2026-06-04T07:00:00+07:00,thu,am,58.91938310538738,10.272809285331718,877,212,20.637003385501313,ok,,google
5460962209_4116932146_0,5460962209,4116932146,0,thu_17,2026-06-04T17:00:00+07:00,2026-06-04T17:00:00+07:00,thu,pm,58.91938310538738,10.272809285331718,877,228,22.194513074973113,ok,,google
5460962209_4116932146_0,5460962209,4116932146,0,fri_01,2026-06-05T01:00:00+07:00,2026-06-05T01:00:00+07:00,fri,night,58.91938310538738,10.272809285331718,877,188,18.30073885129362,ok,,google
5460962209_4116932146_0,5460962209,4116932146,0,fri_07,2026-06-05T07:00:00+07:00,2026-06-05T07:00:00+07:00,fri,am,58.91938310538738,10.272809285331718,877,209,20.344970318725352,ok,,google
5460962209_4116932146_0,5460962209,4116932146,0,fri_17,2026-06-05T17:00:00+07:00,2026-06-05T17:00:00+07:00,fri,pm,58.91938310538738,10.272809285331718,877,243,23.65467840885292,ok,,google
5460962209_4116932146_0,5460962209,4116932146,0,sat_01,2026-06-06T01:00:00+07:00,2026-06-06T01:00:00+07:00,sat,night,58.91938310538738,10.272809285331718,877,185,18.008705784517655,ok,,google
5460962209_4116932146_0,5460962209,4116932146,0,sat_07,2026-06-06T07:00:00+07:00,2026-06-06T07:00:00+07:00,sat,am,58.91938310538738,10.272809285331718,877,207,20.150281607541377,ok,,google
5460962209_4116932146_0,5460962209,4116932146,0,sat_17,2026-06-06T17:00:00+07:00,2026-06-06T17:00:00+07:00,sat,pm,58.91938310538738,10.272809285331718,877,236,22.97326791970901,ok,,google
5460962209_4116932146_0,5460962209,4116932146,0,sun_01,2026-06-07T01:00:00+07:00,2026-06-07T01:00:00+07:00,sun,night,58.91938310538738,10.272809285331718,877,189,18.398083206885605,ok,,google
5460962209_4116932146_0,5460962209,4116932146,0,sun_07,2026-06-07T07:00:00+07:00,2026-06-07T07:00:00+07:00,sun,am,58.91938310538738,10.272809285331718,877,202,19.66355982958144,ok,,google
5460962209_4116932146_0,5460962209,4116932146,0,sun_17,2026-06-07T17:00:00+07:00,2026-06-07T17:00:00+07:00,sun,pm,58.91938310538738,10.272809285331718,877,224,21.805135652605163,ok,,google
5458620347_5447111082_0,5458620347,5447111082,0,mon_01,2026-06-01T01:00:00+07:00,2026-06-08T01:00:00+07:00,mon,night,130.7904693209233,22.803795234407694,81,18,0.7893422921479558,ok,,google
5458620347_5447111082_0,5458620347,5447111082,0,mon_07,2026-06-01T07:00:00+07:00,2026-06-01T07:00:00+07:00,mon,am,130.7904693209233,22.803795234407694,81,16,0.7016375930204052,ok,,google
5458620347_5447111082_0,5458620347,5447111082,0,mon_17,2026-06-01T17:00:00+07:00,2026-06-01T17:00:00+07:00,mon,pm,130.7904693209233,22.803795234407694,81,22,0.9647516904030571,ok,,google
5458620347_5447111082_0,5458620347,5447111082,0,tue_01,2026-06-02T01:00:00+07:00,2026-06-02T01:00:00+07:00,tue,night,130.7904693209233,22.803795234407694,81,18,0.7893422921479558,ok,,google
5458620347_5447111082_0,5458620347,5447111082,0,tue_07,2026-06-02T07:00:00+07:00,2026-06-02T07:00:00+07:00,tue,am,130.7904693209233,22.803795234407694,81,23,1.0086040399668323,ok,,google
5458620347_5447111082_0,5458620347,5447111082,0,tue_17,2026-06-02T17:00:00+07:00,2026-06-02T17:00:00+07:00,tue,pm,130.7904693209233,22.803795234407694,81,23,1.0086040399668323,ok,,google
5458620347_5447111082_0,5458620347,5447111082,0,wed_01,2026-06-03T01:00:00+07:00,2026-06-03T01:00:00+07:00,wed,night,130.7904693209233,22.803795234407694,81,18,0.7893422921479558,ok,,google
5458620347_5447111082_0,5458620347,5447111082,0,wed_07,2026-06-03T07:00:00+07:00,2026-06-03T07:00:00+07:00,wed,am,130.7904693209233,22.803795234407694,81,16,0.7016375930204052,ok,,google
5458620347_5447111082_0,5458620347,5447111082,0,wed_17,2026-06-03T17:00:00+07:00,2026-06-03T17:00:00+07:00,wed,pm,130.7904693209233,22.803795234407694,81,28,1.227865787785709,ok,,google
5458620347_5447111082_0,5458620347,5447111082,0,thu_01,2026-06-04T01:00:00+07:00,2026-06-04T01:00:00+07:00,thu,night,130.7904693209233,22.803795234407694,81,18,0.7893422921479558,ok,,google
5458620347_5447111082_0,5458620347,5447111082,0,thu_07,2026-06-04T07:00:00+07:00,2026-06-04T07:00:00+07:00,thu,am,130.7904693209233,22.803795234407694,81,22,0.9647516904030571,ok,,google
5458620347_5447111082_0,5458620347,5447111082,0,thu_17,2026-06-04T17:00:00+07:00,2026-06-04T17:00:00+07:00,thu,pm,130.7904693209233,22.803795234407694,81,22,0.9647516904030571,ok,,google
5458620347_5447111082_0,5458620347,5447111082,0,fri_01,2026-06-05T01:00:00+07:00,2026-06-05T01:00:00+07:00,fri,night,130.7904693209233,22.803795234407694,81,18,0.7893422921479558,ok,,google
5458620347_5447111082_0,5458620347,5447111082,0,fri_07,2026-06-05T07:00:00+07:00,2026-06-05T07:00:00+07:00,fri,am,130.7904693209233,22.803795234407694,81,18,0.7893422921479558,ok,,google
5458620347_5447111082_0,5458620347,5447111082,0,fri_17,2026-06-05T17:00:00+07:00,2026-06-05T17:00:00+07:00,fri,pm,130.7904693209233,22.803795234407694,81,19,0.8331946417117311,ok,,google
5458620347_5447111082_0,5458620347,5447111082,0,sat_01,2026-06-06T01:00:00+07:00,2026-06-06T01:00:00+07:00,sat,night,130.7904693209233,22.803795234407694,81,18,0.7893422921479558,ok,,google
5458620347_5447111082_0,5458620347,5447111082,0,sat_07,2026-06-06T07:00:00+07:00,2026-06-06T07:00:00+07:00,sat,am,130.7904693209233,22.803795234407694,81,18,0.7893422921479558,ok,,google
5458620347_5447111082_0,5458620347,5447111082,0,sat_17,2026-06-06T17:00:00+07:00,2026-06-06T17:00:00+07:00,sat,pm,130.7904693209233,22.803795234407694,81,20,0.8770469912755064,ok,,google
5458620347_5447111082_0,5458620347,5447111082,0,sun_01,2026-06-07T01:00:00+07:00,2026-06-07T01:00:00+07:00,sun,night,130.7904693209233,22.803795234407694,81,18,0.7893422921479558,ok,,google
5458620347_5447111082_0,5458620347,5447111082,0,sun_07,2026-06-07T07:00:00+07:00,2026-06-07T07:00:00+07:00,sun,am,130.7904693209233,22.803795234407694,81,18,0.7893422921479558,ok,,google
5458620347_5447111082_0,5458620347,5447111082,0,sun_17,2026-06-07T17:00:00+07:00,2026-06-07T17:00:00+07:00,sun,pm,130.7904693209233,22.803795234407694,81,19,0.8331946417117311,ok,,google
7513405156_11807112156_0,7513405156,11807112156,0,mon_01,2026-06-01T01:00:00+07:00,2026-06-08T01:00:00+07:00,mon,night,81.06823313100979,14.134542049839038,82,16,1.13197866217266,ok,,google
7513405156_11807112156_0,7513405156,11807112156,0,mon_07,2026-06-01T07:00:00+07:00,2026-06-01T07:00:00+07:00,mon,am,81.06823313100979,14.134542049839038,82,16,1.13197866217266,ok,,google
7513405156_11807112156_0,7513405156,11807112156,0,mon_17,2026-06-01T17:00:00+07:00,2026-06-01T17:00:00+07:00,mon,pm,81.06823313100979,14.134542049839038,82,16,1.13197866217266,ok,,google
7513405156_11807112156_0,7513405156,11807112156,0,tue_01,2026-06-02T01:00:00+07:00,2026-06-02T01:00:00+07:00,tue,night,81.06823313100979,14.134542049839038,82,16,1.13197866217266,ok,,google
7513405156_11807112156_0,7513405156,11807112156,0,tue_07,2026-06-02T07:00:00+07:00,2026-06-02T07:00:00+07:00,tue,am,81.06823313100979,14.134542049839038,82,16,1.13197866217266,ok,,google
7513405156_11807112156_0,7513405156,11807112156,0,tue_17,2026-06-02T17:00:00+07:00,2026-06-02T17:00:00+07:00,tue,pm,81.06823313100979,14.134542049839038,82,16,1.13197866217266,ok,,google
7513405156_11807112156_0,7513405156,11807112156,0,wed_01,2026-06-03T01:00:00+07:00,2026-06-03T01:00:00+07:00,wed,night,81.06823313100979,14.134542049839038,82,16,1.13197866217266,ok,,google
7513405156_11807112156_0,7513405156,11807112156,0,wed_07,2026-06-03T07:00:00+07:00,2026-06-03T07:00:00+07:00,wed,am,81.06823313100979,14.134542049839038,82,16,1.13197866217266,ok,,google
7513405156_11807112156_0,7513405156,11807112156,0,wed_17,2026-06-03T17:00:00+07:00,2026-06-03T17:00:00+07:00,wed,pm,81.06823313100979,14.134542049839038,82,16,1.13197866217266,ok,,google
7513405156_11807112156_0,7513405156,11807112156,0,thu_01,2026-06-04T01:00:00+07:00,2026-06-04T01:00:00+07:00,thu,night,81.06823313100979,14.134542049839038,82,16,1.13197866217266,ok,,google
7513405156_11807112156_0,7513405156,11807112156,0,thu_07,2026-06-04T07:00:00+07:00,2026-06-04T07:00:00+07:00,thu,am,81.06823313100979,14.134542049839038,82,16,1.13197866217266,ok,,google
7513405156_11807112156_0,7513405156,11807112156,0,thu_17,2026-06-04T17:00:00+07:00,2026-06-04T17:00:00+07:00,thu,pm,81.06823313100979,14.134542049839038,82,16,1.13197866217266,ok,,google
7513405156_11807112156_0,7513405156,11807112156,0,fri_01,2026-06-05T01:00:00+07:00,2026-06-05T01:00:00+07:00,fri,night,81.06823313100979,14.134542049839038,82,16,1.13197866217266,ok,,google
7513405156_11807112156_0,7513405156,11807112156,0,fri_07,2026-06-05T07:00:00+07:00,2026-06-05T07:00:00+07:00,fri,am,81.06823313100979,14.134542049839038,82,16,1.13197866217266,ok,,google
7513405156_11807112156_0,7513405156,11807112156,0,fri_17,2026-06-05T17:00:00+07:00,2026-06-05T17:00:00+07:00,fri,pm,81.06823313100979,14.134542049839038,82,16,1.13197866217266,ok,,google
7513405156_11807112156_0,7513405156,11807112156,0,sat_01,2026-06-06T01:00:00+07:00,2026-06-06T01:00:00+07:00,sat,night,81.06823313100979,14.134542049839038,82,16,1.13197866217266,ok,,google
7513405156_11807112156_0,7513405156,11807112156,0,sat_07,2026-06-06T07:00:00+07:00,2026-06-06T07:00:00+07:00,sat,am,81.06823313100979,14.134542049839038,82,16,1.13197866217266,ok,,google
7513405156_11807112156_0,7513405156,11807112156,0,sat_17,2026-06-06T17:00:00+07:00,2026-06-06T17:00:00+07:00,sat,pm,81.06823313100979,14.134542049839038,82,16,1.13197866217266,ok,,google
7513405156_11807112156_0,7513405156,11807112156,0,sun_01,2026-06-07T01:00:00+07:00,2026-06-07T01:00:00+07:00,sun,night,81.06823313100979,14.134542049839038,82,16,1.13197866217266,ok,,google
7513405156_11807112156_0,7513405156,11807112156,0,sun_07,2026-06-07T07:00:00+07:00,2026-06-07T07:00:00+07:00,sun,am,81.06823313100979,14.134542049839038,82,16,1.13197866217266,ok,,google
7513405156_11807112156_0,7513405156,11807112156,0,sun_17,2026-06-07T17:00:00+07:00,2026-06-07T17:00:00+07:00,sun,pm,81.06823313100979,14.134542049839038,82,16,1.13197866217266,ok,,google
8775758239_5356438314_0,8775758239,5356438314,0,mon_01,2026-06-01T01:00:00+07:00,2026-06-08T01:00:00+07:00,mon,night,86.80180942524768,15.13421198338624,89,34,2.246565598349217,ok,,google
8775758239_5356438314_0,8775758239,5356438314,0,mon_07,2026-06-01T07:00:00+07:00,2026-06-01T07:00:00+07:00,mon,am,86.80180942524768,15.13421198338624,89,34,2.246565598349217,ok,,google
8775758239_5356438314_0,8775758239,5356438314,0,mon_17,2026-06-01T17:00:00+07:00,2026-06-01T17:00:00+07:00,mon,pm,86.80180942524768,15.13421198338624,89,34,2.246565598349217,ok,,google
8775758239_5356438314_0,8775758239,5356438314,0,tue_01,2026-06-02T01:00:00+07:00,2026-06-02T01:00:00+07:00,tue,night,86.80180942524768,15.13421198338624,89,34,2.246565598349217,ok,,google
8775758239_5356438314_0,8775758239,5356438314,0,tue_07,2026-06-02T07:00:00+07:00,2026-06-02T07:00:00+07:00,tue,am,86.80180942524768,15.13421198338624,89,34,2.246565598349217,ok,,google
8775758239_5356438314_0,8775758239,5356438314,0,tue_17,2026-06-02T17:00:00+07:00,2026-06-02T17:00:00+07:00,tue,pm,86.80180942524768,15.13421198338624,89,34,2.246565598349217,ok,,google
8775758239_5356438314_0,8775758239,5356438314,0,wed_01,2026-06-03T01:00:00+07:00,2026-06-03T01:00:00+07:00,wed,night,86.80180942524768,15.13421198338624,89,34,2.246565598349217,ok,,google
8775758239_5356438314_0,8775758239,5356438314,0,wed_07,2026-06-03T07:00:00+07:00,2026-06-03T07:00:00+07:00,wed,am,86.80180942524768,15.13421198338624,89,34,2.246565598349217,ok,,google
8775758239_5356438314_0,8775758239,5356438314,0,wed_17,2026-06-03T17:00:00+07:00,2026-06-03T17:00:00+07:00,wed,pm,86.80180942524768,15.13421198338624,89,34,2.246565598349217,ok,,google
8775758239_5356438314_0,8775758239,5356438314,0,thu_01,2026-06-04T01:00:00+07:00,2026-06-04T01:00:00+07:00,thu,night,86.80180942524768,15.13421198338624,89,34,2.246565598349217,ok,,google
8775758239_5356438314_0,8775758239,5356438314,0,thu_07,2026-06-04T07:00:00+07:00,2026-06-04T07:00:00+07:00,thu,am,86.80180942524768,15.13421198338624,89,34,2.246565598349217,ok,,google
8775758239_5356438314_0,8775758239,5356438314,0,thu_17,2026-06-04T17:00:00+07:00,2026-06-04T17:00:00+07:00,thu,pm,86.80180942524768,15.13421198338624,89,34,2.246565598349217,ok,,google
8775758239_5356438314_0,8775758239,5356438314,0,fri_01,2026-06-05T01:00:00+07:00,2026-06-05T01:00:00+07:00,fri,night,86.80180942524768,15.13421198338624,89,34,2.246565598349217,ok,,google
8775758239_5356438314_0,8775758239,5356438314,0,fri_07,2026-06-05T07:00:00+07:00,2026-06-05T07:00:00+07:00,fri,am,86.80180942524768,15.13421198338624,89,34,2.246565598349217,ok,,google
8775758239_5356438314_0,8775758239,5356438314,0,fri_17,2026-06-05T17:00:00+07:00,2026-06-05T17:00:00+07:00,fri,pm,86.80180942524768,15.13421198338624,89,34,2.246565598349217,ok,,google
8775758239_5356438314_0,8775758239,5356438314,0,sat_01,2026-06-06T01:00:00+07:00,2026-06-06T01:00:00+07:00,sat,night,86.80180942524768,15.13421198338624,89,34,2.246565598349217,ok,,google
8775758239_5356438314_0,8775758239,5356438314,0,sat_07,2026-06-06T07:00:00+07:00,2026-06-06T07:00:00+07:00,sat,am,86.80180942524768,15.13421198338624,89,34,2.246565598349217,ok,,google
8775758239_5356438314_0,8775758239,5356438314,0,sat_17,2026-06-06T17:00:00+07:00,2026-06-06T17:00:00+07:00,sat,pm,86.80180942524768,15.13421198338624,89,34,2.246565598349217,ok,,google
8775758239_5356438314_0,8775758239,5356438314,0,sun_01,2026-06-07T01:00:00+07:00,2026-06-07T01:00:00+07:00,sun,night,86.80180942524768,15.13421198338624,89,34,2.246565598349217,ok,,google
8775758239_5356438314_0,8775758239,5356438314,0,sun_07,2026-06-07T07:00:00+07:00,2026-06-07T07:00:00+07:00,sun,am,86.80180942524768,15.13421198338624,89,34,2.246565598349217,ok,,google
8775758239_5356438314_0,8775758239,5356438314,0,sun_17,2026-06-07T17:00:00+07:00,2026-06-07T17:00:00+07:00,sun,pm,86.80180942524768,15.13421198338624,89,34,2.246565598349217,ok,,google
4054886242_4054886209_0,4054886242,4054886209,0,mon_01,2026-06-01T01:00:00+07:00,2026-06-08T01:00:00+07:00,mon,night,211.5818824533526,36.890072708110615,222,56,1.5180235735259988,ok,,google
4054886242_4054886209_0,4054886242,4054886209,0,mon_07,2026-06-01T07:00:00+07:00,2026-06-01T07:00:00+07:00,mon,am,211.5818824533526,36.890072708110615,222,56,1.5180235735259988,ok,,google
4054886242_4054886209_0,4054886242,4054886209,0,mon_17,2026-06-01T17:00:00+07:00,2026-06-01T17:00:00+07:00,mon,pm,211.5818824533526,36.890072708110615,222,56,1.5180235735259988,ok,,google
4054886242_4054886209_0,4054886242,4054886209,0,tue_01,2026-06-02T01:00:00+07:00,2026-06-02T01:00:00+07:00,tue,night,211.5818824533526,36.890072708110615,222,56,1.5180235735259988,ok,,google
4054886242_4054886209_0,4054886242,4054886209,0,tue_07,2026-06-02T07:00:00+07:00,2026-06-02T07:00:00+07:00,tue,am,211.5818824533526,36.890072708110615,222,56,1.5180235735259988,ok,,google
4054886242_4054886209_0,4054886242,4054886209,0,tue_17,2026-06-02T17:00:00+07:00,2026-06-02T17:00:00+07:00,tue,pm,211.5818824533526,36.890072708110615,222,56,1.5180235735259988,ok,,google
4054886242_4054886209_0,4054886242,4054886209,0,wed_01,2026-06-03T01:00:00+07:00,2026-06-03T01:00:00+07:00,wed,night,211.5818824533526,36.890072708110615,222,56,1.5180235735259988,ok,,google
4054886242_4054886209_0,4054886242,4054886209,0,wed_07,2026-06-03T07:00:00+07:00,2026-06-03T07:00:00+07:00,wed,am,211.5818824533526,36.890072708110615,222,56,1.5180235735259988,ok,,google
4054886242_4054886209_0,4054886242,4054886209,0,wed_17,2026-06-03T17:00:00+07:00,2026-06-03T17:00:00+07:00,wed,pm,211.5818824533526,36.890072708110615,222,56,1.5180235735259988,ok,,google
4054886242_4054886209_0,4054886242,4054886209,0,thu_01,2026-06-04T01:00:00+07:00,2026-06-04T01:00:00+07:00,thu,night,211.5818824533526,36.890072708110615,222,56,1.5180235735259988,ok,,google
4054886242_4054886209_0,4054886242,4054886209,0,thu_07,2026-06-04T07:00:00+07:00,2026-06-04T07:00:00+07:00,thu,am,211.5818824533526,36.890072708110615,222,56,1.5180235735259988,ok,,google
4054886242_4054886209_0,4054886242,4054886209,0,thu_17,2026-06-04T17:00:00+07:00,2026-06-04T17:00:00+07:00,thu,pm,211.5818824533526,36.890072708110615,222,56,1.5180235735259988,ok,,google
4054886242_4054886209_0,4054886242,4054886209,0,fri_01,2026-06-05T01:00:00+07:00,2026-06-05T01:00:00+07:00,fri,night,211.5818824533526,36.890072708110615,222,56,1.5180235735259988,ok,,google
4054886242_4054886209_0,4054886242,4054886209,0,fri_07,2026-06-05T07:00:00+07:00,2026-06-05T07:00:00+07:00,fri,am,211.5818824533526,36.890072708110615,222,56,1.5180235735259988,ok,,google
4054886242_4054886209_0,4054886242,4054886209,0,fri_17,2026-06-05T17:00:00+07:00,2026-06-05T17:00:00+07:00,fri,pm,211.5818824533526,36.890072708110615,222,56,1.5180235735259988,ok,,google
4054886242_4054886209_0,4054886242,4054886209,0,sat_01,2026-06-06T01:00:00+07:00,2026-06-06T01:00:00+07:00,sat,night,211.5818824533526,36.890072708110615,222,56,1.5180235735259988,ok,,google
4054886242_4054886209_0,4054886242,4054886209,0,sat_07,2026-06-06T07:00:00+07:00,2026-06-06T07:00:00+07:00,sat,am,211.5818824533526,36.890072708110615,222,56,1.5180235735259988,ok,,google
4054886242_4054886209_0,4054886242,4054886209,0,sat_17,2026-06-06T17:00:00+07:00,2026-06-06T17:00:00+07:00,sat,pm,211.5818824533526,36.890072708110615,222,56,1.5180235735259988,ok,,google
4054886242_4054886209_0,4054886242,4054886209,0,sun_01,2026-06-07T01:00:00+07:00,2026-06-07T01:00:00+07:00,sun,night,211.5818824533526,36.890072708110615,222,56,1.5180235735259988,ok,,google
4054886242_4054886209_0,4054886242,4054886209,0,sun_07,2026-06-07T07:00:00+07:00,2026-06-07T07:00:00+07:00,sun,am,211.5818824533526,36.890072708110615,222,56,1.5180235735259988,ok,,google
4054886242_4054886209_0,4054886242,4054886209,0,sun_17,2026-06-07T17:00:00+07:00,2026-06-07T17:00:00+07:00,sun,pm,211.5818824533526,36.890072708110615,222,56,1.5180235735259988,ok,,google
5354124377_5354124388_0,5354124377,5354124388,0,mon_01,2026-06-01T01:00:00+07:00,2026-06-08T01:00:00+07:00,mon,night,75.37758971326768,13.142357619857323,74,17,1.2935274242053807,ok,,google
5354124377_5354124388_0,5354124377,5354124388,0,mon_07,2026-06-01T07:00:00+07:00,2026-06-01T07:00:00+07:00,mon,am,75.37758971326768,13.142357619857323,74,17,1.2935274242053807,ok,,google
5354124377_5354124388_0,5354124377,5354124388,0,mon_17,2026-06-01T17:00:00+07:00,2026-06-01T17:00:00+07:00,mon,pm,75.37758971326768,13.142357619857323,74,17,1.2935274242053807,ok,,google
5354124377_5354124388_0,5354124377,5354124388,0,tue_01,2026-06-02T01:00:00+07:00,2026-06-02T01:00:00+07:00,tue,night,75.37758971326768,13.142357619857323,74,17,1.2935274242053807,ok,,google
5354124377_5354124388_0,5354124377,5354124388,0,tue_07,2026-06-02T07:00:00+07:00,2026-06-02T07:00:00+07:00,tue,am,75.37758971326768,13.142357619857323,74,17,1.2935274242053807,ok,,google
5354124377_5354124388_0,5354124377,5354124388,0,tue_17,2026-06-02T17:00:00+07:00,2026-06-02T17:00:00+07:00,tue,pm,75.37758971326768,13.142357619857323,74,17,1.2935274242053807,ok,,google
5354124377_5354124388_0,5354124377,5354124388,0,wed_01,2026-06-03T01:00:00+07:00,2026-06-03T01:00:00+07:00,wed,night,75.37758971326768,13.142357619857323,74,17,1.2935274242053807,ok,,google
5354124377_5354124388_0,5354124377,5354124388,0,wed_07,2026-06-03T07:00:00+07:00,2026-06-03T07:00:00+07:00,wed,am,75.37758971326768,13.142357619857323,74,17,1.2935274242053807,ok,,google
5354124377_5354124388_0,5354124377,5354124388,0,wed_17,2026-06-03T17:00:00+07:00,2026-06-03T17:00:00+07:00,wed,pm,75.37758971326768,13.142357619857323,74,17,1.2935274242053807,ok,,google
5354124377_5354124388_0,5354124377,5354124388,0,thu_01,2026-06-04T01:00:00+07:00,2026-06-04T01:00:00+07:00,thu,night,75.37758971326768,13.142357619857323,74,17,1.2935274242053807,ok,,google
5354124377_5354124388_0,5354124377,5354124388,0,thu_07,2026-06-04T07:00:00+07:00,2026-06-04T07:00:00+07:00,thu,am,75.37758971326768,13.142357619857323,74,17,1.2935274242053807,ok,,google
5354124377_5354124388_0,5354124377,5354124388,0,thu_17,2026-06-04T17:00:00+07:00,2026-06-04T17:00:00+07:00,thu,pm,75.37758971326768,13.142357619857323,74,17,1.2935274242053807,ok,,google
5354124377_5354124388_0,5354124377,5354124388,0,fri_01,2026-06-05T01:00:00+07:00,2026-06-05T01:00:00+07:00,fri,night,75.37758971326768,13.142357619857323,74,17,1.2935274242053807,ok,,google
5354124377_5354124388_0,5354124377,5354124388,0,fri_07,2026-06-05T07:00:00+07:00,2026-06-05T07:00:00+07:00,fri,am,75.37758971326768,13.142357619857323,74,17,1.2935274242053807,ok,,google
5354124377_5354124388_0,5354124377,5354124388,0,fri_17,2026-06-05T17:00:00+07:00,2026-06-05T17:00:00+07:00,fri,pm,75.37758971326768,13.142357619857323,74,17,1.2935274242053807,ok,,google
5354124377_5354124388_0,5354124377,5354124388,0,sat_01,2026-06-06T01:00:00+07:00,2026-06-06T01:00:00+07:00,sat,night,75.37758971326768,13.142357619857323,74,17,1.2935274242053807,ok,,google
5354124377_5354124388_0,5354124377,5354124388,0,sat_07,2026-06-06T07:00:00+07:00,2026-06-06T07:00:00+07:00,sat,am,75.37758971326768,13.142357619857323,74,17,1.2935274242053807,ok,,google
5354124377_5354124388_0,5354124377,5354124388,0,sat_17,2026-06-06T17:00:00+07:00,2026-06-06T17:00:00+07:00,sat,pm,75.37758971326768,13.142357619857323,74,17,1.2935274242053807,ok,,google
5354124377_5354124388_0,5354124377,5354124388,0,sun_01,2026-06-07T01:00:00+07:00,2026-06-07T01:00:00+07:00,sun,night,75.37758971326768,13.142357619857323,74,17,1.2935274242053807,ok,,google
5354124377_5354124388_0,5354124377,5354124388,0,sun_07,2026-06-07T07:00:00+07:00,2026-06-07T07:00:00+07:00,sun,am,75.37758971326768,13.142357619857323,74,17,1.2935274242053807,ok,,google
5354124377_5354124388_0,5354124377,5354124388,0,sun_17,2026-06-07T17:00:00+07:00,2026-06-07T17:00:00+07:00,sun,pm,75.37758971326768,13.142357619857323,74,17,1.2935274242053807,ok,,google
1778148903_1778148847_0,1778148903,1778148847,0,mon_01,2026-06-01T01:00:00+07:00,2026-06-08T01:00:00+07:00,mon,night,150.62684774848378,26.262340143703675,158,37,1.408861502727534,ok,,google
1778148903_1778148847_0,1778148903,1778148847,0,mon_07,2026-06-01T07:00:00+07:00,2026-06-01T07:00:00+07:00,mon,am,150.62684774848378,26.262340143703675,158,35,1.332706826904424,ok,,google
1778148903_1778148847_0,1778148903,1778148847,0,mon_17,2026-06-01T17:00:00+07:00,2026-06-01T17:00:00+07:00,mon,pm,150.62684774848378,26.262340143703675,158,38,1.446938840639089,ok,,google
1778148903_1778148847_0,1778148903,1778148847,0,tue_01,2026-06-02T01:00:00+07:00,2026-06-02T01:00:00+07:00,tue,night,150.62684774848378,26.262340143703675,158,37,1.408861502727534,ok,,google
1778148903_1778148847_0,1778148903,1778148847,0,tue_07,2026-06-02T07:00:00+07:00,2026-06-02T07:00:00+07:00,tue,am,150.62684774848378,26.262340143703675,158,38,1.446938840639089,ok,,google
1778148903_1778148847_0,1778148903,1778148847,0,tue_17,2026-06-02T17:00:00+07:00,2026-06-02T17:00:00+07:00,tue,pm,150.62684774848378,26.262340143703675,158,38,1.446938840639089,ok,,google
1778148903_1778148847_0,1778148903,1778148847,0,wed_01,2026-06-03T01:00:00+07:00,2026-06-03T01:00:00+07:00,wed,night,150.62684774848378,26.262340143703675,158,37,1.408861502727534,ok,,google
1778148903_1778148847_0,1778148903,1778148847,0,wed_07,2026-06-03T07:00:00+07:00,2026-06-03T07:00:00+07:00,wed,am,150.62684774848378,26.262340143703675,158,38,1.446938840639089,ok,,google
1778148903_1778148847_0,1778148903,1778148847,0,wed_17,2026-06-03T17:00:00+07:00,2026-06-03T17:00:00+07:00,wed,pm,150.62684774848378,26.262340143703675,158,38,1.446938840639089,ok,,google
1778148903_1778148847_0,1778148903,1778148847,0,thu_01,2026-06-04T01:00:00+07:00,2026-06-04T01:00:00+07:00,thu,night,150.62684774848378,26.262340143703675,158,37,1.408861502727534,ok,,google
1778148903_1778148847_0,1778148903,1778148847,0,thu_07,2026-06-04T07:00:00+07:00,2026-06-04T07:00:00+07:00,thu,am,150.62684774848378,26.262340143703675,158,38,1.446938840639089,ok,,google
1778148903_1778148847_0,1778148903,1778148847,0,thu_17,2026-06-04T17:00:00+07:00,2026-06-04T17:00:00+07:00,thu,pm,150.62684774848378,26.262340143703675,158,38,1.446938840639089,ok,,google
1778148903_1778148847_0,1778148903,1778148847,0,fri_01,2026-06-05T01:00:00+07:00,2026-06-05T01:00:00+07:00,fri,night,150.62684774848378,26.262340143703675,158,37,1.408861502727534,ok,,google
1778148903_1778148847_0,1778148903,1778148847,0,fri_07,2026-06-05T07:00:00+07:00,2026-06-05T07:00:00+07:00,fri,am,150.62684774848378,26.262340143703675,158,38,1.446938840639089,ok,,google
1778148903_1778148847_0,1778148903,1778148847,0,fri_17,2026-06-05T17:00:00+07:00,2026-06-05T17:00:00+07:00,fri,pm,150.62684774848378,26.262340143703675,158,38,1.446938840639089,ok,,google
1778148903_1778148847_0,1778148903,1778148847,0,sat_01,2026-06-06T01:00:00+07:00,2026-06-06T01:00:00+07:00,sat,night,150.62684774848378,26.262340143703675,158,37,1.408861502727534,ok,,google
1778148903_1778148847_0,1778148903,1778148847,0,sat_07,2026-06-06T07:00:00+07:00,2026-06-06T07:00:00+07:00,sat,am,150.62684774848378,26.262340143703675,158,38,1.446938840639089,ok,,google
1778148903_1778148847_0,1778148903,1778148847,0,sat_17,2026-06-06T17:00:00+07:00,2026-06-06T17:00:00+07:00,sat,pm,150.62684774848378,26.262340143703675,158,38,1.446938840639089,ok,,google
1778148903_1778148847_0,1778148903,1778148847,0,sun_01,2026-06-07T01:00:00+07:00,2026-06-07T01:00:00+07:00,sun,night,150.62684774848378,26.262340143703675,158,38,1.446938840639089,ok,,google
1778148903_1778148847_0,1778148903,1778148847,0,sun_07,2026-06-07T07:00:00+07:00,2026-06-07T07:00:00+07:00,sun,am,150.62684774848378,26.262340143703675,158,38,1.446938840639089,ok,,google
1778148903_1778148847_0,1778148903,1778148847,0,sun_17,2026-06-07T17:00:00+07:00,2026-06-07T17:00:00+07:00,sun,pm,150.62684774848378,26.262340143703675,158,38,1.446938840639089,ok,,google
29377902_29377916_0,29377902,29377916,0,mon_01,2026-06-01T01:00:00+07:00,2026-06-08T01:00:00+07:00,mon,night,144.25132454626026,25.150744425983728,142,39,1.5506499266760603,ok,,google
29377902_29377916_0,29377902,29377916,0,mon_07,2026-06-01T07:00:00+07:00,2026-06-01T07:00:00+07:00,mon,am,144.25132454626026,25.150744425983728,142,39,1.5506499266760603,ok,,google
29377902_29377916_0,29377902,29377916,0,mon_17,2026-06-01T17:00:00+07:00,2026-06-01T17:00:00+07:00,mon,pm,144.25132454626026,25.150744425983728,142,39,1.5506499266760603,ok,,google
29377902_29377916_0,29377902,29377916,0,tue_01,2026-06-02T01:00:00+07:00,2026-06-02T01:00:00+07:00,tue,night,144.25132454626026,25.150744425983728,142,39,1.5506499266760603,ok,,google
29377902_29377916_0,29377902,29377916,0,tue_07,2026-06-02T07:00:00+07:00,2026-06-02T07:00:00+07:00,tue,am,144.25132454626026,25.150744425983728,142,39,1.5506499266760603,ok,,google
29377902_29377916_0,29377902,29377916,0,tue_17,2026-06-02T17:00:00+07:00,2026-06-02T17:00:00+07:00,tue,pm,144.25132454626026,25.150744425983728,142,39,1.5506499266760603,ok,,google
29377902_29377916_0,29377902,29377916,0,wed_01,2026-06-03T01:00:00+07:00,2026-06-03T01:00:00+07:00,wed,night,144.25132454626026,25.150744425983728,142,39,1.5506499266760603,ok,,google
29377902_29377916_0,29377902,29377916,0,wed_07,2026-06-03T07:00:00+07:00,2026-06-03T07:00:00+07:00,wed,am,144.25132454626026,25.150744425983728,142,39,1.5506499266760603,ok,,google
29377902_29377916_0,29377902,29377916,0,wed_17,2026-06-03T17:00:00+07:00,2026-06-03T17:00:00+07:00,wed,pm,144.25132454626026,25.150744425983728,142,39,1.5506499266760603,ok,,google
29377902_29377916_0,29377902,29377916,0,thu_01,2026-06-04T01:00:00+07:00,2026-06-04T01:00:00+07:00,thu,night,144.25132454626026,25.150744425983728,142,39,1.5506499266760603,ok,,google
29377902_29377916_0,29377902,29377916,0,thu_07,2026-06-04T07:00:00+07:00,2026-06-04T07:00:00+07:00,thu,am,144.25132454626026,25.150744425983728,142,39,1.5506499266760603,ok,,google
29377902_29377916_0,29377902,29377916,0,thu_17,2026-06-04T17:00:00+07:00,2026-06-04T17:00:00+07:00,thu,pm,144.25132454626026,25.150744425983728,142,39,1.5506499266760603,ok,,google
29377902_29377916_0,29377902,29377916,0,fri_01,2026-06-05T01:00:00+07:00,2026-06-05T01:00:00+07:00,fri,night,144.25132454626026,25.150744425983728,142,39,1.5506499266760603,ok,,google
29377902_29377916_0,29377902,29377916,0,fri_07,2026-06-05T07:00:00+07:00,2026-06-05T07:00:00+07:00,fri,am,144.25132454626026,25.150744425983728,142,39,1.5506499266760603,ok,,google
29377902_29377916_0,29377902,29377916,0,fri_17,2026-06-05T17:00:00+07:00,2026-06-05T17:00:00+07:00,fri,pm,144.25132454626026,25.150744425983728,142,39,1.5506499266760603,ok,,google
29377902_29377916_0,29377902,29377916,0,sat_01,2026-06-06T01:00:00+07:00,2026-06-06T01:00:00+07:00,sat,night,144.25132454626026,25.150744425983728,142,39,1.5506499266760603,ok,,google
29377902_29377916_0,29377902,29377916,0,sat_07,2026-06-06T07:00:00+07:00,2026-06-06T07:00:00+07:00,sat,am,144.25132454626026,25.150744425983728,142,39,1.5506499266760603,ok,,google
29377902_29377916_0,29377902,29377916,0,sat_17,2026-06-06T17:00:00+07:00,2026-06-06T17:00:00+07:00,sat,pm,144.25132454626026,25.150744425983728,142,39,1.5506499266760603,ok,,google
29377902_29377916_0,29377902,29377916,0,sun_01,2026-06-07T01:00:00+07:00,2026-06-07T01:00:00+07:00,sun,night,144.25132454626026,25.150744425983728,142,39,1.5506499266760603,ok,,google
29377902_29377916_0,29377902,29377916,0,sun_07,2026-06-07T07:00:00+07:00,2026-06-07T07:00:00+07:00,sun,am,144.25132454626026,25.150744425983728,142,39,1.5506499266760603,ok,,google
29377902_29377916_0,29377902,29377916,0,sun_17,2026-06-07T17:00:00+07:00,2026-06-07T17:00:00+07:00,sun,pm,144.25132454626026,25.150744425983728,142,39,1.5506499266760603,ok,,google
5482194014_5353901415_0,5482194014,5353901415,0,mon_01,2026-06-01T01:00:00+07:00,2026-06-08T01:00:00+07:00,mon,night,139.63932055084473,24.346624712385445,140,26,1.0679098358456833,ok,,google
5482194014_5353901415_0,5482194014,5353901415,0,mon_07,2026-06-01T07:00:00+07:00,2026-06-01T07:00:00+07:00,mon,am,139.63932055084473,24.346624712385445,140,27,1.1089832910705173,ok,,google
5482194014_5353901415_0,5482194014,5353901415,0,mon_17,2026-06-01T17:00:00+07:00,2026-06-01T17:00:00+07:00,mon,pm,139.63932055084473,24.346624712385445,140,31,1.2732771119698534,ok,,google
5482194014_5353901415_0,5482194014,5353901415,0,tue_01,2026-06-02T01:00:00+07:00,2026-06-02T01:00:00+07:00,tue,night,139.63932055084473,24.346624712385445,140,26,1.0679098358456833,ok,,google
5482194014_5353901415_0,5482194014,5353901415,0,tue_07,2026-06-02T07:00:00+07:00,2026-06-02T07:00:00+07:00,tue,am,139.63932055084473,24.346624712385445,140,27,1.1089832910705173,ok,,google
5482194014_5353901415_0,5482194014,5353901415,0,tue_17,2026-06-02T17:00:00+07:00,2026-06-02T17:00:00+07:00,tue,pm,139.63932055084473,24.346624712385445,140,33,1.3554240224195213,ok,,google
5482194014_5353901415_0,5482194014,5353901415,0,wed_01,2026-06-03T01:00:00+07:00,2026-06-03T01:00:00+07:00,wed,night,139.63932055084473,24.346624712385445,140,26,1.0679098358456833,ok,,google
5482194014_5353901415_0,5482194014,5353901415,0,wed_07,2026-06-03T07:00:00+07:00,2026-06-03T07:00:00+07:00,wed,am,139.63932055084473,24.346624712385445,140,26,1.0679098358456833,ok,,google
5482194014_5353901415_0,5482194014,5353901415,0,wed_17,2026-06-03T17:00:00+07:00,2026-06-03T17:00:00+07:00,wed,pm,139.63932055084473,24.346624712385445,140,31,1.2732771119698534,ok,,google
5482194014_5353901415_0,5482194014,5353901415,0,thu_01,2026-06-04T01:00:00+07:00,2026-06-04T01:00:00+07:00,thu,night,139.63932055084473,24.346624712385445,140,26,1.0679098358456833,ok,,google
5482194014_5353901415_0,5482194014,5353901415,0,thu_07,2026-06-04T07:00:00+07:00,2026-06-04T07:00:00+07:00,thu,am,139.63932055084473,24.346624712385445,140,29,1.1911302015201854,ok,,google
5482194014_5353901415_0,5482194014,5353901415,0,thu_17,2026-06-04T17:00:00+07:00,2026-06-04T17:00:00+07:00,thu,pm,139.63932055084473,24.346624712385445,140,31,1.2732771119698534,ok,,google
5482194014_5353901415_0,5482194014,5353901415,0,fri_01,2026-06-05T01:00:00+07:00,2026-06-05T01:00:00+07:00,fri,night,139.63932055084473,24.346624712385445,140,26,1.0679098358456833,ok,,google
5482194014_5353901415_0,5482194014,5353901415,0,fri_07,2026-06-05T07:00:00+07:00,2026-06-05T07:00:00+07:00,fri,am,139.63932055084473,24.346624712385445,140,29,1.1911302015201854,ok,,google
5482194014_5353901415_0,5482194014,5353901415,0,fri_17,2026-06-05T17:00:00+07:00,2026-06-05T17:00:00+07:00,fri,pm,139.63932055084473,24.346624712385445,140,31,1.2732771119698534,ok,,google
5482194014_5353901415_0,5482194014,5353901415,0,sat_01,2026-06-06T01:00:00+07:00,2026-06-06T01:00:00+07:00,sat,night,139.63932055084473,24.346624712385445,140,26,1.0679098358456833,ok,,google
5482194014_5353901415_0,5482194014,5353901415,0,sat_07,2026-06-06T07:00:00+07:00,2026-06-06T07:00:00+07:00,sat,am,139.63932055084473,24.346624712385445,140,49,2.012599306016865,ok,,google
5482194014_5353901415_0,5482194014,5353901415,0,sat_17,2026-06-06T17:00:00+07:00,2026-06-06T17:00:00+07:00,sat,pm,139.63932055084473,24.346624712385445,140,31,1.2732771119698534,ok,,google
5482194014_5353901415_0,5482194014,5353901415,0,sun_01,2026-06-07T01:00:00+07:00,2026-06-07T01:00:00+07:00,sun,night,139.63932055084473,24.346624712385445,140,26,1.0679098358456833,ok,,google
5482194014_5353901415_0,5482194014,5353901415,0,sun_07,2026-06-07T07:00:00+07:00,2026-06-07T07:00:00+07:00,sun,am,139.63932055084473,24.346624712385445,140,22,0.9036160149463475,ok,,google
5482194014_5353901415_0,5482194014,5353901415,0,sun_17,2026-06-07T17:00:00+07:00,2026-06-07T17:00:00+07:00,sun,pm,139.63932055084473,24.346624712385445,140,31,1.2732771119698534,ok,,google
3108109961_3108109966_0,3108109961,3108109966,0,mon_01,2026-06-01T01:00:00+07:00,2026-06-08T01:00:00+07:00,mon,night,66.0762255797776,11.520630867120305,67,24,2.083219250474869,ok,,google
3108109961_3108109966_0,3108109961,3108109966,0,mon_07,2026-06-01T07:00:00+07:00,2026-06-01T07:00:00+07:00,mon,am,66.0762255797776,11.520630867120305,67,24,2.083219250474869,ok,,google
3108109961_3108109966_0,3108109961,3108109966,0,mon_17,2026-06-01T17:00:00+07:00,2026-06-01T17:00:00+07:00,mon,pm,66.0762255797776,11.520630867120305,67,24,2.083219250474869,ok,,google
3108109961_3108109966_0,3108109961,3108109966,0,tue_01,2026-06-02T01:00:00+07:00,2026-06-02T01:00:00+07:00,tue,night,66.0762255797776,11.520630867120305,67,24,2.083219250474869,ok,,google
3108109961_3108109966_0,3108109961,3108109966,0,tue_07,2026-06-02T07:00:00+07:00,2026-06-02T07:00:00+07:00,tue,am,66.0762255797776,11.520630867120305,67,24,2.083219250474869,ok,,google
3108109961_3108109966_0,3108109961,3108109966,0,tue_17,2026-06-02T17:00:00+07:00,2026-06-02T17:00:00+07:00,tue,pm,66.0762255797776,11.520630867120305,67,24,2.083219250474869,ok,,google
3108109961_3108109966_0,3108109961,3108109966,0,wed_01,2026-06-03T01:00:00+07:00,2026-06-03T01:00:00+07:00,wed,night,66.0762255797776,11.520630867120305,67,24,2.083219250474869,ok,,google
3108109961_3108109966_0,3108109961,3108109966,0,wed_07,2026-06-03T07:00:00+07:00,2026-06-03T07:00:00+07:00,wed,am,66.0762255797776,11.520630867120305,67,24,2.083219250474869,ok,,google
3108109961_3108109966_0,3108109961,3108109966,0,wed_17,2026-06-03T17:00:00+07:00,2026-06-03T17:00:00+07:00,wed,pm,66.0762255797776,11.520630867120305,67,24,2.083219250474869,ok,,google
3108109961_3108109966_0,3108109961,3108109966,0,thu_01,2026-06-04T01:00:00+07:00,2026-06-04T01:00:00+07:00,thu,night,66.0762255797776,11.520630867120305,67,24,2.083219250474869,ok,,google
3108109961_3108109966_0,3108109961,3108109966,0,thu_07,2026-06-04T07:00:00+07:00,2026-06-04T07:00:00+07:00,thu,am,66.0762255797776,11.520630867120305,67,24,2.083219250474869,ok,,google
3108109961_3108109966_0,3108109961,3108109966,0,thu_17,2026-06-04T17:00:00+07:00,2026-06-04T17:00:00+07:00,thu,pm,66.0762255797776,11.520630867120305,67,24,2.083219250474869,ok,,google
3108109961_3108109966_0,3108109961,3108109966,0,fri_01,2026-06-05T01:00:00+07:00,2026-06-05T01:00:00+07:00,fri,night,66.0762255797776,11.520630867120305,67,24,2.083219250474869,ok,,google
3108109961_3108109966_0,3108109961,3108109966,0,fri_07,2026-06-05T07:00:00+07:00,2026-06-05T07:00:00+07:00,fri,am,66.0762255797776,11.520630867120305,67,24,2.083219250474869,ok,,google
3108109961_3108109966_0,3108109961,3108109966,0,fri_17,2026-06-05T17:00:00+07:00,2026-06-05T17:00:00+07:00,fri,pm,66.0762255797776,11.520630867120305,67,24,2.083219250474869,ok,,google
3108109961_3108109966_0,3108109961,3108109966,0,sat_01,2026-06-06T01:00:00+07:00,2026-06-06T01:00:00+07:00,sat,night,66.0762255797776,11.520630867120305,67,24,2.083219250474869,ok,,google
3108109961_3108109966_0,3108109961,3108109966,0,sat_07,2026-06-06T07:00:00+07:00,2026-06-06T07:00:00+07:00,sat,am,66.0762255797776,11.520630867120305,67,24,2.083219250474869,ok,,google
3108109961_3108109966_0,3108109961,3108109966,0,sat_17,2026-06-06T17:00:00+07:00,2026-06-06T17:00:00+07:00,sat,pm,66.0762255797776,11.520630867120305,67,24,2.083219250474869,ok,,google
3108109961_3108109966_0,3108109961,3108109966,0,sun_01,2026-06-07T01:00:00+07:00,2026-06-07T01:00:00+07:00,sun,night,66.0762255797776,11.520630867120305,67,24,2.083219250474869,ok,,google
3108109961_3108109966_0,3108109961,3108109966,0,sun_07,2026-06-07T07:00:00+07:00,2026-06-07T07:00:00+07:00,sun,am,66.0762255797776,11.520630867120305,67,24,2.083219250474869,ok,,google
3108109961_3108109966_0,3108109961,3108109966,0,sun_17,2026-06-07T17:00:00+07:00,2026-06-07T17:00:00+07:00,sun,pm,66.0762255797776,11.520630867120305,67,24,2.083219250474869,ok,,google
3115173106_3115195450_0,3115173106,3115195450,0,mon_01,2026-06-01T01:00:00+07:00,2026-06-08T01:00:00+07:00,mon,night,241.6695599892896,42.13596899681392,238,52,1.2341000156880677,ok,,google
3115173106_3115195450_0,3115173106,3115195450,0,mon_07,2026-06-01T07:00:00+07:00,2026-06-01T07:00:00+07:00,mon,am,241.6695599892896,42.13596899681392,238,52,1.2341000156880677,ok,,google
3115173106_3115195450_0,3115173106,3115195450,0,mon_17,2026-06-01T17:00:00+07:00,2026-06-01T17:00:00+07:00,mon,pm,241.6695599892896,42.13596899681392,238,52,1.2341000156880677,ok,,google
3115173106_3115195450_0,3115173106,3115195450,0,tue_01,2026-06-02T01:00:00+07:00,2026-06-02T01:00:00+07:00,tue,night,241.6695599892896,42.13596899681392,238,52,1.2341000156880677,ok,,google
3115173106_3115195450_0,3115173106,3115195450,0,tue_07,2026-06-02T07:00:00+07:00,2026-06-02T07:00:00+07:00,tue,am,241.6695599892896,42.13596899681392,238,52,1.2341000156880677,ok,,google
3115173106_3115195450_0,3115173106,3115195450,0,tue_17,2026-06-02T17:00:00+07:00,2026-06-02T17:00:00+07:00,tue,pm,241.6695599892896,42.13596899681392,238,52,1.2341000156880677,ok,,google
3115173106_3115195450_0,3115173106,3115195450,0,wed_01,2026-06-03T01:00:00+07:00,2026-06-03T01:00:00+07:00,wed,night,241.6695599892896,42.13596899681392,238,52,1.2341000156880677,ok,,google
3115173106_3115195450_0,3115173106,3115195450,0,wed_07,2026-06-03T07:00:00+07:00,2026-06-03T07:00:00+07:00,wed,am,241.6695599892896,42.13596899681392,238,52,1.2341000156880677,ok,,google
3115173106_3115195450_0,3115173106,3115195450,0,wed_17,2026-06-03T17:00:00+07:00,2026-06-03T17:00:00+07:00,wed,pm,241.6695599892896,42.13596899681392,238,52,1.2341000156880677,ok,,google
3115173106_3115195450_0,3115173106,3115195450,0,thu_01,2026-06-04T01:00:00+07:00,2026-06-04T01:00:00+07:00,thu,night,241.6695599892896,42.13596899681392,238,52,1.2341000156880677,ok,,google
3115173106_3115195450_0,3115173106,3115195450,0,thu_07,2026-06-04T07:00:00+07:00,2026-06-04T07:00:00+07:00,thu,am,241.6695599892896,42.13596899681392,238,52,1.2341000156880677,ok,,google
3115173106_3115195450_0,3115173106,3115195450,0,thu_17,2026-06-04T17:00:00+07:00,2026-06-04T17:00:00+07:00,thu,pm,241.6695599892896,42.13596899681392,238,52,1.2341000156880677,ok,,google
3115173106_3115195450_0,3115173106,3115195450,0,fri_01,2026-06-05T01:00:00+07:00,2026-06-05T01:00:00+07:00,fri,night,241.6695599892896,42.13596899681392,238,52,1.2341000156880677,ok,,google
3115173106_3115195450_0,3115173106,3115195450,0,fri_07,2026-06-05T07:00:00+07:00,2026-06-05T07:00:00+07:00,fri,am,241.6695599892896,42.13596899681392,238,52,1.2341000156880677,ok,,google
3115173106_3115195450_0,3115173106,3115195450,0,fri_17,2026-06-05T17:00:00+07:00,2026-06-05T17:00:00+07:00,fri,pm,241.6695599892896,42.13596899681392,238,52,1.2341000156880677,ok,,google
3115173106_3115195450_0,3115173106,3115195450,0,sat_01,2026-06-06T01:00:00+07:00,2026-06-06T01:00:00+07:00,sat,night,241.6695599892896,42.13596899681392,238,52,1.2341000156880677,ok,,google
3115173106_3115195450_0,3115173106,3115195450,0,sat_07,2026-06-06T07:00:00+07:00,2026-06-06T07:00:00+07:00,sat,am,241.6695599892896,42.13596899681392,238,52,1.2341000156880677,ok,,google
3115173106_3115195450_0,3115173106,3115195450,0,sat_17,2026-06-06T17:00:00+07:00,2026-06-06T17:00:00+07:00,sat,pm,241.6695599892896,42.13596899681392,238,52,1.2341000156880677,ok,,google
3115173106_3115195450_0,3115173106,3115195450,0,sun_01,2026-06-07T01:00:00+07:00,2026-06-07T01:00:00+07:00,sun,night,241.6695599892896,42.13596899681392,238,52,1.2341000156880677,ok,,google
3115173106_3115195450_0,3115173106,3115195450,0,sun_07,2026-06-07T07:00:00+07:00,2026-06-07T07:00:00+07:00,sun,am,241.6695599892896,42.13596899681392,238,52,1.2341000156880677,ok,,google
3115173106_3115195450_0,3115173106,3115195450,0,sun_17,2026-06-07T17:00:00+07:00,2026-06-07T17:00:00+07:00,sun,pm,241.6695599892896,42.13596899681392,238,52,1.2341000156880677,ok,,google
5389085448_5354199913_0,5389085448,5354199913,0,mon_01,2026-06-01T01:00:00+07:00,2026-06-08T01:00:00+07:00,mon,night,93.22038564855998,16.253314152319557,92,18,1.1074664423090086,ok,,google
5389085448_5354199913_0,5389085448,5354199913,0,mon_07,2026-06-01T07:00:00+07:00,2026-06-01T07:00:00+07:00,mon,am,93.22038564855998,16.253314152319557,92,18,1.1074664423090086,ok,,google
5389085448_5354199913_0,5389085448,5354199913,0,mon_17,2026-06-01T17:00:00+07:00,2026-06-01T17:00:00+07:00,mon,pm,93.22038564855998,16.253314152319557,92,18,1.1074664423090086,ok,,google
5389085448_5354199913_0,5389085448,5354199913,0,tue_01,2026-06-02T01:00:00+07:00,2026-06-02T01:00:00+07:00,tue,night,93.22038564855998,16.253314152319557,92,18,1.1074664423090086,ok,,google
5389085448_5354199913_0,5389085448,5354199913,0,tue_07,2026-06-02T07:00:00+07:00,2026-06-02T07:00:00+07:00,tue,am,93.22038564855998,16.253314152319557,92,18,1.1074664423090086,ok,,google
5389085448_5354199913_0,5389085448,5354199913,0,tue_17,2026-06-02T17:00:00+07:00,2026-06-02T17:00:00+07:00,tue,pm,93.22038564855998,16.253314152319557,92,18,1.1074664423090086,ok,,google
5389085448_5354199913_0,5389085448,5354199913,0,wed_01,2026-06-03T01:00:00+07:00,2026-06-03T01:00:00+07:00,wed,night,93.22038564855998,16.253314152319557,92,18,1.1074664423090086,ok,,google
5389085448_5354199913_0,5389085448,5354199913,0,wed_07,2026-06-03T07:00:00+07:00,2026-06-03T07:00:00+07:00,wed,am,93.22038564855998,16.253314152319557,92,18,1.1074664423090086,ok,,google
5389085448_5354199913_0,5389085448,5354199913,0,wed_17,2026-06-03T17:00:00+07:00,2026-06-03T17:00:00+07:00,wed,pm,93.22038564855998,16.253314152319557,92,18,1.1074664423090086,ok,,google
5389085448_5354199913_0,5389085448,5354199913,0,thu_01,2026-06-04T01:00:00+07:00,2026-06-04T01:00:00+07:00,thu,night,93.22038564855998,16.253314152319557,92,18,1.1074664423090086,ok,,google
5389085448_5354199913_0,5389085448,5354199913,0,thu_07,2026-06-04T07:00:00+07:00,2026-06-04T07:00:00+07:00,thu,am,93.22038564855998,16.253314152319557,92,18,1.1074664423090086,ok,,google
5389085448_5354199913_0,5389085448,5354199913,0,thu_17,2026-06-04T17:00:00+07:00,2026-06-04T17:00:00+07:00,thu,pm,93.22038564855998,16.253314152319557,92,18,1.1074664423090086,ok,,google
5389085448_5354199913_0,5389085448,5354199913,0,fri_01,2026-06-05T01:00:00+07:00,2026-06-05T01:00:00+07:00,fri,night,93.22038564855998,16.253314152319557,92,18,1.1074664423090086,ok,,google
5389085448_5354199913_0,5389085448,5354199913,0,fri_07,2026-06-05T07:00:00+07:00,2026-06-05T07:00:00+07:00,fri,am,93.22038564855998,16.253314152319557,92,18,1.1074664423090086,ok,,google
5389085448_5354199913_0,5389085448,5354199913,0,fri_17,2026-06-05T17:00:00+07:00,2026-06-05T17:00:00+07:00,fri,pm,93.22038564855998,16.253314152319557,92,18,1.1074664423090086,ok,,google
5389085448_5354199913_0,5389085448,5354199913,0,sat_01,2026-06-06T01:00:00+07:00,2026-06-06T01:00:00+07:00,sat,night,93.22038564855998,16.253314152319557,92,18,1.1074664423090086,ok,,google
5389085448_5354199913_0,5389085448,5354199913,0,sat_07,2026-06-06T07:00:00+07:00,2026-06-06T07:00:00+07:00,sat,am,93.22038564855998,16.253314152319557,92,18,1.1074664423090086,ok,,google
5389085448_5354199913_0,5389085448,5354199913,0,sat_17,2026-06-06T17:00:00+07:00,2026-06-06T17:00:00+07:00,sat,pm,93.22038564855998,16.253314152319557,92,18,1.1074664423090086,ok,,google
5389085448_5354199913_0,5389085448,5354199913,0,sun_01,2026-06-07T01:00:00+07:00,2026-06-07T01:00:00+07:00,sun,night,93.22038564855998,16.253314152319557,92,18,1.1074664423090086,ok,,google
5389085448_5354199913_0,5389085448,5354199913,0,sun_07,2026-06-07T07:00:00+07:00,2026-06-07T07:00:00+07:00,sun,am,93.22038564855998,16.253314152319557,92,18,1.1074664423090086,ok,,google
5389085448_5354199913_0,5389085448,5354199913,0,sun_17,2026-06-07T17:00:00+07:00,2026-06-07T17:00:00+07:00,sun,pm,93.22038564855998,16.253314152319557,92,18,1.1074664423090086,ok,,google
1396378245_1396378169_0,1396378245,1396378169,0,mon_01,2026-06-01T01:00:00+07:00,2026-06-08T01:00:00+07:00,mon,night,62.767983030085674,10.943826715559233,65,13,1.1878843057262074,ok,,google
1396378245_1396378169_0,1396378245,1396378169,0,mon_07,2026-06-01T07:00:00+07:00,2026-06-01T07:00:00+07:00,mon,am,62.767983030085674,10.943826715559233,65,9,0.8223814424258359,ok,,google
1396378245_1396378169_0,1396378245,1396378169,0,mon_17,2026-06-01T17:00:00+07:00,2026-06-01T17:00:00+07:00,mon,pm,62.767983030085674,10.943826715559233,65,19,1.7361386006767647,ok,,google
1396378245_1396378169_0,1396378245,1396378169,0,tue_01,2026-06-02T01:00:00+07:00,2026-06-02T01:00:00+07:00,tue,night,62.767983030085674,10.943826715559233,65,13,1.1878843057262074,ok,,google
1396378245_1396378169_0,1396378245,1396378169,0,tue_07,2026-06-02T07:00:00+07:00,2026-06-02T07:00:00+07:00,tue,am,62.767983030085674,10.943826715559233,65,13,1.1878843057262074,ok,,google
1396378245_1396378169_0,1396378245,1396378169,0,tue_17,2026-06-02T17:00:00+07:00,2026-06-02T17:00:00+07:00,tue,pm,62.767983030085674,10.943826715559233,65,11,1.0051328740760217,ok,,google
1396378245_1396378169_0,1396378245,1396378169,0,wed_01,2026-06-03T01:00:00+07:00,2026-06-03T01:00:00+07:00,wed,night,62.767983030085674,10.943826715559233,65,13,1.1878843057262074,ok,,google
1396378245_1396378169_0,1396378245,1396378169,0,wed_07,2026-06-03T07:00:00+07:00,2026-06-03T07:00:00+07:00,wed,am,62.767983030085674,10.943826715559233,65,14,1.2792600215513004,ok,,google
1396378245_1396378169_0,1396378245,1396378169,0,wed_17,2026-06-03T17:00:00+07:00,2026-06-03T17:00:00+07:00,wed,pm,62.767983030085674,10.943826715559233,65,15,1.370635737376393,ok,,google
1396378245_1396378169_0,1396378245,1396378169,0,thu_01,2026-06-04T01:00:00+07:00,2026-06-04T01:00:00+07:00,thu,night,62.767983030085674,10.943826715559233,65,13,1.1878843057262074,ok,,google
1396378245_1396378169_0,1396378245,1396378169,0,thu_07,2026-06-04T07:00:00+07:00,2026-06-04T07:00:00+07:00,thu,am,62.767983030085674,10.943826715559233,65,12,1.0965085899011144,ok,,google
1396378245_1396378169_0,1396378245,1396378169,0,thu_17,2026-06-04T17:00:00+07:00,2026-06-04T17:00:00+07:00,thu,pm,62.767983030085674,10.943826715559233,65,12,1.0965085899011144,ok,,google
1396378245_1396378169_0,1396378245,1396378169,0,fri_01,2026-06-05T01:00:00+07:00,2026-06-05T01:00:00+07:00,fri,night,62.767983030085674,10.943826715559233,65,13,1.1878843057262074,ok,,google
1396378245_1396378169_0,1396378245,1396378169,0,fri_07,2026-06-05T07:00:00+07:00,2026-06-05T07:00:00+07:00,fri,am,62.767983030085674,10.943826715559233,65,17,1.553387169026579,ok,,google
1396378245_1396378169_0,1396378245,1396378169,0,fri_17,2026-06-05T17:00:00+07:00,2026-06-05T17:00:00+07:00,fri,pm,62.767983030085674,10.943826715559233,65,14,1.2792600215513004,ok,,google
1396378245_1396378169_0,1396378245,1396378169,0,sat_01,2026-06-06T01:00:00+07:00,2026-06-06T01:00:00+07:00,sat,night,62.767983030085674,10.943826715559233,65,13,1.1878843057262074,ok,,google
1396378245_1396378169_0,1396378245,1396378169,0,sat_07,2026-06-06T07:00:00+07:00,2026-06-06T07:00:00+07:00,sat,am,62.767983030085674,10.943826715559233,65,13,1.1878843057262074,ok,,google
1396378245_1396378169_0,1396378245,1396378169,0,sat_17,2026-06-06T17:00:00+07:00,2026-06-06T17:00:00+07:00,sat,pm,62.767983030085674,10.943826715559233,65,23,2.101641463977136,ok,,google
1396378245_1396378169_0,1396378245,1396378169,0,sun_01,2026-06-07T01:00:00+07:00,2026-06-07T01:00:00+07:00,sun,night,62.767983030085674,10.943826715559233,65,13,1.1878843057262074,ok,,google
1396378245_1396378169_0,1396378245,1396378169,0,sun_07,2026-06-07T07:00:00+07:00,2026-06-07T07:00:00+07:00,sun,am,62.767983030085674,10.943826715559233,65,13,1.1878843057262074,ok,,google
1396378245_1396378169_0,1396378245,1396378169,0,sun_17,2026-06-07T17:00:00+07:00,2026-06-07T17:00:00+07:00,sun,pm,62.767983030085674,10.943826715559233,65,13,1.1878843057262074,ok,,google
3115455978_3115455973_0,3115455978,3115455973,0,mon_01,2026-06-01T01:00:00+07:00,2026-06-08T01:00:00+07:00,mon,night,116.88754767792662,20.379770150982196,115,41,2.011798940628583,ok,,google
3115455978_3115455973_0,3115455978,3115455973,0,mon_07,2026-06-01T07:00:00+07:00,2026-06-01T07:00:00+07:00,mon,am,116.88754767792662,20.379770150982196,115,41,2.011798940628583,ok,,google
3115455978_3115455973_0,3115455978,3115455973,0,mon_17,2026-06-01T17:00:00+07:00,2026-06-01T17:00:00+07:00,mon,pm,116.88754767792662,20.379770150982196,115,41,2.011798940628583,ok,,google
3115455978_3115455973_0,3115455978,3115455973,0,tue_01,2026-06-02T01:00:00+07:00,2026-06-02T01:00:00+07:00,tue,night,116.88754767792662,20.379770150982196,115,41,2.011798940628583,ok,,google
3115455978_3115455973_0,3115455978,3115455973,0,tue_07,2026-06-02T07:00:00+07:00,2026-06-02T07:00:00+07:00,tue,am,116.88754767792662,20.379770150982196,115,41,2.011798940628583,ok,,google
3115455978_3115455973_0,3115455978,3115455973,0,tue_17,2026-06-02T17:00:00+07:00,2026-06-02T17:00:00+07:00,tue,pm,116.88754767792662,20.379770150982196,115,41,2.011798940628583,ok,,google
3115455978_3115455973_0,3115455978,3115455973,0,wed_01,2026-06-03T01:00:00+07:00,2026-06-03T01:00:00+07:00,wed,night,116.88754767792662,20.379770150982196,115,41,2.011798940628583,ok,,google
3115455978_3115455973_0,3115455978,3115455973,0,wed_07,2026-06-03T07:00:00+07:00,2026-06-03T07:00:00+07:00,wed,am,116.88754767792662,20.379770150982196,115,41,2.011798940628583,ok,,google
3115455978_3115455973_0,3115455978,3115455973,0,wed_17,2026-06-03T17:00:00+07:00,2026-06-03T17:00:00+07:00,wed,pm,116.88754767792662,20.379770150982196,115,41,2.011798940628583,ok,,google
3115455978_3115455973_0,3115455978,3115455973,0,thu_01,2026-06-04T01:00:00+07:00,2026-06-04T01:00:00+07:00,thu,night,116.88754767792662,20.379770150982196,115,41,2.011798940628583,ok,,google
3115455978_3115455973_0,3115455978,3115455973,0,thu_07,2026-06-04T07:00:00+07:00,2026-06-04T07:00:00+07:00,thu,am,116.88754767792662,20.379770150982196,115,41,2.011798940628583,ok,,google
3115455978_3115455973_0,3115455978,3115455973,0,thu_17,2026-06-04T17:00:00+07:00,2026-06-04T17:00:00+07:00,thu,pm,116.88754767792662,20.379770150982196,115,41,2.011798940628583,ok,,google
3115455978_3115455973_0,3115455978,3115455973,0,fri_01,2026-06-05T01:00:00+07:00,2026-06-05T01:00:00+07:00,fri,night,116.88754767792662,20.379770150982196,115,41,2.011798940628583,ok,,google
3115455978_3115455973_0,3115455978,3115455973,0,fri_07,2026-06-05T07:00:00+07:00,2026-06-05T07:00:00+07:00,fri,am,116.88754767792662,20.379770150982196,115,41,2.011798940628583,ok,,google
3115455978_3115455973_0,3115455978,3115455973,0,fri_17,2026-06-05T17:00:00+07:00,2026-06-05T17:00:00+07:00,fri,pm,116.88754767792662,20.379770150982196,115,41,2.011798940628583,ok,,google
3115455978_3115455973_0,3115455978,3115455973,0,sat_01,2026-06-06T01:00:00+07:00,2026-06-06T01:00:00+07:00,sat,night,116.88754767792662,20.379770150982196,115,41,2.011798940628583,ok,,google
3115455978_3115455973_0,3115455978,3115455973,0,sat_07,2026-06-06T07:00:00+07:00,2026-06-06T07:00:00+07:00,sat,am,116.88754767792662,20.379770150982196,115,41,2.011798940628583,ok,,google
3115455978_3115455973_0,3115455978,3115455973,0,sat_17,2026-06-06T17:00:00+07:00,2026-06-06T17:00:00+07:00,sat,pm,116.88754767792662,20.379770150982196,115,41,2.011798940628583,ok,,google
3115455978_3115455973_0,3115455978,3115455973,0,sun_01,2026-06-07T01:00:00+07:00,2026-06-07T01:00:00+07:00,sun,night,116.88754767792662,20.379770150982196,115,41,2.011798940628583,ok,,google
3115455978_3115455973_0,3115455978,3115455973,0,sun_07,2026-06-07T07:00:00+07:00,2026-06-07T07:00:00+07:00,sun,am,116.88754767792662,20.379770150982196,115,41,2.011798940628583,ok,,google
3115455978_3115455973_0,3115455978,3115455973,0,sun_17,2026-06-07T17:00:00+07:00,2026-06-07T17:00:00+07:00,sun,pm,116.88754767792662,20.379770150982196,115,41,2.011798940628583,ok,,google
6382672039_5354184219_0,6382672039,5354184219,0,mon_01,2026-06-01T01:00:00+07:00,2026-06-08T01:00:00+07:00,mon,night,137.17135001094115,23.91632504965988,135,43,1.7979350887193062,ok,,google
6382672039_5354184219_0,6382672039,5354184219,0,mon_07,2026-06-01T07:00:00+07:00,2026-06-01T07:00:00+07:00,mon,am,137.17135001094115,23.91632504965988,135,43,1.7979350887193062,ok,,google
6382672039_5354184219_0,6382672039,5354184219,0,mon_17,2026-06-01T17:00:00+07:00,2026-06-01T17:00:00+07:00,mon,pm,137.17135001094115,23.91632504965988,135,43,1.7979350887193062,ok,,google
6382672039_5354184219_0,6382672039,5354184219,0,tue_01,2026-06-02T01:00:00+07:00,2026-06-02T01:00:00+07:00,tue,night,137.17135001094115,23.91632504965988,135,43,1.7979350887193062,ok,,google
6382672039_5354184219_0,6382672039,5354184219,0,tue_07,2026-06-02T07:00:00+07:00,2026-06-02T07:00:00+07:00,tue,am,137.17135001094115,23.91632504965988,135,43,1.7979350887193062,ok,,google
6382672039_5354184219_0,6382672039,5354184219,0,tue_17,2026-06-02T17:00:00+07:00,2026-06-02T17:00:00+07:00,tue,pm,137.17135001094115,23.91632504965988,135,43,1.7979350887193062,ok,,google
6382672039_5354184219_0,6382672039,5354184219,0,wed_01,2026-06-03T01:00:00+07:00,2026-06-03T01:00:00+07:00,wed,night,137.17135001094115,23.91632504965988,135,43,1.7979350887193062,ok,,google
6382672039_5354184219_0,6382672039,5354184219,0,wed_07,2026-06-03T07:00:00+07:00,2026-06-03T07:00:00+07:00,wed,am,137.17135001094115,23.91632504965988,135,43,1.7979350887193062,ok,,google
6382672039_5354184219_0,6382672039,5354184219,0,wed_17,2026-06-03T17:00:00+07:00,2026-06-03T17:00:00+07:00,wed,pm,137.17135001094115,23.91632504965988,135,43,1.7979350887193062,ok,,google
6382672039_5354184219_0,6382672039,5354184219,0,thu_01,2026-06-04T01:00:00+07:00,2026-06-04T01:00:00+07:00,thu,night,137.17135001094115,23.91632504965988,135,43,1.7979350887193062,ok,,google
6382672039_5354184219_0,6382672039,5354184219,0,thu_07,2026-06-04T07:00:00+07:00,2026-06-04T07:00:00+07:00,thu,am,137.17135001094115,23.91632504965988,135,43,1.7979350887193062,ok,,google
6382672039_5354184219_0,6382672039,5354184219,0,thu_17,2026-06-04T17:00:00+07:00,2026-06-04T17:00:00+07:00,thu,pm,137.17135001094115,23.91632504965988,135,43,1.7979350887193062,ok,,google
6382672039_5354184219_0,6382672039,5354184219,0,fri_01,2026-06-05T01:00:00+07:00,2026-06-05T01:00:00+07:00,fri,night,137.17135001094115,23.91632504965988,135,43,1.7979350887193062,ok,,google
6382672039_5354184219_0,6382672039,5354184219,0,fri_07,2026-06-05T07:00:00+07:00,2026-06-05T07:00:00+07:00,fri,am,137.17135001094115,23.91632504965988,135,43,1.7979350887193062,ok,,google
6382672039_5354184219_0,6382672039,5354184219,0,fri_17,2026-06-05T17:00:00+07:00,2026-06-05T17:00:00+07:00,fri,pm,137.17135001094115,23.91632504965988,135,43,1.7979350887193062,ok,,google
6382672039_5354184219_0,6382672039,5354184219,0,sat_01,2026-06-06T01:00:00+07:00,2026-06-06T01:00:00+07:00,sat,night,137.17135001094115,23.91632504965988,135,43,1.7979350887193062,ok,,google
6382672039_5354184219_0,6382672039,5354184219,0,sat_07,2026-06-06T07:00:00+07:00,2026-06-06T07:00:00+07:00,sat,am,137.17135001094115,23.91632504965988,135,43,1.7979350887193062,ok,,google
6382672039_5354184219_0,6382672039,5354184219,0,sat_17,2026-06-06T17:00:00+07:00,2026-06-06T17:00:00+07:00,sat,pm,137.17135001094115,23.91632504965988,135,43,1.7979350887193062,ok,,google
6382672039_5354184219_0,6382672039,5354184219,0,sun_01,2026-06-07T01:00:00+07:00,2026-06-07T01:00:00+07:00,sun,night,137.17135001094115,23.91632504965988,135,43,1.7979350887193062,ok,,google
6382672039_5354184219_0,6382672039,5354184219,0,sun_07,2026-06-07T07:00:00+07:00,2026-06-07T07:00:00+07:00,sun,am,137.17135001094115,23.91632504965988,135,43,1.7979350887193062,ok,,google
6382672039_5354184219_0,6382672039,5354184219,0,sun_17,2026-06-07T17:00:00+07:00,2026-06-07T17:00:00+07:00,sun,pm,137.17135001094115,23.91632504965988,135,43,1.7979350887193062,ok,,google
3445557789_3445561128_0,3445557789,3445561128,0,mon_01,2026-06-01T01:00:00+07:00,2026-06-08T01:00:00+07:00,mon,night,55.64075301984936,9.701168174873397,59,29,2.989330715357737,ok,,google
3445557789_3445561128_0,3445557789,3445561128,0,mon_07,2026-06-01T07:00:00+07:00,2026-06-01T07:00:00+07:00,mon,am,55.64075301984936,9.701168174873397,59,29,2.989330715357737,ok,,google
3445557789_3445561128_0,3445557789,3445561128,0,mon_17,2026-06-01T17:00:00+07:00,2026-06-01T17:00:00+07:00,mon,pm,55.64075301984936,9.701168174873397,59,29,2.989330715357737,ok,,google
3445557789_3445561128_0,3445557789,3445561128,0,tue_01,2026-06-02T01:00:00+07:00,2026-06-02T01:00:00+07:00,tue,night,55.64075301984936,9.701168174873397,59,29,2.989330715357737,ok,,google
3445557789_3445561128_0,3445557789,3445561128,0,tue_07,2026-06-02T07:00:00+07:00,2026-06-02T07:00:00+07:00,tue,am,55.64075301984936,9.701168174873397,59,29,2.989330715357737,ok,,google
3445557789_3445561128_0,3445557789,3445561128,0,tue_17,2026-06-02T17:00:00+07:00,2026-06-02T17:00:00+07:00,tue,pm,55.64075301984936,9.701168174873397,59,29,2.989330715357737,ok,,google
3445557789_3445561128_0,3445557789,3445561128,0,wed_01,2026-06-03T01:00:00+07:00,2026-06-03T01:00:00+07:00,wed,night,55.64075301984936,9.701168174873397,59,29,2.989330715357737,ok,,google
3445557789_3445561128_0,3445557789,3445561128,0,wed_07,2026-06-03T07:00:00+07:00,2026-06-03T07:00:00+07:00,wed,am,55.64075301984936,9.701168174873397,59,29,2.989330715357737,ok,,google
3445557789_3445561128_0,3445557789,3445561128,0,wed_17,2026-06-03T17:00:00+07:00,2026-06-03T17:00:00+07:00,wed,pm,55.64075301984936,9.701168174873397,59,29,2.989330715357737,ok,,google
3445557789_3445561128_0,3445557789,3445561128,0,thu_01,2026-06-04T01:00:00+07:00,2026-06-04T01:00:00+07:00,thu,night,55.64075301984936,9.701168174873397,59,29,2.989330715357737,ok,,google
3445557789_3445561128_0,3445557789,3445561128,0,thu_07,2026-06-04T07:00:00+07:00,2026-06-04T07:00:00+07:00,thu,am,55.64075301984936,9.701168174873397,59,29,2.989330715357737,ok,,google
3445557789_3445561128_0,3445557789,3445561128,0,thu_17,2026-06-04T17:00:00+07:00,2026-06-04T17:00:00+07:00,thu,pm,55.64075301984936,9.701168174873397,59,29,2.989330715357737,ok,,google
3445557789_3445561128_0,3445557789,3445561128,0,fri_01,2026-06-05T01:00:00+07:00,2026-06-05T01:00:00+07:00,fri,night,55.64075301984936,9.701168174873397,59,29,2.989330715357737,ok,,google
3445557789_3445561128_0,3445557789,3445561128,0,fri_07,2026-06-05T07:00:00+07:00,2026-06-05T07:00:00+07:00,fri,am,55.64075301984936,9.701168174873397,59,29,2.989330715357737,ok,,google
3445557789_3445561128_0,3445557789,3445561128,0,fri_17,2026-06-05T17:00:00+07:00,2026-06-05T17:00:00+07:00,fri,pm,55.64075301984936,9.701168174873397,59,29,2.989330715357737,ok,,google
3445557789_3445561128_0,3445557789,3445561128,0,sat_01,2026-06-06T01:00:00+07:00,2026-06-06T01:00:00+07:00,sat,night,55.64075301984936,9.701168174873397,59,29,2.989330715357737,ok,,google
3445557789_3445561128_0,3445557789,3445561128,0,sat_07,2026-06-06T07:00:00+07:00,2026-06-06T07:00:00+07:00,sat,am,55.64075301984936,9.701168174873397,59,29,2.989330715357737,ok,,google
3445557789_3445561128_0,3445557789,3445561128,0,sat_17,2026-06-06T17:00:00+07:00,2026-06-06T17:00:00+07:00,sat,pm,55.64075301984936,9.701168174873397,59,29,2.989330715357737,ok,,google
3445557789_3445561128_0,3445557789,3445561128,0,sun_01,2026-06-07T01:00:00+07:00,2026-06-07T01:00:00+07:00,sun,night,55.64075301984936,9.701168174873397,59,29,2.989330715357737,ok,,google
3445557789_3445561128_0,3445557789,3445561128,0,sun_07,2026-06-07T07:00:00+07:00,2026-06-07T07:00:00+07:00,sun,am,55.64075301984936,9.701168174873397,59,29,2.989330715357737,ok,,google
3445557789_3445561128_0,3445557789,3445561128,0,sun_17,2026-06-07T17:00:00+07:00,2026-06-07T17:00:00+07:00,sun,pm,55.64075301984936,9.701168174873397,59,29,2.989330715357737,ok,,google
1801230151_5474527087_0,1801230151,5474527087,0,mon_01,2026-06-01T01:00:00+07:00,2026-06-08T01:00:00+07:00,mon,night,227.8996129154043,39.7351285143853,224,46,1.1576658166173195,ok,,google
1801230151_5474527087_0,1801230151,5474527087,0,mon_07,2026-06-01T07:00:00+07:00,2026-06-01T07:00:00+07:00,mon,am,227.8996129154043,39.7351285143853,224,46,1.1576658166173195,ok,,google
1801230151_5474527087_0,1801230151,5474527087,0,mon_17,2026-06-01T17:00:00+07:00,2026-06-01T17:00:00+07:00,mon,pm,227.8996129154043,39.7351285143853,224,46,1.1576658166173195,ok,,google
1801230151_5474527087_0,1801230151,5474527087,0,tue_01,2026-06-02T01:00:00+07:00,2026-06-02T01:00:00+07:00,tue,night,227.8996129154043,39.7351285143853,224,46,1.1576658166173195,ok,,google
1801230151_5474527087_0,1801230151,5474527087,0,tue_07,2026-06-02T07:00:00+07:00,2026-06-02T07:00:00+07:00,tue,am,227.8996129154043,39.7351285143853,224,46,1.1576658166173195,ok,,google
1801230151_5474527087_0,1801230151,5474527087,0,tue_17,2026-06-02T17:00:00+07:00,2026-06-02T17:00:00+07:00,tue,pm,227.8996129154043,39.7351285143853,224,46,1.1576658166173195,ok,,google
1801230151_5474527087_0,1801230151,5474527087,0,wed_01,2026-06-03T01:00:00+07:00,2026-06-03T01:00:00+07:00,wed,night,227.8996129154043,39.7351285143853,224,46,1.1576658166173195,ok,,google
1801230151_5474527087_0,1801230151,5474527087,0,wed_07,2026-06-03T07:00:00+07:00,2026-06-03T07:00:00+07:00,wed,am,227.8996129154043,39.7351285143853,224,46,1.1576658166173195,ok,,google
1801230151_5474527087_0,1801230151,5474527087,0,wed_17,2026-06-03T17:00:00+07:00,2026-06-03T17:00:00+07:00,wed,pm,227.8996129154043,39.7351285143853,224,46,1.1576658166173195,ok,,google
1801230151_5474527087_0,1801230151,5474527087,0,thu_01,2026-06-04T01:00:00+07:00,2026-06-04T01:00:00+07:00,thu,night,227.8996129154043,39.7351285143853,224,46,1.1576658166173195,ok,,google
1801230151_5474527087_0,1801230151,5474527087,0,thu_07,2026-06-04T07:00:00+07:00,2026-06-04T07:00:00+07:00,thu,am,227.8996129154043,39.7351285143853,224,46,1.1576658166173195,ok,,google
1801230151_5474527087_0,1801230151,5474527087,0,thu_17,2026-06-04T17:00:00+07:00,2026-06-04T17:00:00+07:00,thu,pm,227.8996129154043,39.7351285143853,224,46,1.1576658166173195,ok,,google
1801230151_5474527087_0,1801230151,5474527087,0,fri_01,2026-06-05T01:00:00+07:00,2026-06-05T01:00:00+07:00,fri,night,227.8996129154043,39.7351285143853,224,46,1.1576658166173195,ok,,google
1801230151_5474527087_0,1801230151,5474527087,0,fri_07,2026-06-05T07:00:00+07:00,2026-06-05T07:00:00+07:00,fri,am,227.8996129154043,39.7351285143853,224,46,1.1576658166173195,ok,,google
1801230151_5474527087_0,1801230151,5474527087,0,fri_17,2026-06-05T17:00:00+07:00,2026-06-05T17:00:00+07:00,fri,pm,227.8996129154043,39.7351285143853,224,46,1.1576658166173195,ok,,google
1801230151_5474527087_0,1801230151,5474527087,0,sat_01,2026-06-06T01:00:00+07:00,2026-06-06T01:00:00+07:00,sat,night,227.8996129154043,39.7351285143853,224,46,1.1576658166173195,ok,,google
1801230151_5474527087_0,1801230151,5474527087,0,sat_07,2026-06-06T07:00:00+07:00,2026-06-06T07:00:00+07:00,sat,am,227.8996129154043,39.7351285143853,224,46,1.1576658166173195,ok,,google
1801230151_5474527087_0,1801230151,5474527087,0,sat_17,2026-06-06T17:00:00+07:00,2026-06-06T17:00:00+07:00,sat,pm,227.8996129154043,39.7351285143853,224,46,1.1576658166173195,ok,,google
1801230151_5474527087_0,1801230151,5474527087,0,sun_01,2026-06-07T01:00:00+07:00,2026-06-07T01:00:00+07:00,sun,night,227.8996129154043,39.7351285143853,224,46,1.1576658166173195,ok,,google
1801230151_5474527087_0,1801230151,5474527087,0,sun_07,2026-06-07T07:00:00+07:00,2026-06-07T07:00:00+07:00,sun,am,227.8996129154043,39.7351285143853,224,46,1.1576658166173195,ok,,google
1801230151_5474527087_0,1801230151,5474527087,0,sun_17,2026-06-07T17:00:00+07:00,2026-06-07T17:00:00+07:00,sun,pm,227.8996129154043,39.7351285143853,224,46,1.1576658166173195,ok,,google
11369490713_11303668103_0,11369490713,11303668103,0,mon_01,2026-06-01T01:00:00+07:00,2026-06-08T01:00:00+07:00,mon,night,69.79452255134626,12.16892950233902,72,9,0.7395884739302736,ok,,google
11369490713_11303668103_0,11369490713,11303668103,0,mon_07,2026-06-01T07:00:00+07:00,2026-06-01T07:00:00+07:00,mon,am,69.79452255134626,12.16892950233902,72,22,1.807882936274002,ok,,google
11369490713_11303668103_0,11369490713,11303668103,0,mon_17,2026-06-01T17:00:00+07:00,2026-06-01T17:00:00+07:00,mon,pm,69.79452255134626,12.16892950233902,72,21,1.7257064391706385,ok,,google
11369490713_11303668103_0,11369490713,11303668103,0,tue_01,2026-06-02T01:00:00+07:00,2026-06-02T01:00:00+07:00,tue,night,69.79452255134626,12.16892950233902,72,17,1.3970004507571834,ok,,google
11369490713_11303668103_0,11369490713,11303668103,0,tue_07,2026-06-02T07:00:00+07:00,2026-06-02T07:00:00+07:00,tue,am,69.79452255134626,12.16892950233902,72,17,1.3970004507571834,ok,,google
11369490713_11303668103_0,11369490713,11303668103,0,tue_17,2026-06-02T17:00:00+07:00,2026-06-02T17:00:00+07:00,tue,pm,69.79452255134626,12.16892950233902,72,21,1.7257064391706385,ok,,google
11369490713_11303668103_0,11369490713,11303668103,0,wed_01,2026-06-03T01:00:00+07:00,2026-06-03T01:00:00+07:00,wed,night,69.79452255134626,12.16892950233902,72,18,1.4791769478605472,ok,,google
11369490713_11303668103_0,11369490713,11303668103,0,wed_07,2026-06-03T07:00:00+07:00,2026-06-03T07:00:00+07:00,wed,am,69.79452255134626,12.16892950233902,72,18,1.4791769478605472,ok,,google
11369490713_11303668103_0,11369490713,11303668103,0,wed_17,2026-06-03T17:00:00+07:00,2026-06-03T17:00:00+07:00,wed,pm,69.79452255134626,12.16892950233902,72,21,1.7257064391706385,ok,,google
11369490713_11303668103_0,11369490713,11303668103,0,thu_01,2026-06-04T01:00:00+07:00,2026-06-04T01:00:00+07:00,thu,night,69.79452255134626,12.16892950233902,72,21,1.7257064391706385,ok,,google
11369490713_11303668103_0,11369490713,11303668103,0,thu_07,2026-06-04T07:00:00+07:00,2026-06-04T07:00:00+07:00,thu,am,69.79452255134626,12.16892950233902,72,15,1.232647456550456,ok,,google
11369490713_11303668103_0,11369490713,11303668103,0,thu_17,2026-06-04T17:00:00+07:00,2026-06-04T17:00:00+07:00,thu,pm,69.79452255134626,12.16892950233902,72,23,1.890059433377366,ok,,google
11369490713_11303668103_0,11369490713,11303668103,0,fri_01,2026-06-05T01:00:00+07:00,2026-06-05T01:00:00+07:00,fri,night,69.79452255134626,12.16892950233902,72,15,1.232647456550456,ok,,google
11369490713_11303668103_0,11369490713,11303668103,0,fri_07,2026-06-05T07:00:00+07:00,2026-06-05T07:00:00+07:00,fri,am,69.79452255134626,12.16892950233902,72,16,1.3148239536538198,ok,,google
11369490713_11303668103_0,11369490713,11303668103,0,fri_17,2026-06-05T17:00:00+07:00,2026-06-05T17:00:00+07:00,fri,pm,69.79452255134626,12.16892950233902,72,23,1.890059433377366,ok,,google
11369490713_11303668103_0,11369490713,11303668103,0,sat_01,2026-06-06T01:00:00+07:00,2026-06-06T01:00:00+07:00,sat,night,69.79452255134626,12.16892950233902,72,13,1.0682944623437285,ok,,google
11369490713_11303668103_0,11369490713,11303668103,0,sat_07,2026-06-06T07:00:00+07:00,2026-06-06T07:00:00+07:00,sat,am,69.79452255134626,12.16892950233902,72,18,1.4791769478605472,ok,,google
11369490713_11303668103_0,11369490713,11303668103,0,sat_17,2026-06-06T17:00:00+07:00,2026-06-06T17:00:00+07:00,sat,pm,69.79452255134626,12.16892950233902,72,25,2.054412427584093,ok,,google
11369490713_11303668103_0,11369490713,11303668103,0,sun_01,2026-06-07T01:00:00+07:00,2026-06-07T01:00:00+07:00,sun,night,69.79452255134626,12.16892950233902,72,15,1.232647456550456,ok,,google
11369490713_11303668103_0,11369490713,11303668103,0,sun_07,2026-06-07T07:00:00+07:00,2026-06-07T07:00:00+07:00,sun,am,69.79452255134626,12.16892950233902,72,15,1.232647456550456,ok,,google
11369490713_11303668103_0,11369490713,11303668103,0,sun_17,2026-06-07T17:00:00+07:00,2026-06-07T17:00:00+07:00,sun,pm,69.79452255134626,12.16892950233902,72,25,2.054412427584093,ok,,google
5850126647_7193193783_0,5850126647,7193193783,0,mon_01,2026-06-01T01:00:00+07:00,2026-06-08T01:00:00+07:00,mon,night,124.74785677076937,21.75024370278605,110,35,1.609177371907642,ok,,google
5850126647_7193193783_0,5850126647,7193193783,0,mon_07,2026-06-01T07:00:00+07:00,2026-06-01T07:00:00+07:00,mon,am,124.74785677076937,21.75024370278605,110,35,1.609177371907642,ok,,google
5850126647_7193193783_0,5850126647,7193193783,0,mon_17,2026-06-01T17:00:00+07:00,2026-06-01T17:00:00+07:00,mon,pm,124.74785677076937,21.75024370278605,110,35,1.609177371907642,ok,,google
5850126647_7193193783_0,5850126647,7193193783,0,tue_01,2026-06-02T01:00:00+07:00,2026-06-02T01:00:00+07:00,tue,night,124.74785677076937,21.75024370278605,110,35,1.609177371907642,ok,,google
5850126647_7193193783_0,5850126647,7193193783,0,tue_07,2026-06-02T07:00:00+07:00,2026-06-02T07:00:00+07:00,tue,am,124.74785677076937,21.75024370278605,110,35,1.609177371907642,ok,,google
5850126647_7193193783_0,5850126647,7193193783,0,tue_17,2026-06-02T17:00:00+07:00,2026-06-02T17:00:00+07:00,tue,pm,124.74785677076937,21.75024370278605,110,35,1.609177371907642,ok,,google
5850126647_7193193783_0,5850126647,7193193783,0,wed_01,2026-06-03T01:00:00+07:00,2026-06-03T01:00:00+07:00,wed,night,124.74785677076937,21.75024370278605,110,35,1.609177371907642,ok,,google
5850126647_7193193783_0,5850126647,7193193783,0,wed_07,2026-06-03T07:00:00+07:00,2026-06-03T07:00:00+07:00,wed,am,124.74785677076937,21.75024370278605,110,35,1.609177371907642,ok,,google
5850126647_7193193783_0,5850126647,7193193783,0,wed_17,2026-06-03T17:00:00+07:00,2026-06-03T17:00:00+07:00,wed,pm,124.74785677076937,21.75024370278605,110,35,1.609177371907642,ok,,google
5850126647_7193193783_0,5850126647,7193193783,0,thu_01,2026-06-04T01:00:00+07:00,2026-06-04T01:00:00+07:00,thu,night,124.74785677076937,21.75024370278605,110,35,1.609177371907642,ok,,google
5850126647_7193193783_0,5850126647,7193193783,0,thu_07,2026-06-04T07:00:00+07:00,2026-06-04T07:00:00+07:00,thu,am,124.74785677076937,21.75024370278605,110,35,1.609177371907642,ok,,google
5850126647_7193193783_0,5850126647,7193193783,0,thu_17,2026-06-04T17:00:00+07:00,2026-06-04T17:00:00+07:00,thu,pm,124.74785677076937,21.75024370278605,110,35,1.609177371907642,ok,,google
5850126647_7193193783_0,5850126647,7193193783,0,fri_01,2026-06-05T01:00:00+07:00,2026-06-05T01:00:00+07:00,fri,night,124.74785677076937,21.75024370278605,110,35,1.609177371907642,ok,,google
5850126647_7193193783_0,5850126647,7193193783,0,fri_07,2026-06-05T07:00:00+07:00,2026-06-05T07:00:00+07:00,fri,am,124.74785677076937,21.75024370278605,110,35,1.609177371907642,ok,,google
5850126647_7193193783_0,5850126647,7193193783,0,fri_17,2026-06-05T17:00:00+07:00,2026-06-05T17:00:00+07:00,fri,pm,124.74785677076937,21.75024370278605,110,35,1.609177371907642,ok,,google
5850126647_7193193783_0,5850126647,7193193783,0,sat_01,2026-06-06T01:00:00+07:00,2026-06-06T01:00:00+07:00,sat,night,124.74785677076937,21.75024370278605,110,35,1.609177371907642,ok,,google
5850126647_7193193783_0,5850126647,7193193783,0,sat_07,2026-06-06T07:00:00+07:00,2026-06-06T07:00:00+07:00,sat,am,124.74785677076937,21.75024370278605,110,35,1.609177371907642,ok,,google
5850126647_7193193783_0,5850126647,7193193783,0,sat_17,2026-06-06T17:00:00+07:00,2026-06-06T17:00:00+07:00,sat,pm,124.74785677076937,21.75024370278605,110,35,1.609177371907642,ok,,google
5850126647_7193193783_0,5850126647,7193193783,0,sun_01,2026-06-07T01:00:00+07:00,2026-06-07T01:00:00+07:00,sun,night,124.74785677076937,21.75024370278605,110,35,1.609177371907642,ok,,google
5850126647_7193193783_0,5850126647,7193193783,0,sun_07,2026-06-07T07:00:00+07:00,2026-06-07T07:00:00+07:00,sun,am,124.74785677076937,21.75024370278605,110,35,1.609177371907642,ok,,google
5850126647_7193193783_0,5850126647,7193193783,0,sun_17,2026-06-07T17:00:00+07:00,2026-06-07T17:00:00+07:00,sun,pm,124.74785677076937,21.75024370278605,110,35,1.609177371907642,ok,,google
5447157661_4118521462_0,5447157661,4118521462,0,mon_01,2026-06-01T01:00:00+07:00,2026-06-08T01:00:00+07:00,mon,night,144.11185029979484,25.126426582540056,381,107,4.258464674573047,ok,,google
5447157661_4118521462_0,5447157661,4118521462,0,mon_07,2026-06-01T07:00:00+07:00,2026-06-01T07:00:00+07:00,mon,am,144.11185029979484,25.126426582540056,381,125,4.974841909547952,ok,,google
5447157661_4118521462_0,5447157661,4118521462,0,mon_17,2026-06-01T17:00:00+07:00,2026-06-01T17:00:00+07:00,mon,pm,144.11185029979484,25.126426582540056,381,119,4.736049497889651,ok,,google
5447157661_4118521462_0,5447157661,4118521462,0,tue_01,2026-06-02T01:00:00+07:00,2026-06-02T01:00:00+07:00,tue,night,144.11185029979484,25.126426582540056,381,104,4.139068468743896,ok,,google
5447157661_4118521462_0,5447157661,4118521462,0,tue_07,2026-06-02T07:00:00+07:00,2026-06-02T07:00:00+07:00,tue,am,144.11185029979484,25.126426582540056,381,111,4.4176596156785815,ok,,google
5447157661_4118521462_0,5447157661,4118521462,0,tue_17,2026-06-02T17:00:00+07:00,2026-06-02T17:00:00+07:00,tue,pm,144.11185029979484,25.126426582540056,381,118,4.696250762613267,ok,,google
5447157661_4118521462_0,5447157661,4118521462,0,wed_01,2026-06-03T01:00:00+07:00,2026-06-03T01:00:00+07:00,wed,night,144.11185029979484,25.126426582540056,381,105,4.17886720402028,ok,,google
5447157661_4118521462_0,5447157661,4118521462,0,wed_07,2026-06-03T07:00:00+07:00,2026-06-03T07:00:00+07:00,wed,am,144.11185029979484,25.126426582540056,381,115,4.576854556784116,ok,,google
5447157661_4118521462_0,5447157661,4118521462,0,wed_17,2026-06-03T17:00:00+07:00,2026-06-03T17:00:00+07:00,wed,pm,144.11185029979484,25.126426582540056,381,119,4.736049497889651,ok,,google
5447157661_4118521462_0,5447157661,4118521462,0,thu_01,2026-06-04T01:00:00+07:00,2026-06-04T01:00:00+07:00,thu,night,144.11185029979484,25.126426582540056,381,102,4.059470998191129,ok,,google
5447157661_4118521462_0,5447157661,4118521462,0,thu_07,2026-06-04T07:00:00+07:00,2026-06-04T07:00:00+07:00,thu,am,144.11185029979484,25.126426582540056,381,113,4.497257086231349,ok,,google
5447157661_4118521462_0,5447157661,4118521462,0,thu_17,2026-06-04T17:00:00+07:00,2026-06-04T17:00:00+07:00,thu,pm,144.11185029979484,25.126426582540056,381,118,4.696250762613267,ok,,google
5447157661_4118521462_0,5447157661,4118521462,0,fri_01,2026-06-05T01:00:00+07:00,2026-06-05T01:00:00+07:00,fri,night,144.11185029979484,25.126426582540056,381,117,4.656452027336884,ok,,google
5447157661_4118521462_0,5447157661,4118521462,0,fri_07,2026-06-05T07:00:00+07:00,2026-06-05T07:00:00+07:00,fri,am,144.11185029979484,25.126426582540056,381,114,4.537055821507733,ok,,google
5447157661_4118521462_0,5447157661,4118521462,0,fri_17,2026-06-05T17:00:00+07:00,2026-06-05T17:00:00+07:00,fri,pm,144.11185029979484,25.126426582540056,381,122,4.855445703718801,ok,,google
5447157661_4118521462_0,5447157661,4118521462,0,sat_01,2026-06-06T01:00:00+07:00,2026-06-06T01:00:00+07:00,sat,night,144.11185029979484,25.126426582540056,381,112,4.4574583509549655,ok,,google
5447157661_4118521462_0,5447157661,4118521462,0,sat_07,2026-06-06T07:00:00+07:00,2026-06-06T07:00:00+07:00,sat,am,144.11185029979484,25.126426582540056,381,108,4.298263409849431,ok,,google
5447157661_4118521462_0,5447157661,4118521462,0,sat_17,2026-06-06T17:00:00+07:00,2026-06-06T17:00:00+07:00,sat,pm,144.11185029979484,25.126426582540056,381,117,4.656452027336884,ok,,google
5447157661_4118521462_0,5447157661,4118521462,0,sun_01,2026-06-07T01:00:00+07:00,2026-06-07T01:00:00+07:00,sun,night,144.11185029979484,25.126426582540056,381,105,4.17886720402028,ok,,google
5447157661_4118521462_0,5447157661,4118521462,0,sun_07,2026-06-07T07:00:00+07:00,2026-06-07T07:00:00+07:00,sun,am,144.11185029979484,25.126426582540056,381,109,4.338062145125814,ok,,google
5447157661_4118521462_0,5447157661,4118521462,0,sun_17,2026-06-07T17:00:00+07:00,2026-06-07T17:00:00+07:00,sun,pm,144.11185029979484,25.126426582540056,381,116,4.6166532920605,ok,,google
5490552147_5482193709_0,5490552147,5482193709,0,mon_01,2026-06-01T01:00:00+07:00,2026-06-08T01:00:00+07:00,mon,night,63.73731974728665,11.112834106747696,58,12,1.0798325507904072,ok,,google
5490552147_5482193709_0,5490552147,5482193709,0,mon_07,2026-06-01T07:00:00+07:00,2026-06-01T07:00:00+07:00,mon,am,63.73731974728665,11.112834106747696,58,12,1.0798325507904072,ok,,google
5490552147_5482193709_0,5490552147,5482193709,0,mon_17,2026-06-01T17:00:00+07:00,2026-06-01T17:00:00+07:00,mon,pm,63.73731974728665,11.112834106747696,58,12,1.0798325507904072,ok,,google
5490552147_5482193709_0,5490552147,5482193709,0,tue_01,2026-06-02T01:00:00+07:00,2026-06-02T01:00:00+07:00,tue,night,63.73731974728665,11.112834106747696,58,12,1.0798325507904072,ok,,google
5490552147_5482193709_0,5490552147,5482193709,0,tue_07,2026-06-02T07:00:00+07:00,2026-06-02T07:00:00+07:00,tue,am,63.73731974728665,11.112834106747696,58,12,1.0798325507904072,ok,,google
5490552147_5482193709_0,5490552147,5482193709,0,tue_17,2026-06-02T17:00:00+07:00,2026-06-02T17:00:00+07:00,tue,pm,63.73731974728665,11.112834106747696,58,12,1.0798325507904072,ok,,google
5490552147_5482193709_0,5490552147,5482193709,0,wed_01,2026-06-03T01:00:00+07:00,2026-06-03T01:00:00+07:00,wed,night,63.73731974728665,11.112834106747696,58,12,1.0798325507904072,ok,,google
5490552147_5482193709_0,5490552147,5482193709,0,wed_07,2026-06-03T07:00:00+07:00,2026-06-03T07:00:00+07:00,wed,am,63.73731974728665,11.112834106747696,58,12,1.0798325507904072,ok,,google
5490552147_5482193709_0,5490552147,5482193709,0,wed_17,2026-06-03T17:00:00+07:00,2026-06-03T17:00:00+07:00,wed,pm,63.73731974728665,11.112834106747696,58,12,1.0798325507904072,ok,,google
5490552147_5482193709_0,5490552147,5482193709,0,thu_01,2026-06-04T01:00:00+07:00,2026-06-04T01:00:00+07:00,thu,night,63.73731974728665,11.112834106747696,58,12,1.0798325507904072,ok,,google
5490552147_5482193709_0,5490552147,5482193709,0,thu_07,2026-06-04T07:00:00+07:00,2026-06-04T07:00:00+07:00,thu,am,63.73731974728665,11.112834106747696,58,12,1.0798325507904072,ok,,google
5490552147_5482193709_0,5490552147,5482193709,0,thu_17,2026-06-04T17:00:00+07:00,2026-06-04T17:00:00+07:00,thu,pm,63.73731974728665,11.112834106747696,58,12,1.0798325507904072,ok,,google
5490552147_5482193709_0,5490552147,5482193709,0,fri_01,2026-06-05T01:00:00+07:00,2026-06-05T01:00:00+07:00,fri,night,63.73731974728665,11.112834106747696,58,12,1.0798325507904072,ok,,google
5490552147_5482193709_0,5490552147,5482193709,0,fri_07,2026-06-05T07:00:00+07:00,2026-06-05T07:00:00+07:00,fri,am,63.73731974728665,11.112834106747696,58,12,1.0798325507904072,ok,,google
5490552147_5482193709_0,5490552147,5482193709,0,fri_17,2026-06-05T17:00:00+07:00,2026-06-05T17:00:00+07:00,fri,pm,63.73731974728665,11.112834106747696,58,12,1.0798325507904072,ok,,google
5490552147_5482193709_0,5490552147,5482193709,0,sat_01,2026-06-06T01:00:00+07:00,2026-06-06T01:00:00+07:00,sat,night,63.73731974728665,11.112834106747696,58,12,1.0798325507904072,ok,,google
5490552147_5482193709_0,5490552147,5482193709,0,sat_07,2026-06-06T07:00:00+07:00,2026-06-06T07:00:00+07:00,sat,am,63.73731974728665,11.112834106747696,58,12,1.0798325507904072,ok,,google
5490552147_5482193709_0,5490552147,5482193709,0,sat_17,2026-06-06T17:00:00+07:00,2026-06-06T17:00:00+07:00,sat,pm,63.73731974728665,11.112834106747696,58,12,1.0798325507904072,ok,,google
5490552147_5482193709_0,5490552147,5482193709,0,sun_01,2026-06-07T01:00:00+07:00,2026-06-07T01:00:00+07:00,sun,night,63.73731974728665,11.112834106747696,58,12,1.0798325507904072,ok,,google
5490552147_5482193709_0,5490552147,5482193709,0,sun_07,2026-06-07T07:00:00+07:00,2026-06-07T07:00:00+07:00,sun,am,63.73731974728665,11.112834106747696,58,12,1.0798325507904072,ok,,google
5490552147_5482193709_0,5490552147,5482193709,0,sun_17,2026-06-07T17:00:00+07:00,2026-06-07T17:00:00+07:00,sun,pm,63.73731974728665,11.112834106747696,58,12,1.0798325507904072,ok,,google
6445031528_5356357321_0,6445031528,5356357321,0,mon_01,2026-06-01T01:00:00+07:00,2026-06-08T01:00:00+07:00,mon,night,73.08313870296561,12.742311719831351,71,25,1.9619673847008103,ok,,google
6445031528_5356357321_0,6445031528,5356357321,0,mon_07,2026-06-01T07:00:00+07:00,2026-06-01T07:00:00+07:00,mon,am,73.08313870296561,12.742311719831351,71,25,1.9619673847008103,ok,,google
6445031528_5356357321_0,6445031528,5356357321,0,mon_17,2026-06-01T17:00:00+07:00,2026-06-01T17:00:00+07:00,mon,pm,73.08313870296561,12.742311719831351,71,25,1.9619673847008103,ok,,google
6445031528_5356357321_0,6445031528,5356357321,0,tue_01,2026-06-02T01:00:00+07:00,2026-06-02T01:00:00+07:00,tue,night,73.08313870296561,12.742311719831351,71,25,1.9619673847008103,ok,,google
6445031528_5356357321_0,6445031528,5356357321,0,tue_07,2026-06-02T07:00:00+07:00,2026-06-02T07:00:00+07:00,tue,am,73.08313870296561,12.742311719831351,71,25,1.9619673847008103,ok,,google
6445031528_5356357321_0,6445031528,5356357321,0,tue_17,2026-06-02T17:00:00+07:00,2026-06-02T17:00:00+07:00,tue,pm,73.08313870296561,12.742311719831351,71,25,1.9619673847008103,ok,,google
6445031528_5356357321_0,6445031528,5356357321,0,wed_01,2026-06-03T01:00:00+07:00,2026-06-03T01:00:00+07:00,wed,night,73.08313870296561,12.742311719831351,71,25,1.9619673847008103,ok,,google
6445031528_5356357321_0,6445031528,5356357321,0,wed_07,2026-06-03T07:00:00+07:00,2026-06-03T07:00:00+07:00,wed,am,73.08313870296561,12.742311719831351,71,25,1.9619673847008103,ok,,google
6445031528_5356357321_0,6445031528,5356357321,0,wed_17,2026-06-03T17:00:00+07:00,2026-06-03T17:00:00+07:00,wed,pm,73.08313870296561,12.742311719831351,71,25,1.9619673847008103,ok,,google
6445031528_5356357321_0,6445031528,5356357321,0,thu_01,2026-06-04T01:00:00+07:00,2026-06-04T01:00:00+07:00,thu,night,73.08313870296561,12.742311719831351,71,25,1.9619673847008103,ok,,google
6445031528_5356357321_0,6445031528,5356357321,0,thu_07,2026-06-04T07:00:00+07:00,2026-06-04T07:00:00+07:00,thu,am,73.08313870296561,12.742311719831351,71,25,1.9619673847008103,ok,,google
6445031528_5356357321_0,6445031528,5356357321,0,thu_17,2026-06-04T17:00:00+07:00,2026-06-04T17:00:00+07:00,thu,pm,73.08313870296561,12.742311719831351,71,25,1.9619673847008103,ok,,google
6445031528_5356357321_0,6445031528,5356357321,0,fri_01,2026-06-05T01:00:00+07:00,2026-06-05T01:00:00+07:00,fri,night,73.08313870296561,12.742311719831351,71,25,1.9619673847008103,ok,,google
6445031528_5356357321_0,6445031528,5356357321,0,fri_07,2026-06-05T07:00:00+07:00,2026-06-05T07:00:00+07:00,fri,am,73.08313870296561,12.742311719831351,71,25,1.9619673847008103,ok,,google
6445031528_5356357321_0,6445031528,5356357321,0,fri_17,2026-06-05T17:00:00+07:00,2026-06-05T17:00:00+07:00,fri,pm,73.08313870296561,12.742311719831351,71,25,1.9619673847008103,ok,,google
6445031528_5356357321_0,6445031528,5356357321,0,sat_01,2026-06-06T01:00:00+07:00,2026-06-06T01:00:00+07:00,sat,night,73.08313870296561,12.742311719831351,71,25,1.9619673847008103,ok,,google
6445031528_5356357321_0,6445031528,5356357321,0,sat_07,2026-06-06T07:00:00+07:00,2026-06-06T07:00:00+07:00,sat,am,73.08313870296561,12.742311719831351,71,25,1.9619673847008103,ok,,google
6445031528_5356357321_0,6445031528,5356357321,0,sat_17,2026-06-06T17:00:00+07:00,2026-06-06T17:00:00+07:00,sat,pm,73.08313870296561,12.742311719831351,71,25,1.9619673847008103,ok,,google
6445031528_5356357321_0,6445031528,5356357321,0,sun_01,2026-06-07T01:00:00+07:00,2026-06-07T01:00:00+07:00,sun,night,73.08313870296561,12.742311719831351,71,25,1.9619673847008103,ok,,google
6445031528_5356357321_0,6445031528,5356357321,0,sun_07,2026-06-07T07:00:00+07:00,2026-06-07T07:00:00+07:00,sun,am,73.08313870296561,12.742311719831351,71,25,1.9619673847008103,ok,,google
6445031528_5356357321_0,6445031528,5356357321,0,sun_17,2026-06-07T17:00:00+07:00,2026-06-07T17:00:00+07:00,sun,pm,73.08313870296561,12.742311719831351,71,25,1.9619673847008103,ok,,google
4681201089_4681201088_0,4681201089,4681201088,0,mon_01,2026-06-01T01:00:00+07:00,2026-06-08T01:00:00+07:00,mon,night,144.6353454855948,25.217699877032853,145,47,1.86377029741739,ok,,google
4681201089_4681201088_0,4681201089,4681201088,0,mon_07,2026-06-01T07:00:00+07:00,2026-06-01T07:00:00+07:00,mon,am,144.6353454855948,25.217699877032853,145,47,1.86377029741739,ok,,google
4681201089_4681201088_0,4681201089,4681201088,0,mon_17,2026-06-01T17:00:00+07:00,2026-06-01T17:00:00+07:00,mon,pm,144.6353454855948,25.217699877032853,145,47,1.86377029741739,ok,,google
4681201089_4681201088_0,4681201089,4681201088,0,tue_01,2026-06-02T01:00:00+07:00,2026-06-02T01:00:00+07:00,tue,night,144.6353454855948,25.217699877032853,145,47,1.86377029741739,ok,,google
4681201089_4681201088_0,4681201089,4681201088,0,tue_07,2026-06-02T07:00:00+07:00,2026-06-02T07:00:00+07:00,tue,am,144.6353454855948,25.217699877032853,145,47,1.86377029741739,ok,,google
4681201089_4681201088_0,4681201089,4681201088,0,tue_17,2026-06-02T17:00:00+07:00,2026-06-02T17:00:00+07:00,tue,pm,144.6353454855948,25.217699877032853,145,47,1.86377029741739,ok,,google
4681201089_4681201088_0,4681201089,4681201088,0,wed_01,2026-06-03T01:00:00+07:00,2026-06-03T01:00:00+07:00,wed,night,144.6353454855948,25.217699877032853,145,47,1.86377029741739,ok,,google
4681201089_4681201088_0,4681201089,4681201088,0,wed_07,2026-06-03T07:00:00+07:00,2026-06-03T07:00:00+07:00,wed,am,144.6353454855948,25.217699877032853,145,47,1.86377029741739,ok,,google
4681201089_4681201088_0,4681201089,4681201088,0,wed_17,2026-06-03T17:00:00+07:00,2026-06-03T17:00:00+07:00,wed,pm,144.6353454855948,25.217699877032853,145,47,1.86377029741739,ok,,google
4681201089_4681201088_0,4681201089,4681201088,0,thu_01,2026-06-04T01:00:00+07:00,2026-06-04T01:00:00+07:00,thu,night,144.6353454855948,25.217699877032853,145,47,1.86377029741739,ok,,google
4681201089_4681201088_0,4681201089,4681201088,0,thu_07,2026-06-04T07:00:00+07:00,2026-06-04T07:00:00+07:00,thu,am,144.6353454855948,25.217699877032853,145,47,1.86377029741739,ok,,google
4681201089_4681201088_0,4681201089,4681201088,0,thu_17,2026-06-04T17:00:00+07:00,2026-06-04T17:00:00+07:00,thu,pm,144.6353454855948,25.217699877032853,145,47,1.86377029741739,ok,,google
4681201089_4681201088_0,4681201089,4681201088,0,fri_01,2026-06-05T01:00:00+07:00,2026-06-05T01:00:00+07:00,fri,night,144.6353454855948,25.217699877032853,145,47,1.86377029741739,ok,,google
4681201089_4681201088_0,4681201089,4681201088,0,fri_07,2026-06-05T07:00:00+07:00,2026-06-05T07:00:00+07:00,fri,am,144.6353454855948,25.217699877032853,145,47,1.86377029741739,ok,,google
4681201089_4681201088_0,4681201089,4681201088,0,fri_17,2026-06-05T17:00:00+07:00,2026-06-05T17:00:00+07:00,fri,pm,144.6353454855948,25.217699877032853,145,47,1.86377029741739,ok,,google
4681201089_4681201088_0,4681201089,4681201088,0,sat_01,2026-06-06T01:00:00+07:00,2026-06-06T01:00:00+07:00,sat,night,144.6353454855948,25.217699877032853,145,47,1.86377029741739,ok,,google
4681201089_4681201088_0,4681201089,4681201088,0,sat_07,2026-06-06T07:00:00+07:00,2026-06-06T07:00:00+07:00,sat,am,144.6353454855948,25.217699877032853,145,47,1.86377029741739,ok,,google
4681201089_4681201088_0,4681201089,4681201088,0,sat_17,2026-06-06T17:00:00+07:00,2026-06-06T17:00:00+07:00,sat,pm,144.6353454855948,25.217699877032853,145,47,1.86377029741739,ok,,google
4681201089_4681201088_0,4681201089,4681201088,0,sun_01,2026-06-07T01:00:00+07:00,2026-06-07T01:00:00+07:00,sun,night,144.6353454855948,25.217699877032853,145,47,1.86377029741739,ok,,google
4681201089_4681201088_0,4681201089,4681201088,0,sun_07,2026-06-07T07:00:00+07:00,2026-06-07T07:00:00+07:00,sun,am,144.6353454855948,25.217699877032853,145,47,1.86377029741739,ok,,google
4681201089_4681201088_0,4681201089,4681201088,0,sun_17,2026-06-07T17:00:00+07:00,2026-06-07T17:00:00+07:00,sun,pm,144.6353454855948,25.217699877032853,145,47,1.86377029741739,ok,,google
13049910505_5354184416_0,13049910505,5354184416,0,mon_01,2026-06-01T01:00:00+07:00,2026-06-08T01:00:00+07:00,mon,night,69.24533095432702,12.073175944851933,1835,339,28.07877575448997,ok,,google
13049910505_5354184416_0,13049910505,5354184416,0,mon_07,2026-06-01T07:00:00+07:00,2026-06-01T07:00:00+07:00,mon,am,69.24533095432702,12.073175944851933,1835,391,32.38584460178637,ok,,google
13049910505_5354184416_0,13049910505,5354184416,0,mon_17,2026-06-01T17:00:00+07:00,2026-06-01T17:00:00+07:00,mon,pm,69.24533095432702,12.073175944851933,1835,433,35.864630978448844,ok,,google
13049910505_5354184416_0,13049910505,5354184416,0,tue_01,2026-06-02T01:00:00+07:00,2026-06-02T01:00:00+07:00,tue,night,69.24533095432702,12.073175944851933,1835,336,27.830291013299796,ok,,google
13049910505_5354184416_0,13049910505,5354184416,0,tue_07,2026-06-02T07:00:00+07:00,2026-06-02T07:00:00+07:00,tue,am,69.24533095432702,12.073175944851933,1835,396,32.79998583710333,ok,,google
13049910505_5354184416_0,13049910505,5354184416,0,tue_17,2026-06-02T17:00:00+07:00,2026-06-02T17:00:00+07:00,tue,pm,69.24533095432702,12.073175944851933,1835,430,35.61614623725867,ok,,google
13049910505_5354184416_0,13049910505,5354184416,0,wed_01,2026-06-03T01:00:00+07:00,2026-06-03T01:00:00+07:00,wed,night,69.24533095432702,12.073175944851933,1835,337,27.913119260363185,ok,,google
13049910505_5354184416_0,13049910505,5354184416,0,wed_07,2026-06-03T07:00:00+07:00,2026-06-03T07:00:00+07:00,wed,am,69.24533095432702,12.073175944851933,1835,387,32.0545316135328,ok,,google
13049910505_5354184416_0,13049910505,5354184416,0,wed_17,2026-06-03T17:00:00+07:00,2026-06-03T17:00:00+07:00,wed,pm,69.24533095432702,12.073175944851933,1835,438,36.278772213765805,ok,,google
13049910505_5354184416_0,13049910505,5354184416,0,thu_01,2026-06-04T01:00:00+07:00,2026-06-04T01:00:00+07:00,thu,night,69.24533095432702,12.073175944851933,1835,345,28.575745236870326,ok,,google
13049910505_5354184416_0,13049910505,5354184416,0,thu_07,2026-06-04T07:00:00+07:00,2026-06-04T07:00:00+07:00,thu,am,69.24533095432702,12.073175944851933,1835,393,32.55150109591315,ok,,google
13049910505_5354184416_0,13049910505,5354184416,0,thu_17,2026-06-04T17:00:00+07:00,2026-06-04T17:00:00+07:00,thu,pm,69.24533095432702,12.073175944851933,1835,469,38.84644787273096,ok,,google
13049910505_5354184416_0,13049910505,5354184416,0,fri_01,2026-06-05T01:00:00+07:00,2026-06-05T01:00:00+07:00,fri,night,69.24533095432702,12.073175944851933,1835,369,30.56362316639174,ok,,google
13049910505_5354184416_0,13049910505,5354184416,0,fri_07,2026-06-05T07:00:00+07:00,2026-06-05T07:00:00+07:00,fri,am,69.24533095432702,12.073175944851933,1835,388,32.13735986059619,ok,,google
13049910505_5354184416_0,13049910505,5354184416,0,fri_17,2026-06-05T17:00:00+07:00,2026-06-05T17:00:00+07:00,fri,pm,69.24533095432702,12.073175944851933,1835,440,36.44442870789259,ok,,google
13049910505_5354184416_0,13049910505,5354184416,0,sat_01,2026-06-06T01:00:00+07:00,2026-06-06T01:00:00+07:00,sat,night,69.24533095432702,12.073175944851933,1835,358,29.652512448694424,ok,,google
13049910505_5354184416_0,13049910505,5354184416,0,sat_07,2026-06-06T07:00:00+07:00,2026-06-06T07:00:00+07:00,sat,am,69.24533095432702,12.073175944851933,1835,374,30.9777644017087,ok,,google
13049910505_5354184416_0,13049910505,5354184416,0,sat_17,2026-06-06T17:00:00+07:00,2026-06-06T17:00:00+07:00,sat,pm,69.24533095432702,12.073175944851933,1835,434,35.94745922551223,ok,,google
13049910505_5354184416_0,13049910505,5354184416,0,sun_01,2026-06-07T01:00:00+07:00,2026-06-07T01:00:00+07:00,sun,night,69.24533095432702,12.073175944851933,1835,350,28.989886472187287,ok,,google
13049910505_5354184416_0,13049910505,5354184416,0,sun_07,2026-06-07T07:00:00+07:00,2026-06-07T07:00:00+07:00,sun,am,69.24533095432702,12.073175944851933,1835,365,30.23231017813817,ok,,google
13049910505_5354184416_0,13049910505,5354184416,0,sun_17,2026-06-07T17:00:00+07:00,2026-06-07T17:00:00+07:00,sun,pm,69.24533095432702,12.073175944851933,1835,412,34.12523779011761,ok,,google
1666614380_29376874_0,1666614380,29376874,0,mon_01,2026-06-01T01:00:00+07:00,2026-06-08T01:00:00+07:00,mon,night,299.50802219231934,52.22031578139971,301,102,1.9532627957859123,ok,,google
1666614380_29376874_0,1666614380,29376874,0,mon_07,2026-06-01T07:00:00+07:00,2026-06-01T07:00:00+07:00,mon,am,299.50802219231934,52.22031578139971,301,102,1.9532627957859123,ok,,google
1666614380_29376874_0,1666614380,29376874,0,mon_17,2026-06-01T17:00:00+07:00,2026-06-01T17:00:00+07:00,mon,pm,299.50802219231934,52.22031578139971,301,102,1.9532627957859123,ok,,google
1666614380_29376874_0,1666614380,29376874,0,tue_01,2026-06-02T01:00:00+07:00,2026-06-02T01:00:00+07:00,tue,night,299.50802219231934,52.22031578139971,301,102,1.9532627957859123,ok,,google
1666614380_29376874_0,1666614380,29376874,0,tue_07,2026-06-02T07:00:00+07:00,2026-06-02T07:00:00+07:00,tue,am,299.50802219231934,52.22031578139971,301,102,1.9532627957859123,ok,,google
1666614380_29376874_0,1666614380,29376874,0,tue_17,2026-06-02T17:00:00+07:00,2026-06-02T17:00:00+07:00,tue,pm,299.50802219231934,52.22031578139971,301,102,1.9532627957859123,ok,,google
1666614380_29376874_0,1666614380,29376874,0,wed_01,2026-06-03T01:00:00+07:00,2026-06-03T01:00:00+07:00,wed,night,299.50802219231934,52.22031578139971,301,102,1.9532627957859123,ok,,google
1666614380_29376874_0,1666614380,29376874,0,wed_07,2026-06-03T07:00:00+07:00,2026-06-03T07:00:00+07:00,wed,am,299.50802219231934,52.22031578139971,301,102,1.9532627957859123,ok,,google
1666614380_29376874_0,1666614380,29376874,0,wed_17,2026-06-03T17:00:00+07:00,2026-06-03T17:00:00+07:00,wed,pm,299.50802219231934,52.22031578139971,301,102,1.9532627957859123,ok,,google
1666614380_29376874_0,1666614380,29376874,0,thu_01,2026-06-04T01:00:00+07:00,2026-06-04T01:00:00+07:00,thu,night,299.50802219231934,52.22031578139971,301,102,1.9532627957859123,ok,,google
1666614380_29376874_0,1666614380,29376874,0,thu_07,2026-06-04T07:00:00+07:00,2026-06-04T07:00:00+07:00,thu,am,299.50802219231934,52.22031578139971,301,102,1.9532627957859123,ok,,google
1666614380_29376874_0,1666614380,29376874,0,thu_17,2026-06-04T17:00:00+07:00,2026-06-04T17:00:00+07:00,thu,pm,299.50802219231934,52.22031578139971,301,102,1.9532627957859123,ok,,google
1666614380_29376874_0,1666614380,29376874,0,fri_01,2026-06-05T01:00:00+07:00,2026-06-05T01:00:00+07:00,fri,night,299.50802219231934,52.22031578139971,301,102,1.9532627957859123,ok,,google
1666614380_29376874_0,1666614380,29376874,0,fri_07,2026-06-05T07:00:00+07:00,2026-06-05T07:00:00+07:00,fri,am,299.50802219231934,52.22031578139971,301,102,1.9532627957859123,ok,,google
1666614380_29376874_0,1666614380,29376874,0,fri_17,2026-06-05T17:00:00+07:00,2026-06-05T17:00:00+07:00,fri,pm,299.50802219231934,52.22031578139971,301,102,1.9532627957859123,ok,,google
1666614380_29376874_0,1666614380,29376874,0,sat_01,2026-06-06T01:00:00+07:00,2026-06-06T01:00:00+07:00,sat,night,299.50802219231934,52.22031578139971,301,102,1.9532627957859123,ok,,google
1666614380_29376874_0,1666614380,29376874,0,sat_07,2026-06-06T07:00:00+07:00,2026-06-06T07:00:00+07:00,sat,am,299.50802219231934,52.22031578139971,301,102,1.9532627957859123,ok,,google
1666614380_29376874_0,1666614380,29376874,0,sat_17,2026-06-06T17:00:00+07:00,2026-06-06T17:00:00+07:00,sat,pm,299.50802219231934,52.22031578139971,301,102,1.9532627957859123,ok,,google
1666614380_29376874_0,1666614380,29376874,0,sun_01,2026-06-07T01:00:00+07:00,2026-06-07T01:00:00+07:00,sun,night,299.50802219231934,52.22031578139971,301,102,1.9532627957859123,ok,,google
1666614380_29376874_0,1666614380,29376874,0,sun_07,2026-06-07T07:00:00+07:00,2026-06-07T07:00:00+07:00,sun,am,299.50802219231934,52.22031578139971,301,102,1.9532627957859123,ok,,google
1666614380_29376874_0,1666614380,29376874,0,sun_17,2026-06-07T17:00:00+07:00,2026-06-07T17:00:00+07:00,sun,pm,299.50802219231934,52.22031578139971,301,102,1.9532627957859123,ok,,google
1108674441_5397556637_0,1108674441,5397556637,0,mon_01,2026-06-01T01:00:00+07:00,2026-06-08T01:00:00+07:00,mon,night,51.79733884834402,9.323520992701923,52,12,1.2870674082670182,ok,,google
1108674441_5397556637_0,1108674441,5397556637,0,mon_07,2026-06-01T07:00:00+07:00,2026-06-01T07:00:00+07:00,mon,am,51.79733884834402,9.323520992701923,52,12,1.2870674082670182,ok,,google
1108674441_5397556637_0,1108674441,5397556637,0,mon_17,2026-06-01T17:00:00+07:00,2026-06-01T17:00:00+07:00,mon,pm,51.79733884834402,9.323520992701923,52,12,1.2870674082670182,ok,,google
1108674441_5397556637_0,1108674441,5397556637,0,tue_01,2026-06-02T01:00:00+07:00,2026-06-02T01:00:00+07:00,tue,night,51.79733884834402,9.323520992701923,52,12,1.2870674082670182,ok,,google
1108674441_5397556637_0,1108674441,5397556637,0,tue_07,2026-06-02T07:00:00+07:00,2026-06-02T07:00:00+07:00,tue,am,51.79733884834402,9.323520992701923,52,12,1.2870674082670182,ok,,google
1108674441_5397556637_0,1108674441,5397556637,0,tue_17,2026-06-02T17:00:00+07:00,2026-06-02T17:00:00+07:00,tue,pm,51.79733884834402,9.323520992701923,52,12,1.2870674082670182,ok,,google
1108674441_5397556637_0,1108674441,5397556637,0,wed_01,2026-06-03T01:00:00+07:00,2026-06-03T01:00:00+07:00,wed,night,51.79733884834402,9.323520992701923,52,12,1.2870674082670182,ok,,google
1108674441_5397556637_0,1108674441,5397556637,0,wed_07,2026-06-03T07:00:00+07:00,2026-06-03T07:00:00+07:00,wed,am,51.79733884834402,9.323520992701923,52,12,1.2870674082670182,ok,,google
1108674441_5397556637_0,1108674441,5397556637,0,wed_17,2026-06-03T17:00:00+07:00,2026-06-03T17:00:00+07:00,wed,pm,51.79733884834402,9.323520992701923,52,12,1.2870674082670182,ok,,google
1108674441_5397556637_0,1108674441,5397556637,0,thu_01,2026-06-04T01:00:00+07:00,2026-06-04T01:00:00+07:00,thu,night,51.79733884834402,9.323520992701923,52,12,1.2870674082670182,ok,,google
1108674441_5397556637_0,1108674441,5397556637,0,thu_07,2026-06-04T07:00:00+07:00,2026-06-04T07:00:00+07:00,thu,am,51.79733884834402,9.323520992701923,52,12,1.2870674082670182,ok,,google
1108674441_5397556637_0,1108674441,5397556637,0,thu_17,2026-06-04T17:00:00+07:00,2026-06-04T17:00:00+07:00,thu,pm,51.79733884834402,9.323520992701923,52,12,1.2870674082670182,ok,,google
1108674441_5397556637_0,1108674441,5397556637,0,fri_01,2026-06-05T01:00:00+07:00,2026-06-05T01:00:00+07:00,fri,night,51.79733884834402,9.323520992701923,52,12,1.2870674082670182,ok,,google
1108674441_5397556637_0,1108674441,5397556637,0,fri_07,2026-06-05T07:00:00+07:00,2026-06-05T07:00:00+07:00,fri,am,51.79733884834402,9.323520992701923,52,12,1.2870674082670182,ok,,google
1108674441_5397556637_0,1108674441,5397556637,0,fri_17,2026-06-05T17:00:00+07:00,2026-06-05T17:00:00+07:00,fri,pm,51.79733884834402,9.323520992701923,52,12,1.2870674082670182,ok,,google
1108674441_5397556637_0,1108674441,5397556637,0,sat_01,2026-06-06T01:00:00+07:00,2026-06-06T01:00:00+07:00,sat,night,51.79733884834402,9.323520992701923,52,12,1.2870674082670182,ok,,google
1108674441_5397556637_0,1108674441,5397556637,0,sat_07,2026-06-06T07:00:00+07:00,2026-06-06T07:00:00+07:00,sat,am,51.79733884834402,9.323520992701923,52,12,1.2870674082670182,ok,,google
1108674441_5397556637_0,1108674441,5397556637,0,sat_17,2026-06-06T17:00:00+07:00,2026-06-06T17:00:00+07:00,sat,pm,51.79733884834402,9.323520992701923,52,12,1.2870674082670182,ok,,google
1108674441_5397556637_0,1108674441,5397556637,0,sun_01,2026-06-07T01:00:00+07:00,2026-06-07T01:00:00+07:00,sun,night,51.79733884834402,9.323520992701923,52,12,1.2870674082670182,ok,,google
1108674441_5397556637_0,1108674441,5397556637,0,sun_07,2026-06-07T07:00:00+07:00,2026-06-07T07:00:00+07:00,sun,am,51.79733884834402,9.323520992701923,52,12,1.2870674082670182,ok,,google
1108674441_5397556637_0,1108674441,5397556637,0,sun_17,2026-06-07T17:00:00+07:00,2026-06-07T17:00:00+07:00,sun,pm,51.79733884834402,9.323520992701923,52,12,1.2870674082670182,ok,,google
302257082_4643422880_0,302257082,4643422880,0,mon_01,2026-06-01T01:00:00+07:00,2026-06-08T01:00:00+07:00,mon,night,175.936388349035,30.675150834945438,173,44,1.4343857748818227,ok,,google
302257082_4643422880_0,302257082,4643422880,0,mon_07,2026-06-01T07:00:00+07:00,2026-06-01T07:00:00+07:00,mon,am,175.936388349035,30.675150834945438,173,44,1.4343857748818227,ok,,google
302257082_4643422880_0,302257082,4643422880,0,mon_17,2026-06-01T17:00:00+07:00,2026-06-01T17:00:00+07:00,mon,pm,175.936388349035,30.675150834945438,173,44,1.4343857748818227,ok,,google
302257082_4643422880_0,302257082,4643422880,0,tue_01,2026-06-02T01:00:00+07:00,2026-06-02T01:00:00+07:00,tue,night,175.936388349035,30.675150834945438,173,44,1.4343857748818227,ok,,google
302257082_4643422880_0,302257082,4643422880,0,tue_07,2026-06-02T07:00:00+07:00,2026-06-02T07:00:00+07:00,tue,am,175.936388349035,30.675150834945438,173,44,1.4343857748818227,ok,,google
302257082_4643422880_0,302257082,4643422880,0,tue_17,2026-06-02T17:00:00+07:00,2026-06-02T17:00:00+07:00,tue,pm,175.936388349035,30.675150834945438,173,44,1.4343857748818227,ok,,google
302257082_4643422880_0,302257082,4643422880,0,wed_01,2026-06-03T01:00:00+07:00,2026-06-03T01:00:00+07:00,wed,night,175.936388349035,30.675150834945438,173,44,1.4343857748818227,ok,,google
302257082_4643422880_0,302257082,4643422880,0,wed_07,2026-06-03T07:00:00+07:00,2026-06-03T07:00:00+07:00,wed,am,175.936388349035,30.675150834945438,173,44,1.4343857748818227,ok,,google
302257082_4643422880_0,302257082,4643422880,0,wed_17,2026-06-03T17:00:00+07:00,2026-06-03T17:00:00+07:00,wed,pm,175.936388349035,30.675150834945438,173,44,1.4343857748818227,ok,,google
302257082_4643422880_0,302257082,4643422880,0,thu_01,2026-06-04T01:00:00+07:00,2026-06-04T01:00:00+07:00,thu,night,175.936388349035,30.675150834945438,173,44,1.4343857748818227,ok,,google
302257082_4643422880_0,302257082,4643422880,0,thu_07,2026-06-04T07:00:00+07:00,2026-06-04T07:00:00+07:00,thu,am,175.936388349035,30.675150834945438,173,44,1.4343857748818227,ok,,google
302257082_4643422880_0,302257082,4643422880,0,thu_17,2026-06-04T17:00:00+07:00,2026-06-04T17:00:00+07:00,thu,pm,175.936388349035,30.675150834945438,173,44,1.4343857748818227,ok,,google
302257082_4643422880_0,302257082,4643422880,0,fri_01,2026-06-05T01:00:00+07:00,2026-06-05T01:00:00+07:00,fri,night,175.936388349035,30.675150834945438,173,44,1.4343857748818227,ok,,google
302257082_4643422880_0,302257082,4643422880,0,fri_07,2026-06-05T07:00:00+07:00,2026-06-05T07:00:00+07:00,fri,am,175.936388349035,30.675150834945438,173,44,1.4343857748818227,ok,,google
302257082_4643422880_0,302257082,4643422880,0,fri_17,2026-06-05T17:00:00+07:00,2026-06-05T17:00:00+07:00,fri,pm,175.936388349035,30.675150834945438,173,44,1.4343857748818227,ok,,google
302257082_4643422880_0,302257082,4643422880,0,sat_01,2026-06-06T01:00:00+07:00,2026-06-06T01:00:00+07:00,sat,night,175.936388349035,30.675150834945438,173,44,1.4343857748818227,ok,,google
302257082_4643422880_0,302257082,4643422880,0,sat_07,2026-06-06T07:00:00+07:00,2026-06-06T07:00:00+07:00,sat,am,175.936388349035,30.675150834945438,173,44,1.4343857748818227,ok,,google
302257082_4643422880_0,302257082,4643422880,0,sat_17,2026-06-06T17:00:00+07:00,2026-06-06T17:00:00+07:00,sat,pm,175.936388349035,30.675150834945438,173,44,1.4343857748818227,ok,,google
302257082_4643422880_0,302257082,4643422880,0,sun_01,2026-06-07T01:00:00+07:00,2026-06-07T01:00:00+07:00,sun,night,175.936388349035,30.675150834945438,173,44,1.4343857748818227,ok,,google
302257082_4643422880_0,302257082,4643422880,0,sun_07,2026-06-07T07:00:00+07:00,2026-06-07T07:00:00+07:00,sun,am,175.936388349035,30.675150834945438,173,44,1.4343857748818227,ok,,google
302257082_4643422880_0,302257082,4643422880,0,sun_17,2026-06-07T17:00:00+07:00,2026-06-07T17:00:00+07:00,sun,pm,175.936388349035,30.675150834945438,173,44,1.4343857748818227,ok,,google
1107817469_1667532271_0,1107817469,1667532271,0,mon_01,2026-06-01T01:00:00+07:00,2026-06-08T01:00:00+07:00,mon,night,108.9533115568967,18.996407152249816,109,20,1.0528306663310976,ok,,google
1107817469_1667532271_0,1107817469,1667532271,0,mon_07,2026-06-01T07:00:00+07:00,2026-06-01T07:00:00+07:00,mon,am,108.9533115568967,18.996407152249816,109,22,1.1581137329642073,ok,,google
1107817469_1667532271_0,1107817469,1667532271,0,mon_17,2026-06-01T17:00:00+07:00,2026-06-01T17:00:00+07:00,mon,pm,108.9533115568967,18.996407152249816,109,23,1.2107552662807621,ok,,google
1107817469_1667532271_0,1107817469,1667532271,0,tue_01,2026-06-02T01:00:00+07:00,2026-06-02T01:00:00+07:00,tue,night,108.9533115568967,18.996407152249816,109,18,0.9475475996979877,ok,,google
1107817469_1667532271_0,1107817469,1667532271,0,tue_07,2026-06-02T07:00:00+07:00,2026-06-02T07:00:00+07:00,tue,am,108.9533115568967,18.996407152249816,109,25,1.3160383329138718,ok,,google
1107817469_1667532271_0,1107817469,1667532271,0,tue_17,2026-06-02T17:00:00+07:00,2026-06-02T17:00:00+07:00,tue,pm,108.9533115568967,18.996407152249816,109,24,1.263396799597317,ok,,google
1107817469_1667532271_0,1107817469,1667532271,0,wed_01,2026-06-03T01:00:00+07:00,2026-06-03T01:00:00+07:00,wed,night,108.9533115568967,18.996407152249816,109,18,0.9475475996979877,ok,,google
1107817469_1667532271_0,1107817469,1667532271,0,wed_07,2026-06-03T07:00:00+07:00,2026-06-03T07:00:00+07:00,wed,am,108.9533115568967,18.996407152249816,109,21,1.1054721996476524,ok,,google
1107817469_1667532271_0,1107817469,1667532271,0,wed_17,2026-06-03T17:00:00+07:00,2026-06-03T17:00:00+07:00,wed,pm,108.9533115568967,18.996407152249816,109,23,1.2107552662807621,ok,,google
1107817469_1667532271_0,1107817469,1667532271,0,thu_01,2026-06-04T01:00:00+07:00,2026-06-04T01:00:00+07:00,thu,night,108.9533115568967,18.996407152249816,109,23,1.2107552662807621,ok,,google
1107817469_1667532271_0,1107817469,1667532271,0,thu_07,2026-06-04T07:00:00+07:00,2026-06-04T07:00:00+07:00,thu,am,108.9533115568967,18.996407152249816,109,24,1.263396799597317,ok,,google
1107817469_1667532271_0,1107817469,1667532271,0,thu_17,2026-06-04T17:00:00+07:00,2026-06-04T17:00:00+07:00,thu,pm,108.9533115568967,18.996407152249816,109,26,1.3686798662304267,ok,,google
1107817469_1667532271_0,1107817469,1667532271,0,fri_01,2026-06-05T01:00:00+07:00,2026-06-05T01:00:00+07:00,fri,night,108.9533115568967,18.996407152249816,109,20,1.0528306663310976,ok,,google
1107817469_1667532271_0,1107817469,1667532271,0,fri_07,2026-06-05T07:00:00+07:00,2026-06-05T07:00:00+07:00,fri,am,108.9533115568967,18.996407152249816,109,26,1.3686798662304267,ok,,google
1107817469_1667532271_0,1107817469,1667532271,0,fri_17,2026-06-05T17:00:00+07:00,2026-06-05T17:00:00+07:00,fri,pm,108.9533115568967,18.996407152249816,109,24,1.263396799597317,ok,,google
1107817469_1667532271_0,1107817469,1667532271,0,sat_01,2026-06-06T01:00:00+07:00,2026-06-06T01:00:00+07:00,sat,night,108.9533115568967,18.996407152249816,109,22,1.1581137329642073,ok,,google
1107817469_1667532271_0,1107817469,1667532271,0,sat_07,2026-06-06T07:00:00+07:00,2026-06-06T07:00:00+07:00,sat,am,108.9533115568967,18.996407152249816,109,26,1.3686798662304267,ok,,google
1107817469_1667532271_0,1107817469,1667532271,0,sat_17,2026-06-06T17:00:00+07:00,2026-06-06T17:00:00+07:00,sat,pm,108.9533115568967,18.996407152249816,109,24,1.263396799597317,ok,,google
1107817469_1667532271_0,1107817469,1667532271,0,sun_01,2026-06-07T01:00:00+07:00,2026-06-07T01:00:00+07:00,sun,night,108.9533115568967,18.996407152249816,109,20,1.0528306663310976,ok,,google
1107817469_1667532271_0,1107817469,1667532271,0,sun_07,2026-06-07T07:00:00+07:00,2026-06-07T07:00:00+07:00,sun,am,108.9533115568967,18.996407152249816,109,26,1.3686798662304267,ok,,google
1107817469_1667532271_0,1107817469,1667532271,0,sun_17,2026-06-07T17:00:00+07:00,2026-06-07T17:00:00+07:00,sun,pm,108.9533115568967,18.996407152249816,109,27,1.4213213995469816,ok,,google
3445462881_3445462878_0,3445462881,3445462878,0,mon_01,2026-06-01T01:00:00+07:00,2026-06-08T01:00:00+07:00,mon,night,83.25170071984218,14.515237585646968,82,25,1.7223279917044299,ok,,google
3445462881_3445462878_0,3445462881,3445462878,0,mon_07,2026-06-01T07:00:00+07:00,2026-06-01T07:00:00+07:00,mon,am,83.25170071984218,14.515237585646968,82,25,1.7223279917044299,ok,,google
3445462881_3445462878_0,3445462881,3445462878,0,mon_17,2026-06-01T17:00:00+07:00,2026-06-01T17:00:00+07:00,mon,pm,83.25170071984218,14.515237585646968,82,25,1.7223279917044299,ok,,google
3445462881_3445462878_0,3445462881,3445462878,0,tue_01,2026-06-02T01:00:00+07:00,2026-06-02T01:00:00+07:00,tue,night,83.25170071984218,14.515237585646968,82,25,1.7223279917044299,ok,,google
3445462881_3445462878_0,3445462881,3445462878,0,tue_07,2026-06-02T07:00:00+07:00,2026-06-02T07:00:00+07:00,tue,am,83.25170071984218,14.515237585646968,82,25,1.7223279917044299,ok,,google
3445462881_3445462878_0,3445462881,3445462878,0,tue_17,2026-06-02T17:00:00+07:00,2026-06-02T17:00:00+07:00,tue,pm,83.25170071984218,14.515237585646968,82,25,1.7223279917044299,ok,,google
3445462881_3445462878_0,3445462881,3445462878,0,wed_01,2026-06-03T01:00:00+07:00,2026-06-03T01:00:00+07:00,wed,night,83.25170071984218,14.515237585646968,82,25,1.7223279917044299,ok,,google
3445462881_3445462878_0,3445462881,3445462878,0,wed_07,2026-06-03T07:00:00+07:00,2026-06-03T07:00:00+07:00,wed,am,83.25170071984218,14.515237585646968,82,25,1.7223279917044299,ok,,google
3445462881_3445462878_0,3445462881,3445462878,0,wed_17,2026-06-03T17:00:00+07:00,2026-06-03T17:00:00+07:00,wed,pm,83.25170071984218,14.515237585646968,82,25,1.7223279917044299,ok,,google
3445462881_3445462878_0,3445462881,3445462878,0,thu_01,2026-06-04T01:00:00+07:00,2026-06-04T01:00:00+07:00,thu,night,83.25170071984218,14.515237585646968,82,25,1.7223279917044299,ok,,google
3445462881_3445462878_0,3445462881,3445462878,0,thu_07,2026-06-04T07:00:00+07:00,2026-06-04T07:00:00+07:00,thu,am,83.25170071984218,14.515237585646968,82,25,1.7223279917044299,ok,,google
3445462881_3445462878_0,3445462881,3445462878,0,thu_17,2026-06-04T17:00:00+07:00,2026-06-04T17:00:00+07:00,thu,pm,83.25170071984218,14.515237585646968,82,25,1.7223279917044299,ok,,google
3445462881_3445462878_0,3445462881,3445462878,0,fri_01,2026-06-05T01:00:00+07:00,2026-06-05T01:00:00+07:00,fri,night,83.25170071984218,14.515237585646968,82,25,1.7223279917044299,ok,,google
3445462881_3445462878_0,3445462881,3445462878,0,fri_07,2026-06-05T07:00:00+07:00,2026-06-05T07:00:00+07:00,fri,am,83.25170071984218,14.515237585646968,82,25,1.7223279917044299,ok,,google
3445462881_3445462878_0,3445462881,3445462878,0,fri_17,2026-06-05T17:00:00+07:00,2026-06-05T17:00:00+07:00,fri,pm,83.25170071984218,14.515237585646968,82,25,1.7223279917044299,ok,,google
3445462881_3445462878_0,3445462881,3445462878,0,sat_01,2026-06-06T01:00:00+07:00,2026-06-06T01:00:00+07:00,sat,night,83.25170071984218,14.515237585646968,82,25,1.7223279917044299,ok,,google
3445462881_3445462878_0,3445462881,3445462878,0,sat_07,2026-06-06T07:00:00+07:00,2026-06-06T07:00:00+07:00,sat,am,83.25170071984218,14.515237585646968,82,25,1.7223279917044299,ok,,google
3445462881_3445462878_0,3445462881,3445462878,0,sat_17,2026-06-06T17:00:00+07:00,2026-06-06T17:00:00+07:00,sat,pm,83.25170071984218,14.515237585646968,82,25,1.7223279917044299,ok,,google
3445462881_3445462878_0,3445462881,3445462878,0,sun_01,2026-06-07T01:00:00+07:00,2026-06-07T01:00:00+07:00,sun,night,83.25170071984218,14.515237585646968,82,25,1.7223279917044299,ok,,google
3445462881_3445462878_0,3445462881,3445462878,0,sun_07,2026-06-07T07:00:00+07:00,2026-06-07T07:00:00+07:00,sun,am,83.25170071984218,14.515237585646968,82,25,1.7223279917044299,ok,,google
3445462881_3445462878_0,3445462881,3445462878,0,sun_17,2026-06-07T17:00:00+07:00,2026-06-07T17:00:00+07:00,sun,pm,83.25170071984218,14.515237585646968,82,25,1.7223279917044299,ok,,google
1409850986_4504616326_0,1409850986,4504616326,0,mon_01,2026-06-01T01:00:00+07:00,2026-06-08T01:00:00+07:00,mon,night,54.165744417260434,9.44399504660902,54,17,1.8000856540160994,ok,,google
1409850986_4504616326_0,1409850986,4504616326,0,mon_07,2026-06-01T07:00:00+07:00,2026-06-01T07:00:00+07:00,mon,am,54.165744417260434,9.44399504660902,54,17,1.8000856540160994,ok,,google
1409850986_4504616326_0,1409850986,4504616326,0,mon_17,2026-06-01T17:00:00+07:00,2026-06-01T17:00:00+07:00,mon,pm,54.165744417260434,9.44399504660902,54,17,1.8000856540160994,ok,,google
1409850986_4504616326_0,1409850986,4504616326,0,tue_01,2026-06-02T01:00:00+07:00,2026-06-02T01:00:00+07:00,tue,night,54.165744417260434,9.44399504660902,54,17,1.8000856540160994,ok,,google
1409850986_4504616326_0,1409850986,4504616326,0,tue_07,2026-06-02T07:00:00+07:00,2026-06-02T07:00:00+07:00,tue,am,54.165744417260434,9.44399504660902,54,17,1.8000856540160994,ok,,google
1409850986_4504616326_0,1409850986,4504616326,0,tue_17,2026-06-02T17:00:00+07:00,2026-06-02T17:00:00+07:00,tue,pm,54.165744417260434,9.44399504660902,54,17,1.8000856540160994,ok,,google
1409850986_4504616326_0,1409850986,4504616326,0,wed_01,2026-06-03T01:00:00+07:00,2026-06-03T01:00:00+07:00,wed,night,54.165744417260434,9.44399504660902,54,17,1.8000856540160994,ok,,google
1409850986_4504616326_0,1409850986,4504616326,0,wed_07,2026-06-03T07:00:00+07:00,2026-06-03T07:00:00+07:00,wed,am,54.165744417260434,9.44399504660902,54,17,1.8000856540160994,ok,,google
1409850986_4504616326_0,1409850986,4504616326,0,wed_17,2026-06-03T17:00:00+07:00,2026-06-03T17:00:00+07:00,wed,pm,54.165744417260434,9.44399504660902,54,17,1.8000856540160994,ok,,google
1409850986_4504616326_0,1409850986,4504616326,0,thu_01,2026-06-04T01:00:00+07:00,2026-06-04T01:00:00+07:00,thu,night,54.165744417260434,9.44399504660902,54,17,1.8000856540160994,ok,,google
1409850986_4504616326_0,1409850986,4504616326,0,thu_07,2026-06-04T07:00:00+07:00,2026-06-04T07:00:00+07:00,thu,am,54.165744417260434,9.44399504660902,54,17,1.8000856540160994,ok,,google
1409850986_4504616326_0,1409850986,4504616326,0,thu_17,2026-06-04T17:00:00+07:00,2026-06-04T17:00:00+07:00,thu,pm,54.165744417260434,9.44399504660902,54,17,1.8000856540160994,ok,,google
1409850986_4504616326_0,1409850986,4504616326,0,fri_01,2026-06-05T01:00:00+07:00,2026-06-05T01:00:00+07:00,fri,night,54.165744417260434,9.44399504660902,54,17,1.8000856540160994,ok,,google
1409850986_4504616326_0,1409850986,4504616326,0,fri_07,2026-06-05T07:00:00+07:00,2026-06-05T07:00:00+07:00,fri,am,54.165744417260434,9.44399504660902,54,17,1.8000856540160994,ok,,google
1409850986_4504616326_0,1409850986,4504616326,0,fri_17,2026-06-05T17:00:00+07:00,2026-06-05T17:00:00+07:00,fri,pm,54.165744417260434,9.44399504660902,54,17,1.8000856540160994,ok,,google
1409850986_4504616326_0,1409850986,4504616326,0,sat_01,2026-06-06T01:00:00+07:00,2026-06-06T01:00:00+07:00,sat,night,54.165744417260434,9.44399504660902,54,17,1.8000856540160994,ok,,google
1409850986_4504616326_0,1409850986,4504616326,0,sat_07,2026-06-06T07:00:00+07:00,2026-06-06T07:00:00+07:00,sat,am,54.165744417260434,9.44399504660902,54,17,1.8000856540160994,ok,,google
1409850986_4504616326_0,1409850986,4504616326,0,sat_17,2026-06-06T17:00:00+07:00,2026-06-06T17:00:00+07:00,sat,pm,54.165744417260434,9.44399504660902,54,17,1.8000856540160994,ok,,google
1409850986_4504616326_0,1409850986,4504616326,0,sun_01,2026-06-07T01:00:00+07:00,2026-06-07T01:00:00+07:00,sun,night,54.165744417260434,9.44399504660902,54,17,1.8000856540160994,ok,,google
1409850986_4504616326_0,1409850986,4504616326,0,sun_07,2026-06-07T07:00:00+07:00,2026-06-07T07:00:00+07:00,sun,am,54.165744417260434,9.44399504660902,54,17,1.8000856540160994,ok,,google
1409850986_4504616326_0,1409850986,4504616326,0,sun_17,2026-06-07T17:00:00+07:00,2026-06-07T17:00:00+07:00,sun,pm,54.165744417260434,9.44399504660902,54,17,1.8000856540160994,ok,,google
5355818942_8763102798_0,5355818942,8763102798,0,mon_01,2026-06-01T01:00:00+07:00,2026-06-08T01:00:00+07:00,mon,night,53.87044835970345,9.392509102220105,46,11,1.1711460569572334,ok,,google
5355818942_8763102798_0,5355818942,8763102798,0,mon_07,2026-06-01T07:00:00+07:00,2026-06-01T07:00:00+07:00,mon,am,53.87044835970345,9.392509102220105,46,11,1.1711460569572334,ok,,google
5355818942_8763102798_0,5355818942,8763102798,0,mon_17,2026-06-01T17:00:00+07:00,2026-06-01T17:00:00+07:00,mon,pm,53.87044835970345,9.392509102220105,46,11,1.1711460569572334,ok,,google
5355818942_8763102798_0,5355818942,8763102798,0,tue_01,2026-06-02T01:00:00+07:00,2026-06-02T01:00:00+07:00,tue,night,53.87044835970345,9.392509102220105,46,11,1.1711460569572334,ok,,google
5355818942_8763102798_0,5355818942,8763102798,0,tue_07,2026-06-02T07:00:00+07:00,2026-06-02T07:00:00+07:00,tue,am,53.87044835970345,9.392509102220105,46,11,1.1711460569572334,ok,,google
5355818942_8763102798_0,5355818942,8763102798,0,tue_17,2026-06-02T17:00:00+07:00,2026-06-02T17:00:00+07:00,tue,pm,53.87044835970345,9.392509102220105,46,11,1.1711460569572334,ok,,google
5355818942_8763102798_0,5355818942,8763102798,0,wed_01,2026-06-03T01:00:00+07:00,2026-06-03T01:00:00+07:00,wed,night,53.87044835970345,9.392509102220105,46,11,1.1711460569572334,ok,,google
5355818942_8763102798_0,5355818942,8763102798,0,wed_07,2026-06-03T07:00:00+07:00,2026-06-03T07:00:00+07:00,wed,am,53.87044835970345,9.392509102220105,46,11,1.1711460569572334,ok,,google
5355818942_8763102798_0,5355818942,8763102798,0,wed_17,2026-06-03T17:00:00+07:00,2026-06-03T17:00:00+07:00,wed,pm,53.87044835970345,9.392509102220105,46,11,1.1711460569572334,ok,,google
5355818942_8763102798_0,5355818942,8763102798,0,thu_01,2026-06-04T01:00:00+07:00,2026-06-04T01:00:00+07:00,thu,night,53.87044835970345,9.392509102220105,46,11,1.1711460569572334,ok,,google
5355818942_8763102798_0,5355818942,8763102798,0,thu_07,2026-06-04T07:00:00+07:00,2026-06-04T07:00:00+07:00,thu,am,53.87044835970345,9.392509102220105,46,11,1.1711460569572334,ok,,google
5355818942_8763102798_0,5355818942,8763102798,0,thu_17,2026-06-04T17:00:00+07:00,2026-06-04T17:00:00+07:00,thu,pm,53.87044835970345,9.392509102220105,46,11,1.1711460569572334,ok,,google
5355818942_8763102798_0,5355818942,8763102798,0,fri_01,2026-06-05T01:00:00+07:00,2026-06-05T01:00:00+07:00,fri,night,53.87044835970345,9.392509102220105,46,11,1.1711460569572334,ok,,google
5355818942_8763102798_0,5355818942,8763102798,0,fri_07,2026-06-05T07:00:00+07:00,2026-06-05T07:00:00+07:00,fri,am,53.87044835970345,9.392509102220105,46,11,1.1711460569572334,ok,,google
5355818942_8763102798_0,5355818942,8763102798,0,fri_17,2026-06-05T17:00:00+07:00,2026-06-05T17:00:00+07:00,fri,pm,53.87044835970345,9.392509102220105,46,11,1.1711460569572334,ok,,google
5355818942_8763102798_0,5355818942,8763102798,0,sat_01,2026-06-06T01:00:00+07:00,2026-06-06T01:00:00+07:00,sat,night,53.87044835970345,9.392509102220105,46,11,1.1711460569572334,ok,,google
5355818942_8763102798_0,5355818942,8763102798,0,sat_07,2026-06-06T07:00:00+07:00,2026-06-06T07:00:00+07:00,sat,am,53.87044835970345,9.392509102220105,46,11,1.1711460569572334,ok,,google
5355818942_8763102798_0,5355818942,8763102798,0,sat_17,2026-06-06T17:00:00+07:00,2026-06-06T17:00:00+07:00,sat,pm,53.87044835970345,9.392509102220105,46,11,1.1711460569572334,ok,,google
5355818942_8763102798_0,5355818942,8763102798,0,sun_01,2026-06-07T01:00:00+07:00,2026-06-07T01:00:00+07:00,sun,night,53.87044835970345,9.392509102220105,46,11,1.1711460569572334,ok,,google
5355818942_8763102798_0,5355818942,8763102798,0,sun_07,2026-06-07T07:00:00+07:00,2026-06-07T07:00:00+07:00,sun,am,53.87044835970345,9.392509102220105,46,11,1.1711460569572334,ok,,google
5355818942_8763102798_0,5355818942,8763102798,0,sun_17,2026-06-07T17:00:00+07:00,2026-06-07T17:00:00+07:00,sun,pm,53.87044835970345,9.392509102220105,46,11,1.1711460569572334,ok,,google
8410929433_5458620243_0,8410929433,5458620243,0,mon_01,2026-06-01T01:00:00+07:00,2026-06-08T01:00:00+07:00,mon,night,157.42535917877035,27.44768540135108,336,86,3.133233230506451,ok,,google
8410929433_5458620243_0,8410929433,5458620243,0,mon_07,2026-06-01T07:00:00+07:00,2026-06-01T07:00:00+07:00,mon,am,157.42535917877035,27.44768540135108,336,85,3.0968002859656782,ok,,google
8410929433_5458620243_0,8410929433,5458620243,0,mon_17,2026-06-01T17:00:00+07:00,2026-06-01T17:00:00+07:00,mon,pm,157.42535917877035,27.44768540135108,336,92,3.3518308977510873,ok,,google
8410929433_5458620243_0,8410929433,5458620243,0,tue_01,2026-06-02T01:00:00+07:00,2026-06-02T01:00:00+07:00,tue,night,157.42535917877035,27.44768540135108,336,86,3.133233230506451,ok,,google
8410929433_5458620243_0,8410929433,5458620243,0,tue_07,2026-06-02T07:00:00+07:00,2026-06-02T07:00:00+07:00,tue,am,157.42535917877035,27.44768540135108,336,88,3.2060991195879964,ok,,google
8410929433_5458620243_0,8410929433,5458620243,0,tue_17,2026-06-02T17:00:00+07:00,2026-06-02T17:00:00+07:00,tue,pm,157.42535917877035,27.44768540135108,336,92,3.3518308977510873,ok,,google
8410929433_5458620243_0,8410929433,5458620243,0,wed_01,2026-06-03T01:00:00+07:00,2026-06-03T01:00:00+07:00,wed,night,157.42535917877035,27.44768540135108,336,89,3.242532064128769,ok,,google
8410929433_5458620243_0,8410929433,5458620243,0,wed_07,2026-06-03T07:00:00+07:00,2026-06-03T07:00:00+07:00,wed,am,157.42535917877035,27.44768540135108,336,88,3.2060991195879964,ok,,google
8410929433_5458620243_0,8410929433,5458620243,0,wed_17,2026-06-03T17:00:00+07:00,2026-06-03T17:00:00+07:00,wed,pm,157.42535917877035,27.44768540135108,336,92,3.3518308977510873,ok,,google
8410929433_5458620243_0,8410929433,5458620243,0,thu_01,2026-06-04T01:00:00+07:00,2026-06-04T01:00:00+07:00,thu,night,157.42535917877035,27.44768540135108,336,92,3.3518308977510873,ok,,google
8410929433_5458620243_0,8410929433,5458620243,0,thu_07,2026-06-04T07:00:00+07:00,2026-06-04T07:00:00+07:00,thu,am,157.42535917877035,27.44768540135108,336,89,3.242532064128769,ok,,google
8410929433_5458620243_0,8410929433,5458620243,0,thu_17,2026-06-04T17:00:00+07:00,2026-06-04T17:00:00+07:00,thu,pm,157.42535917877035,27.44768540135108,336,91,3.3153979532103146,ok,,google
8410929433_5458620243_0,8410929433,5458620243,0,fri_01,2026-06-05T01:00:00+07:00,2026-06-05T01:00:00+07:00,fri,night,157.42535917877035,27.44768540135108,336,86,3.133233230506451,ok,,google
8410929433_5458620243_0,8410929433,5458620243,0,fri_07,2026-06-05T07:00:00+07:00,2026-06-05T07:00:00+07:00,fri,am,157.42535917877035,27.44768540135108,336,88,3.2060991195879964,ok,,google
8410929433_5458620243_0,8410929433,5458620243,0,fri_17,2026-06-05T17:00:00+07:00,2026-06-05T17:00:00+07:00,fri,pm,157.42535917877035,27.44768540135108,336,89,3.242532064128769,ok,,google
8410929433_5458620243_0,8410929433,5458620243,0,sat_01,2026-06-06T01:00:00+07:00,2026-06-06T01:00:00+07:00,sat,night,157.42535917877035,27.44768540135108,336,84,3.0603673414249055,ok,,google
8410929433_5458620243_0,8410929433,5458620243,0,sat_07,2026-06-06T07:00:00+07:00,2026-06-06T07:00:00+07:00,sat,am,157.42535917877035,27.44768540135108,336,91,3.3153979532103146,ok,,google
8410929433_5458620243_0,8410929433,5458620243,0,sat_17,2026-06-06T17:00:00+07:00,2026-06-06T17:00:00+07:00,sat,pm,157.42535917877035,27.44768540135108,336,90,3.278965008669542,ok,,google
8410929433_5458620243_0,8410929433,5458620243,0,sun_01,2026-06-07T01:00:00+07:00,2026-06-07T01:00:00+07:00,sun,night,157.42535917877035,27.44768540135108,336,87,3.1696661750472237,ok,,google
8410929433_5458620243_0,8410929433,5458620243,0,sun_07,2026-06-07T07:00:00+07:00,2026-06-07T07:00:00+07:00,sun,am,157.42535917877035,27.44768540135108,336,89,3.242532064128769,ok,,google
8410929433_5458620243_0,8410929433,5458620243,0,sun_17,2026-06-07T17:00:00+07:00,2026-06-07T17:00:00+07:00,sun,pm,157.42535917877035,27.44768540135108,336,92,3.3518308977510873,ok,,google
5488117431_5488116534_0,5488117431,5488116534,0,mon_01,2026-06-01T01:00:00+07:00,2026-06-08T01:00:00+07:00,mon,night,54.762903179866214,9.54811185432137,78,24,2.5135859703128496,ok,,google
5488117431_5488116534_0,5488117431,5488116534,0,mon_07,2026-06-01T07:00:00+07:00,2026-06-01T07:00:00+07:00,mon,am,54.762903179866214,9.54811185432137,78,24,2.5135859703128496,ok,,google
5488117431_5488116534_0,5488117431,5488116534,0,mon_17,2026-06-01T17:00:00+07:00,2026-06-01T17:00:00+07:00,mon,pm,54.762903179866214,9.54811185432137,78,24,2.5135859703128496,ok,,google
5488117431_5488116534_0,5488117431,5488116534,0,tue_01,2026-06-02T01:00:00+07:00,2026-06-02T01:00:00+07:00,tue,night,54.762903179866214,9.54811185432137,78,24,2.5135859703128496,ok,,google
5488117431_5488116534_0,5488117431,5488116534,0,tue_07,2026-06-02T07:00:00+07:00,2026-06-02T07:00:00+07:00,tue,am,54.762903179866214,9.54811185432137,78,24,2.5135859703128496,ok,,google
5488117431_5488116534_0,5488117431,5488116534,0,tue_17,2026-06-02T17:00:00+07:00,2026-06-02T17:00:00+07:00,tue,pm,54.762903179866214,9.54811185432137,78,24,2.5135859703128496,ok,,google
5488117431_5488116534_0,5488117431,5488116534,0,wed_01,2026-06-03T01:00:00+07:00,2026-06-03T01:00:00+07:00,wed,night,54.762903179866214,9.54811185432137,78,24,2.5135859703128496,ok,,google
5488117431_5488116534_0,5488117431,5488116534,0,wed_07,2026-06-03T07:00:00+07:00,2026-06-03T07:00:00+07:00,wed,am,54.762903179866214,9.54811185432137,78,24,2.5135859703128496,ok,,google
5488117431_5488116534_0,5488117431,5488116534,0,wed_17,2026-06-03T17:00:00+07:00,2026-06-03T17:00:00+07:00,wed,pm,54.762903179866214,9.54811185432137,78,24,2.5135859703128496,ok,,google
5488117431_5488116534_0,5488117431,5488116534,0,thu_01,2026-06-04T01:00:00+07:00,2026-06-04T01:00:00+07:00,thu,night,54.762903179866214,9.54811185432137,78,24,2.5135859703128496,ok,,google
5488117431_5488116534_0,5488117431,5488116534,0,thu_07,2026-06-04T07:00:00+07:00,2026-06-04T07:00:00+07:00,thu,am,54.762903179866214,9.54811185432137,78,24,2.5135859703128496,ok,,google
5488117431_5488116534_0,5488117431,5488116534,0,thu_17,2026-06-04T17:00:00+07:00,2026-06-04T17:00:00+07:00,thu,pm,54.762903179866214,9.54811185432137,78,24,2.5135859703128496,ok,,google
5488117431_5488116534_0,5488117431,5488116534,0,fri_01,2026-06-05T01:00:00+07:00,2026-06-05T01:00:00+07:00,fri,night,54.762903179866214,9.54811185432137,78,24,2.5135859703128496,ok,,google
5488117431_5488116534_0,5488117431,5488116534,0,fri_07,2026-06-05T07:00:00+07:00,2026-06-05T07:00:00+07:00,fri,am,54.762903179866214,9.54811185432137,78,24,2.5135859703128496,ok,,google
5488117431_5488116534_0,5488117431,5488116534,0,fri_17,2026-06-05T17:00:00+07:00,2026-06-05T17:00:00+07:00,fri,pm,54.762903179866214,9.54811185432137,78,24,2.5135859703128496,ok,,google
5488117431_5488116534_0,5488117431,5488116534,0,sat_01,2026-06-06T01:00:00+07:00,2026-06-06T01:00:00+07:00,sat,night,54.762903179866214,9.54811185432137,78,24,2.5135859703128496,ok,,google
5488117431_5488116534_0,5488117431,5488116534,0,sat_07,2026-06-06T07:00:00+07:00,2026-06-06T07:00:00+07:00,sat,am,54.762903179866214,9.54811185432137,78,24,2.5135859703128496,ok,,google
5488117431_5488116534_0,5488117431,5488116534,0,sat_17,2026-06-06T17:00:00+07:00,2026-06-06T17:00:00+07:00,sat,pm,54.762903179866214,9.54811185432137,78,24,2.5135859703128496,ok,,google
5488117431_5488116534_0,5488117431,5488116534,0,sun_01,2026-06-07T01:00:00+07:00,2026-06-07T01:00:00+07:00,sun,night,54.762903179866214,9.54811185432137,78,24,2.5135859703128496,ok,,google
5488117431_5488116534_0,5488117431,5488116534,0,sun_07,2026-06-07T07:00:00+07:00,2026-06-07T07:00:00+07:00,sun,am,54.762903179866214,9.54811185432137,78,24,2.5135859703128496,ok,,google
5488117431_5488116534_0,5488117431,5488116534,0,sun_17,2026-06-07T17:00:00+07:00,2026-06-07T17:00:00+07:00,sun,pm,54.762903179866214,9.54811185432137,78,24,2.5135859703128496,ok,,google
2016370371_5456175441_0,2016370371,5456175441,0,mon_01,2026-06-01T01:00:00+07:00,2026-06-08T01:00:00+07:00,mon,night,73.66994343289785,12.844623264192604,74,24,1.8684860977515487,ok,,google
2016370371_5456175441_0,2016370371,5456175441,0,mon_07,2026-06-01T07:00:00+07:00,2026-06-01T07:00:00+07:00,mon,am,73.66994343289785,12.844623264192604,74,24,1.8684860977515487,ok,,google
2016370371_5456175441_0,2016370371,5456175441,0,mon_17,2026-06-01T17:00:00+07:00,2026-06-01T17:00:00+07:00,mon,pm,73.66994343289785,12.844623264192604,74,24,1.8684860977515487,ok,,google
2016370371_5456175441_0,2016370371,5456175441,0,tue_01,2026-06-02T01:00:00+07:00,2026-06-02T01:00:00+07:00,tue,night,73.66994343289785,12.844623264192604,74,24,1.8684860977515487,ok,,google
2016370371_5456175441_0,2016370371,5456175441,0,tue_07,2026-06-02T07:00:00+07:00,2026-06-02T07:00:00+07:00,tue,am,73.66994343289785,12.844623264192604,74,24,1.8684860977515487,ok,,google
2016370371_5456175441_0,2016370371,5456175441,0,tue_17,2026-06-02T17:00:00+07:00,2026-06-02T17:00:00+07:00,tue,pm,73.66994343289785,12.844623264192604,74,24,1.8684860977515487,ok,,google
2016370371_5456175441_0,2016370371,5456175441,0,wed_01,2026-06-03T01:00:00+07:00,2026-06-03T01:00:00+07:00,wed,night,73.66994343289785,12.844623264192604,74,24,1.8684860977515487,ok,,google
2016370371_5456175441_0,2016370371,5456175441,0,wed_07,2026-06-03T07:00:00+07:00,2026-06-03T07:00:00+07:00,wed,am,73.66994343289785,12.844623264192604,74,24,1.8684860977515487,ok,,google
2016370371_5456175441_0,2016370371,5456175441,0,wed_17,2026-06-03T17:00:00+07:00,2026-06-03T17:00:00+07:00,wed,pm,73.66994343289785,12.844623264192604,74,24,1.8684860977515487,ok,,google
2016370371_5456175441_0,2016370371,5456175441,0,thu_01,2026-06-04T01:00:00+07:00,2026-06-04T01:00:00+07:00,thu,night,73.66994343289785,12.844623264192604,74,24,1.8684860977515487,ok,,google
2016370371_5456175441_0,2016370371,5456175441,0,thu_07,2026-06-04T07:00:00+07:00,2026-06-04T07:00:00+07:00,thu,am,73.66994343289785,12.844623264192604,74,24,1.8684860977515487,ok,,google
2016370371_5456175441_0,2016370371,5456175441,0,thu_17,2026-06-04T17:00:00+07:00,2026-06-04T17:00:00+07:00,thu,pm,73.66994343289785,12.844623264192604,74,24,1.8684860977515487,ok,,google
2016370371_5456175441_0,2016370371,5456175441,0,fri_01,2026-06-05T01:00:00+07:00,2026-06-05T01:00:00+07:00,fri,night,73.66994343289785,12.844623264192604,74,24,1.8684860977515487,ok,,google
2016370371_5456175441_0,2016370371,5456175441,0,fri_07,2026-06-05T07:00:00+07:00,2026-06-05T07:00:00+07:00,fri,am,73.66994343289785,12.844623264192604,74,24,1.8684860977515487,ok,,google
2016370371_5456175441_0,2016370371,5456175441,0,fri_17,2026-06-05T17:00:00+07:00,2026-06-05T17:00:00+07:00,fri,pm,73.66994343289785,12.844623264192604,74,24,1.8684860977515487,ok,,google
2016370371_5456175441_0,2016370371,5456175441,0,sat_01,2026-06-06T01:00:00+07:00,2026-06-06T01:00:00+07:00,sat,night,73.66994343289785,12.844623264192604,74,24,1.8684860977515487,ok,,google
2016370371_5456175441_0,2016370371,5456175441,0,sat_07,2026-06-06T07:00:00+07:00,2026-06-06T07:00:00+07:00,sat,am,73.66994343289785,12.844623264192604,74,24,1.8684860977515487,ok,,google
2016370371_5456175441_0,2016370371,5456175441,0,sat_17,2026-06-06T17:00:00+07:00,2026-06-06T17:00:00+07:00,sat,pm,73.66994343289785,12.844623264192604,74,24,1.8684860977515487,ok,,google
2016370371_5456175441_0,2016370371,5456175441,0,sun_01,2026-06-07T01:00:00+07:00,2026-06-07T01:00:00+07:00,sun,night,73.66994343289785,12.844623264192604,74,24,1.8684860977515487,ok,,google
2016370371_5456175441_0,2016370371,5456175441,0,sun_07,2026-06-07T07:00:00+07:00,2026-06-07T07:00:00+07:00,sun,am,73.66994343289785,12.844623264192604,74,24,1.8684860977515487,ok,,google
2016370371_5456175441_0,2016370371,5456175441,0,sun_17,2026-06-07T17:00:00+07:00,2026-06-07T17:00:00+07:00,sun,pm,73.66994343289785,12.844623264192604,74,24,1.8684860977515487,ok,,google
5447136689_11507145325_0,5447136689,11507145325,0,mon_01,2026-06-01T01:00:00+07:00,2026-06-08T01:00:00+07:00,mon,night,75.80747843160408,13.217310285425572,84,24,1.815800604035471,ok,,google
5447136689_11507145325_0,5447136689,11507145325,0,mon_07,2026-06-01T07:00:00+07:00,2026-06-01T07:00:00+07:00,mon,am,75.80747843160408,13.217310285425572,84,24,1.815800604035471,ok,,google
5447136689_11507145325_0,5447136689,11507145325,0,mon_17,2026-06-01T17:00:00+07:00,2026-06-01T17:00:00+07:00,mon,pm,75.80747843160408,13.217310285425572,84,25,1.8914589625369491,ok,,google
5447136689_11507145325_0,5447136689,11507145325,0,tue_01,2026-06-02T01:00:00+07:00,2026-06-02T01:00:00+07:00,tue,night,75.80747843160408,13.217310285425572,84,24,1.815800604035471,ok,,google
5447136689_11507145325_0,5447136689,11507145325,0,tue_07,2026-06-02T07:00:00+07:00,2026-06-02T07:00:00+07:00,tue,am,75.80747843160408,13.217310285425572,84,24,1.815800604035471,ok,,google
5447136689_11507145325_0,5447136689,11507145325,0,tue_17,2026-06-02T17:00:00+07:00,2026-06-02T17:00:00+07:00,tue,pm,75.80747843160408,13.217310285425572,84,24,1.815800604035471,ok,,google
5447136689_11507145325_0,5447136689,11507145325,0,wed_01,2026-06-03T01:00:00+07:00,2026-06-03T01:00:00+07:00,wed,night,75.80747843160408,13.217310285425572,84,24,1.815800604035471,ok,,google
5447136689_11507145325_0,5447136689,11507145325,0,wed_07,2026-06-03T07:00:00+07:00,2026-06-03T07:00:00+07:00,wed,am,75.80747843160408,13.217310285425572,84,24,1.815800604035471,ok,,google
5447136689_11507145325_0,5447136689,11507145325,0,wed_17,2026-06-03T17:00:00+07:00,2026-06-03T17:00:00+07:00,wed,pm,75.80747843160408,13.217310285425572,84,25,1.8914589625369491,ok,,google
5447136689_11507145325_0,5447136689,11507145325,0,thu_01,2026-06-04T01:00:00+07:00,2026-06-04T01:00:00+07:00,thu,night,75.80747843160408,13.217310285425572,84,24,1.815800604035471,ok,,google
5447136689_11507145325_0,5447136689,11507145325,0,thu_07,2026-06-04T07:00:00+07:00,2026-06-04T07:00:00+07:00,thu,am,75.80747843160408,13.217310285425572,84,24,1.815800604035471,ok,,google
5447136689_11507145325_0,5447136689,11507145325,0,thu_17,2026-06-04T17:00:00+07:00,2026-06-04T17:00:00+07:00,thu,pm,75.80747843160408,13.217310285425572,84,25,1.8914589625369491,ok,,google
5447136689_11507145325_0,5447136689,11507145325,0,fri_01,2026-06-05T01:00:00+07:00,2026-06-05T01:00:00+07:00,fri,night,75.80747843160408,13.217310285425572,84,24,1.815800604035471,ok,,google
5447136689_11507145325_0,5447136689,11507145325,0,fri_07,2026-06-05T07:00:00+07:00,2026-06-05T07:00:00+07:00,fri,am,75.80747843160408,13.217310285425572,84,23,1.7401422455339932,ok,,google
5447136689_11507145325_0,5447136689,11507145325,0,fri_17,2026-06-05T17:00:00+07:00,2026-06-05T17:00:00+07:00,fri,pm,75.80747843160408,13.217310285425572,84,25,1.8914589625369491,ok,,google
5447136689_11507145325_0,5447136689,11507145325,0,sat_01,2026-06-06T01:00:00+07:00,2026-06-06T01:00:00+07:00,sat,night,75.80747843160408,13.217310285425572,84,24,1.815800604035471,ok,,google
5447136689_11507145325_0,5447136689,11507145325,0,sat_07,2026-06-06T07:00:00+07:00,2026-06-06T07:00:00+07:00,sat,am,75.80747843160408,13.217310285425572,84,23,1.7401422455339932,ok,,google
5447136689_11507145325_0,5447136689,11507145325,0,sat_17,2026-06-06T17:00:00+07:00,2026-06-06T17:00:00+07:00,sat,pm,75.80747843160408,13.217310285425572,84,25,1.8914589625369491,ok,,google
5447136689_11507145325_0,5447136689,11507145325,0,sun_01,2026-06-07T01:00:00+07:00,2026-06-07T01:00:00+07:00,sun,night,75.80747843160408,13.217310285425572,84,24,1.815800604035471,ok,,google
5447136689_11507145325_0,5447136689,11507145325,0,sun_07,2026-06-07T07:00:00+07:00,2026-06-07T07:00:00+07:00,sun,am,75.80747843160408,13.217310285425572,84,23,1.7401422455339932,ok,,google
5447136689_11507145325_0,5447136689,11507145325,0,sun_17,2026-06-07T17:00:00+07:00,2026-06-07T17:00:00+07:00,sun,pm,75.80747843160408,13.217310285425572,84,25,1.8914589625369491,ok,,google
6436583100_5455565512_0,6436583100,5455565512,0,mon_01,2026-06-01T01:00:00+07:00,2026-06-08T01:00:00+07:00,mon,night,103.69784903706334,18.080098098641948,95,22,1.2168075571256158,ok,,google
6436583100_5455565512_0,6436583100,5455565512,0,mon_07,2026-06-01T07:00:00+07:00,2026-06-01T07:00:00+07:00,mon,am,103.69784903706334,18.080098098641948,95,22,1.2168075571256158,ok,,google
6436583100_5455565512_0,6436583100,5455565512,0,mon_17,2026-06-01T17:00:00+07:00,2026-06-01T17:00:00+07:00,mon,pm,103.69784903706334,18.080098098641948,95,22,1.2168075571256158,ok,,google
6436583100_5455565512_0,6436583100,5455565512,0,tue_01,2026-06-02T01:00:00+07:00,2026-06-02T01:00:00+07:00,tue,night,103.69784903706334,18.080098098641948,95,22,1.2168075571256158,ok,,google
6436583100_5455565512_0,6436583100,5455565512,0,tue_07,2026-06-02T07:00:00+07:00,2026-06-02T07:00:00+07:00,tue,am,103.69784903706334,18.080098098641948,95,22,1.2168075571256158,ok,,google
6436583100_5455565512_0,6436583100,5455565512,0,tue_17,2026-06-02T17:00:00+07:00,2026-06-02T17:00:00+07:00,tue,pm,103.69784903706334,18.080098098641948,95,22,1.2168075571256158,ok,,google
6436583100_5455565512_0,6436583100,5455565512,0,wed_01,2026-06-03T01:00:00+07:00,2026-06-03T01:00:00+07:00,wed,night,103.69784903706334,18.080098098641948,95,22,1.2168075571256158,ok,,google
6436583100_5455565512_0,6436583100,5455565512,0,wed_07,2026-06-03T07:00:00+07:00,2026-06-03T07:00:00+07:00,wed,am,103.69784903706334,18.080098098641948,95,22,1.2168075571256158,ok,,google
6436583100_5455565512_0,6436583100,5455565512,0,wed_17,2026-06-03T17:00:00+07:00,2026-06-03T17:00:00+07:00,wed,pm,103.69784903706334,18.080098098641948,95,22,1.2168075571256158,ok,,google
6436583100_5455565512_0,6436583100,5455565512,0,thu_01,2026-06-04T01:00:00+07:00,2026-06-04T01:00:00+07:00,thu,night,103.69784903706334,18.080098098641948,95,22,1.2168075571256158,ok,,google
6436583100_5455565512_0,6436583100,5455565512,0,thu_07,2026-06-04T07:00:00+07:00,2026-06-04T07:00:00+07:00,thu,am,103.69784903706334,18.080098098641948,95,22,1.2168075571256158,ok,,google
6436583100_5455565512_0,6436583100,5455565512,0,thu_17,2026-06-04T17:00:00+07:00,2026-06-04T17:00:00+07:00,thu,pm,103.69784903706334,18.080098098641948,95,22,1.2168075571256158,ok,,google
6436583100_5455565512_0,6436583100,5455565512,0,fri_01,2026-06-05T01:00:00+07:00,2026-06-05T01:00:00+07:00,fri,night,103.69784903706334,18.080098098641948,95,22,1.2168075571256158,ok,,google
6436583100_5455565512_0,6436583100,5455565512,0,fri_07,2026-06-05T07:00:00+07:00,2026-06-05T07:00:00+07:00,fri,am,103.69784903706334,18.080098098641948,95,22,1.2168075571256158,ok,,google
6436583100_5455565512_0,6436583100,5455565512,0,fri_17,2026-06-05T17:00:00+07:00,2026-06-05T17:00:00+07:00,fri,pm,103.69784903706334,18.080098098641948,95,22,1.2168075571256158,ok,,google
6436583100_5455565512_0,6436583100,5455565512,0,sat_01,2026-06-06T01:00:00+07:00,2026-06-06T01:00:00+07:00,sat,night,103.69784903706334,18.080098098641948,95,22,1.2168075571256158,ok,,google
6436583100_5455565512_0,6436583100,5455565512,0,sat_07,2026-06-06T07:00:00+07:00,2026-06-06T07:00:00+07:00,sat,am,103.69784903706334,18.080098098641948,95,22,1.2168075571256158,ok,,google
6436583100_5455565512_0,6436583100,5455565512,0,sat_17,2026-06-06T17:00:00+07:00,2026-06-06T17:00:00+07:00,sat,pm,103.69784903706334,18.080098098641948,95,22,1.2168075571256158,ok,,google
6436583100_5455565512_0,6436583100,5455565512,0,sun_01,2026-06-07T01:00:00+07:00,2026-06-07T01:00:00+07:00,sun,night,103.69784903706334,18.080098098641948,95,22,1.2168075571256158,ok,,google
6436583100_5455565512_0,6436583100,5455565512,0,sun_07,2026-06-07T07:00:00+07:00,2026-06-07T07:00:00+07:00,sun,am,103.69784903706334,18.080098098641948,95,22,1.2168075571256158,ok,,google
6436583100_5455565512_0,6436583100,5455565512,0,sun_17,2026-06-07T17:00:00+07:00,2026-06-07T17:00:00+07:00,sun,pm,103.69784903706334,18.080098098641948,95,22,1.2168075571256158,ok,,google
5346063802_5346063799_0,5346063802,5346063799,0,mon_01,2026-06-01T01:00:00+07:00,2026-06-08T01:00:00+07:00,mon,night,50.26896597228107,8.764577515694576,51,21,2.396008245964585,ok,,google
5346063802_5346063799_0,5346063802,5346063799,0,mon_07,2026-06-01T07:00:00+07:00,2026-06-01T07:00:00+07:00,mon,am,50.26896597228107,8.764577515694576,51,21,2.396008245964585,ok,,google
5346063802_5346063799_0,5346063802,5346063799,0,mon_17,2026-06-01T17:00:00+07:00,2026-06-01T17:00:00+07:00,mon,pm,50.26896597228107,8.764577515694576,51,21,2.396008245964585,ok,,google
5346063802_5346063799_0,5346063802,5346063799,0,tue_01,2026-06-02T01:00:00+07:00,2026-06-02T01:00:00+07:00,tue,night,50.26896597228107,8.764577515694576,51,21,2.396008245964585,ok,,google
5346063802_5346063799_0,5346063802,5346063799,0,tue_07,2026-06-02T07:00:00+07:00,2026-06-02T07:00:00+07:00,tue,am,50.26896597228107,8.764577515694576,51,21,2.396008245964585,ok,,google
5346063802_5346063799_0,5346063802,5346063799,0,tue_17,2026-06-02T17:00:00+07:00,2026-06-02T17:00:00+07:00,tue,pm,50.26896597228107,8.764577515694576,51,21,2.396008245964585,ok,,google
5346063802_5346063799_0,5346063802,5346063799,0,wed_01,2026-06-03T01:00:00+07:00,2026-06-03T01:00:00+07:00,wed,night,50.26896597228107,8.764577515694576,51,21,2.396008245964585,ok,,google
5346063802_5346063799_0,5346063802,5346063799,0,wed_07,2026-06-03T07:00:00+07:00,2026-06-03T07:00:00+07:00,wed,am,50.26896597228107,8.764577515694576,51,21,2.396008245964585,ok,,google
5346063802_5346063799_0,5346063802,5346063799,0,wed_17,2026-06-03T17:00:00+07:00,2026-06-03T17:00:00+07:00,wed,pm,50.26896597228107,8.764577515694576,51,21,2.396008245964585,ok,,google
5346063802_5346063799_0,5346063802,5346063799,0,thu_01,2026-06-04T01:00:00+07:00,2026-06-04T01:00:00+07:00,thu,night,50.26896597228107,8.764577515694576,51,21,2.396008245964585,ok,,google
5346063802_5346063799_0,5346063802,5346063799,0,thu_07,2026-06-04T07:00:00+07:00,2026-06-04T07:00:00+07:00,thu,am,50.26896597228107,8.764577515694576,51,21,2.396008245964585,ok,,google
5346063802_5346063799_0,5346063802,5346063799,0,thu_17,2026-06-04T17:00:00+07:00,2026-06-04T17:00:00+07:00,thu,pm,50.26896597228107,8.764577515694576,51,21,2.396008245964585,ok,,google
5346063802_5346063799_0,5346063802,5346063799,0,fri_01,2026-06-05T01:00:00+07:00,2026-06-05T01:00:00+07:00,fri,night,50.26896597228107,8.764577515694576,51,21,2.396008245964585,ok,,google
5346063802_5346063799_0,5346063802,5346063799,0,fri_07,2026-06-05T07:00:00+07:00,2026-06-05T07:00:00+07:00,fri,am,50.26896597228107,8.764577515694576,51,21,2.396008245964585,ok,,google
5346063802_5346063799_0,5346063802,5346063799,0,fri_17,2026-06-05T17:00:00+07:00,2026-06-05T17:00:00+07:00,fri,pm,50.26896597228107,8.764577515694576,51,21,2.396008245964585,ok,,google
5346063802_5346063799_0,5346063802,5346063799,0,sat_01,2026-06-06T01:00:00+07:00,2026-06-06T01:00:00+07:00,sat,night,50.26896597228107,8.764577515694576,51,21,2.396008245964585,ok,,google
5346063802_5346063799_0,5346063802,5346063799,0,sat_07,2026-06-06T07:00:00+07:00,2026-06-06T07:00:00+07:00,sat,am,50.26896597228107,8.764577515694576,51,21,2.396008245964585,ok,,google
5346063802_5346063799_0,5346063802,5346063799,0,sat_17,2026-06-06T17:00:00+07:00,2026-06-06T17:00:00+07:00,sat,pm,50.26896597228107,8.764577515694576,51,21,2.396008245964585,ok,,google
5346063802_5346063799_0,5346063802,5346063799,0,sun_01,2026-06-07T01:00:00+07:00,2026-06-07T01:00:00+07:00,sun,night,50.26896597228107,8.764577515694576,51,21,2.396008245964585,ok,,google
5346063802_5346063799_0,5346063802,5346063799,0,sun_07,2026-06-07T07:00:00+07:00,2026-06-07T07:00:00+07:00,sun,am,50.26896597228107,8.764577515694576,51,21,2.396008245964585,ok,,google
5346063802_5346063799_0,5346063802,5346063799,0,sun_17,2026-06-07T17:00:00+07:00,2026-06-07T17:00:00+07:00,sun,pm,50.26896597228107,8.764577515694576,51,21,2.396008245964585,ok,,google
5354200632_5354200633_0,5354200632,5354200633,0,mon_01,2026-06-01T01:00:00+07:00,2026-06-08T01:00:00+07:00,mon,night,71.36890288424246,12.44342845412694,85,27,2.169820005759368,ok,,google
5354200632_5354200633_0,5354200632,5354200633,0,mon_07,2026-06-01T07:00:00+07:00,2026-06-01T07:00:00+07:00,mon,am,71.36890288424246,12.44342845412694,85,27,2.169820005759368,ok,,google
5354200632_5354200633_0,5354200632,5354200633,0,mon_17,2026-06-01T17:00:00+07:00,2026-06-01T17:00:00+07:00,mon,pm,71.36890288424246,12.44342845412694,85,27,2.169820005759368,ok,,google
5354200632_5354200633_0,5354200632,5354200633,0,tue_01,2026-06-02T01:00:00+07:00,2026-06-02T01:00:00+07:00,tue,night,71.36890288424246,12.44342845412694,85,27,2.169820005759368,ok,,google
5354200632_5354200633_0,5354200632,5354200633,0,tue_07,2026-06-02T07:00:00+07:00,2026-06-02T07:00:00+07:00,tue,am,71.36890288424246,12.44342845412694,85,27,2.169820005759368,ok,,google
5354200632_5354200633_0,5354200632,5354200633,0,tue_17,2026-06-02T17:00:00+07:00,2026-06-02T17:00:00+07:00,tue,pm,71.36890288424246,12.44342845412694,85,27,2.169820005759368,ok,,google
5354200632_5354200633_0,5354200632,5354200633,0,wed_01,2026-06-03T01:00:00+07:00,2026-06-03T01:00:00+07:00,wed,night,71.36890288424246,12.44342845412694,85,27,2.169820005759368,ok,,google
5354200632_5354200633_0,5354200632,5354200633,0,wed_07,2026-06-03T07:00:00+07:00,2026-06-03T07:00:00+07:00,wed,am,71.36890288424246,12.44342845412694,85,27,2.169820005759368,ok,,google
5354200632_5354200633_0,5354200632,5354200633,0,wed_17,2026-06-03T17:00:00+07:00,2026-06-03T17:00:00+07:00,wed,pm,71.36890288424246,12.44342845412694,85,27,2.169820005759368,ok,,google
5354200632_5354200633_0,5354200632,5354200633,0,thu_01,2026-06-04T01:00:00+07:00,2026-06-04T01:00:00+07:00,thu,night,71.36890288424246,12.44342845412694,85,27,2.169820005759368,ok,,google
5354200632_5354200633_0,5354200632,5354200633,0,thu_07,2026-06-04T07:00:00+07:00,2026-06-04T07:00:00+07:00,thu,am,71.36890288424246,12.44342845412694,85,27,2.169820005759368,ok,,google
5354200632_5354200633_0,5354200632,5354200633,0,thu_17,2026-06-04T17:00:00+07:00,2026-06-04T17:00:00+07:00,thu,pm,71.36890288424246,12.44342845412694,85,27,2.169820005759368,ok,,google
5354200632_5354200633_0,5354200632,5354200633,0,fri_01,2026-06-05T01:00:00+07:00,2026-06-05T01:00:00+07:00,fri,night,71.36890288424246,12.44342845412694,85,27,2.169820005759368,ok,,google
5354200632_5354200633_0,5354200632,5354200633,0,fri_07,2026-06-05T07:00:00+07:00,2026-06-05T07:00:00+07:00,fri,am,71.36890288424246,12.44342845412694,85,27,2.169820005759368,ok,,google
5354200632_5354200633_0,5354200632,5354200633,0,fri_17,2026-06-05T17:00:00+07:00,2026-06-05T17:00:00+07:00,fri,pm,71.36890288424246,12.44342845412694,85,27,2.169820005759368,ok,,google
5354200632_5354200633_0,5354200632,5354200633,0,sat_01,2026-06-06T01:00:00+07:00,2026-06-06T01:00:00+07:00,sat,night,71.36890288424246,12.44342845412694,85,27,2.169820005759368,ok,,google
5354200632_5354200633_0,5354200632,5354200633,0,sat_07,2026-06-06T07:00:00+07:00,2026-06-06T07:00:00+07:00,sat,am,71.36890288424246,12.44342845412694,85,27,2.169820005759368,ok,,google
5354200632_5354200633_0,5354200632,5354200633,0,sat_17,2026-06-06T17:00:00+07:00,2026-06-06T17:00:00+07:00,sat,pm,71.36890288424246,12.44342845412694,85,27,2.169820005759368,ok,,google
5354200632_5354200633_0,5354200632,5354200633,0,sun_01,2026-06-07T01:00:00+07:00,2026-06-07T01:00:00+07:00,sun,night,71.36890288424246,12.44342845412694,85,27,2.169820005759368,ok,,google
5354200632_5354200633_0,5354200632,5354200633,0,sun_07,2026-06-07T07:00:00+07:00,2026-06-07T07:00:00+07:00,sun,am,71.36890288424246,12.44342845412694,85,27,2.169820005759368,ok,,google
5354200632_5354200633_0,5354200632,5354200633,0,sun_17,2026-06-07T17:00:00+07:00,2026-06-07T17:00:00+07:00,sun,pm,71.36890288424246,12.44342845412694,85,27,2.169820005759368,ok,,google
5059523327_5458147981_0,5059523327,5458147981,0,mon_01,2026-06-01T01:00:00+07:00,2026-06-08T01:00:00+07:00,mon,night,121.1654381273769,21.12563594954529,118,32,1.514747299273079,ok,,google
5059523327_5458147981_0,5059523327,5458147981,0,mon_07,2026-06-01T07:00:00+07:00,2026-06-01T07:00:00+07:00,mon,am,121.1654381273769,21.12563594954529,118,32,1.514747299273079,ok,,google
5059523327_5458147981_0,5059523327,5458147981,0,mon_17,2026-06-01T17:00:00+07:00,2026-06-01T17:00:00+07:00,mon,pm,121.1654381273769,21.12563594954529,118,32,1.514747299273079,ok,,google
5059523327_5458147981_0,5059523327,5458147981,0,tue_01,2026-06-02T01:00:00+07:00,2026-06-02T01:00:00+07:00,tue,night,121.1654381273769,21.12563594954529,118,32,1.514747299273079,ok,,google
5059523327_5458147981_0,5059523327,5458147981,0,tue_07,2026-06-02T07:00:00+07:00,2026-06-02T07:00:00+07:00,tue,am,121.1654381273769,21.12563594954529,118,32,1.514747299273079,ok,,google
5059523327_5458147981_0,5059523327,5458147981,0,tue_17,2026-06-02T17:00:00+07:00,2026-06-02T17:00:00+07:00,tue,pm,121.1654381273769,21.12563594954529,118,32,1.514747299273079,ok,,google
5059523327_5458147981_0,5059523327,5458147981,0,wed_01,2026-06-03T01:00:00+07:00,2026-06-03T01:00:00+07:00,wed,night,121.1654381273769,21.12563594954529,118,32,1.514747299273079,ok,,google
5059523327_5458147981_0,5059523327,5458147981,0,wed_07,2026-06-03T07:00:00+07:00,2026-06-03T07:00:00+07:00,wed,am,121.1654381273769,21.12563594954529,118,32,1.514747299273079,ok,,google
5059523327_5458147981_0,5059523327,5458147981,0,wed_17,2026-06-03T17:00:00+07:00,2026-06-03T17:00:00+07:00,wed,pm,121.1654381273769,21.12563594954529,118,32,1.514747299273079,ok,,google
5059523327_5458147981_0,5059523327,5458147981,0,thu_01,2026-06-04T01:00:00+07:00,2026-06-04T01:00:00+07:00,thu,night,121.1654381273769,21.12563594954529,118,32,1.514747299273079,ok,,google
5059523327_5458147981_0,5059523327,5458147981,0,thu_07,2026-06-04T07:00:00+07:00,2026-06-04T07:00:00+07:00,thu,am,121.1654381273769,21.12563594954529,118,32,1.514747299273079,ok,,google
5059523327_5458147981_0,5059523327,5458147981,0,thu_17,2026-06-04T17:00:00+07:00,2026-06-04T17:00:00+07:00,thu,pm,121.1654381273769,21.12563594954529,118,32,1.514747299273079,ok,,google
5059523327_5458147981_0,5059523327,5458147981,0,fri_01,2026-06-05T01:00:00+07:00,2026-06-05T01:00:00+07:00,fri,night,121.1654381273769,21.12563594954529,118,32,1.514747299273079,ok,,google
5059523327_5458147981_0,5059523327,5458147981,0,fri_07,2026-06-05T07:00:00+07:00,2026-06-05T07:00:00+07:00,fri,am,121.1654381273769,21.12563594954529,118,32,1.514747299273079,ok,,google
5059523327_5458147981_0,5059523327,5458147981,0,fri_17,2026-06-05T17:00:00+07:00,2026-06-05T17:00:00+07:00,fri,pm,121.1654381273769,21.12563594954529,118,32,1.514747299273079,ok,,google
5059523327_5458147981_0,5059523327,5458147981,0,sat_01,2026-06-06T01:00:00+07:00,2026-06-06T01:00:00+07:00,sat,night,121.1654381273769,21.12563594954529,118,32,1.514747299273079,ok,,google
5059523327_5458147981_0,5059523327,5458147981,0,sat_07,2026-06-06T07:00:00+07:00,2026-06-06T07:00:00+07:00,sat,am,121.1654381273769,21.12563594954529,118,32,1.514747299273079,ok,,google
5059523327_5458147981_0,5059523327,5458147981,0,sat_17,2026-06-06T17:00:00+07:00,2026-06-06T17:00:00+07:00,sat,pm,121.1654381273769,21.12563594954529,118,32,1.514747299273079,ok,,google
5059523327_5458147981_0,5059523327,5458147981,0,sun_01,2026-06-07T01:00:00+07:00,2026-06-07T01:00:00+07:00,sun,night,121.1654381273769,21.12563594954529,118,32,1.514747299273079,ok,,google
5059523327_5458147981_0,5059523327,5458147981,0,sun_07,2026-06-07T07:00:00+07:00,2026-06-07T07:00:00+07:00,sun,am,121.1654381273769,21.12563594954529,118,32,1.514747299273079,ok,,google
5059523327_5458147981_0,5059523327,5458147981,0,sun_17,2026-06-07T17:00:00+07:00,2026-06-07T17:00:00+07:00,sun,pm,121.1654381273769,21.12563594954529,118,32,1.514747299273079,ok,,google
6385743749_5460792600_0,6385743749,5460792600,0,mon_01,2026-06-01T01:00:00+07:00,2026-06-08T01:00:00+07:00,mon,night,129.37438169805498,22.556895193804337,127,38,1.6846290091571376,ok,,google
6385743749_5460792600_0,6385743749,5460792600,0,mon_07,2026-06-01T07:00:00+07:00,2026-06-01T07:00:00+07:00,mon,am,129.37438169805498,22.556895193804337,127,38,1.6846290091571376,ok,,google
6385743749_5460792600_0,6385743749,5460792600,0,mon_17,2026-06-01T17:00:00+07:00,2026-06-01T17:00:00+07:00,mon,pm,129.37438169805498,22.556895193804337,127,38,1.6846290091571376,ok,,google
6385743749_5460792600_0,6385743749,5460792600,0,tue_01,2026-06-02T01:00:00+07:00,2026-06-02T01:00:00+07:00,tue,night,129.37438169805498,22.556895193804337,127,38,1.6846290091571376,ok,,google
6385743749_5460792600_0,6385743749,5460792600,0,tue_07,2026-06-02T07:00:00+07:00,2026-06-02T07:00:00+07:00,tue,am,129.37438169805498,22.556895193804337,127,38,1.6846290091571376,ok,,google
6385743749_5460792600_0,6385743749,5460792600,0,tue_17,2026-06-02T17:00:00+07:00,2026-06-02T17:00:00+07:00,tue,pm,129.37438169805498,22.556895193804337,127,38,1.6846290091571376,ok,,google
6385743749_5460792600_0,6385743749,5460792600,0,wed_01,2026-06-03T01:00:00+07:00,2026-06-03T01:00:00+07:00,wed,night,129.37438169805498,22.556895193804337,127,38,1.6846290091571376,ok,,google
6385743749_5460792600_0,6385743749,5460792600,0,wed_07,2026-06-03T07:00:00+07:00,2026-06-03T07:00:00+07:00,wed,am,129.37438169805498,22.556895193804337,127,38,1.6846290091571376,ok,,google
6385743749_5460792600_0,6385743749,5460792600,0,wed_17,2026-06-03T17:00:00+07:00,2026-06-03T17:00:00+07:00,wed,pm,129.37438169805498,22.556895193804337,127,38,1.6846290091571376,ok,,google
6385743749_5460792600_0,6385743749,5460792600,0,thu_01,2026-06-04T01:00:00+07:00,2026-06-04T01:00:00+07:00,thu,night,129.37438169805498,22.556895193804337,127,38,1.6846290091571376,ok,,google
6385743749_5460792600_0,6385743749,5460792600,0,thu_07,2026-06-04T07:00:00+07:00,2026-06-04T07:00:00+07:00,thu,am,129.37438169805498,22.556895193804337,127,38,1.6846290091571376,ok,,google
6385743749_5460792600_0,6385743749,5460792600,0,thu_17,2026-06-04T17:00:00+07:00,2026-06-04T17:00:00+07:00,thu,pm,129.37438169805498,22.556895193804337,127,38,1.6846290091571376,ok,,google
6385743749_5460792600_0,6385743749,5460792600,0,fri_01,2026-06-05T01:00:00+07:00,2026-06-05T01:00:00+07:00,fri,night,129.37438169805498,22.556895193804337,127,38,1.6846290091571376,ok,,google
6385743749_5460792600_0,6385743749,5460792600,0,fri_07,2026-06-05T07:00:00+07:00,2026-06-05T07:00:00+07:00,fri,am,129.37438169805498,22.556895193804337,127,38,1.6846290091571376,ok,,google
6385743749_5460792600_0,6385743749,5460792600,0,fri_17,2026-06-05T17:00:00+07:00,2026-06-05T17:00:00+07:00,fri,pm,129.37438169805498,22.556895193804337,127,38,1.6846290091571376,ok,,google
6385743749_5460792600_0,6385743749,5460792600,0,sat_01,2026-06-06T01:00:00+07:00,2026-06-06T01:00:00+07:00,sat,night,129.37438169805498,22.556895193804337,127,38,1.6846290091571376,ok,,google
6385743749_5460792600_0,6385743749,5460792600,0,sat_07,2026-06-06T07:00:00+07:00,2026-06-06T07:00:00+07:00,sat,am,129.37438169805498,22.556895193804337,127,38,1.6846290091571376,ok,,google
6385743749_5460792600_0,6385743749,5460792600,0,sat_17,2026-06-06T17:00:00+07:00,2026-06-06T17:00:00+07:00,sat,pm,129.37438169805498,22.556895193804337,127,38,1.6846290091571376,ok,,google
6385743749_5460792600_0,6385743749,5460792600,0,sun_01,2026-06-07T01:00:00+07:00,2026-06-07T01:00:00+07:00,sun,night,129.37438169805498,22.556895193804337,127,38,1.6846290091571376,ok,,google
6385743749_5460792600_0,6385743749,5460792600,0,sun_07,2026-06-07T07:00:00+07:00,2026-06-07T07:00:00+07:00,sun,am,129.37438169805498,22.556895193804337,127,38,1.6846290091571376,ok,,google
6385743749_5460792600_0,6385743749,5460792600,0,sun_17,2026-06-07T17:00:00+07:00,2026-06-07T17:00:00+07:00,sun,pm,129.37438169805498,22.556895193804337,127,38,1.6846290091571376,ok,,google
5355819050_7283790973_0,5355819050,7283790973,0,mon_01,2026-06-01T01:00:00+07:00,2026-06-08T01:00:00+07:00,mon,night,101.98653406253982,17.781724092774176,76,26,1.4621754259793864,ok,,google
5355819050_7283790973_0,5355819050,7283790973,0,mon_07,2026-06-01T07:00:00+07:00,2026-06-01T07:00:00+07:00,mon,am,101.98653406253982,17.781724092774176,76,26,1.4621754259793864,ok,,google
5355819050_7283790973_0,5355819050,7283790973,0,mon_17,2026-06-01T17:00:00+07:00,2026-06-01T17:00:00+07:00,mon,pm,101.98653406253982,17.781724092774176,76,26,1.4621754259793864,ok,,google
5355819050_7283790973_0,5355819050,7283790973,0,tue_01,2026-06-02T01:00:00+07:00,2026-06-02T01:00:00+07:00,tue,night,101.98653406253982,17.781724092774176,76,26,1.4621754259793864,ok,,google
5355819050_7283790973_0,5355819050,7283790973,0,tue_07,2026-06-02T07:00:00+07:00,2026-06-02T07:00:00+07:00,tue,am,101.98653406253982,17.781724092774176,76,26,1.4621754259793864,ok,,google
5355819050_7283790973_0,5355819050,7283790973,0,tue_17,2026-06-02T17:00:00+07:00,2026-06-02T17:00:00+07:00,tue,pm,101.98653406253982,17.781724092774176,76,26,1.4621754259793864,ok,,google
5355819050_7283790973_0,5355819050,7283790973,0,wed_01,2026-06-03T01:00:00+07:00,2026-06-03T01:00:00+07:00,wed,night,101.98653406253982,17.781724092774176,76,26,1.4621754259793864,ok,,google
5355819050_7283790973_0,5355819050,7283790973,0,wed_07,2026-06-03T07:00:00+07:00,2026-06-03T07:00:00+07:00,wed,am,101.98653406253982,17.781724092774176,76,26,1.4621754259793864,ok,,google
5355819050_7283790973_0,5355819050,7283790973,0,wed_17,2026-06-03T17:00:00+07:00,2026-06-03T17:00:00+07:00,wed,pm,101.98653406253982,17.781724092774176,76,26,1.4621754259793864,ok,,google
5355819050_7283790973_0,5355819050,7283790973,0,thu_01,2026-06-04T01:00:00+07:00,2026-06-04T01:00:00+07:00,thu,night,101.98653406253982,17.781724092774176,76,26,1.4621754259793864,ok,,google
5355819050_7283790973_0,5355819050,7283790973,0,thu_07,2026-06-04T07:00:00+07:00,2026-06-04T07:00:00+07:00,thu,am,101.98653406253982,17.781724092774176,76,26,1.4621754259793864,ok,,google
5355819050_7283790973_0,5355819050,7283790973,0,thu_17,2026-06-04T17:00:00+07:00,2026-06-04T17:00:00+07:00,thu,pm,101.98653406253982,17.781724092774176,76,26,1.4621754259793864,ok,,google
5355819050_7283790973_0,5355819050,7283790973,0,fri_01,2026-06-05T01:00:00+07:00,2026-06-05T01:00:00+07:00,fri,night,101.98653406253982,17.781724092774176,76,26,1.4621754259793864,ok,,google
5355819050_7283790973_0,5355819050,7283790973,0,fri_07,2026-06-05T07:00:00+07:00,2026-06-05T07:00:00+07:00,fri,am,101.98653406253982,17.781724092774176,76,26,1.4621754259793864,ok,,google
5355819050_7283790973_0,5355819050,7283790973,0,fri_17,2026-06-05T17:00:00+07:00,2026-06-05T17:00:00+07:00,fri,pm,101.98653406253982,17.781724092774176,76,26,1.4621754259793864,ok,,google
5355819050_7283790973_0,5355819050,7283790973,0,sat_01,2026-06-06T01:00:00+07:00,2026-06-06T01:00:00+07:00,sat,night,101.98653406253982,17.781724092774176,76,26,1.4621754259793864,ok,,google
5355819050_7283790973_0,5355819050,7283790973,0,sat_07,2026-06-06T07:00:00+07:00,2026-06-06T07:00:00+07:00,sat,am,101.98653406253982,17.781724092774176,76,26,1.4621754259793864,ok,,google
5355819050_7283790973_0,5355819050,7283790973,0,sat_17,2026-06-06T17:00:00+07:00,2026-06-06T17:00:00+07:00,sat,pm,101.98653406253982,17.781724092774176,76,26,1.4621754259793864,ok,,google
5355819050_7283790973_0,5355819050,7283790973,0,sun_01,2026-06-07T01:00:00+07:00,2026-06-07T01:00:00+07:00,sun,night,101.98653406253982,17.781724092774176,76,26,1.4621754259793864,ok,,google
5355819050_7283790973_0,5355819050,7283790973,0,sun_07,2026-06-07T07:00:00+07:00,2026-06-07T07:00:00+07:00,sun,am,101.98653406253982,17.781724092774176,76,26,1.4621754259793864,ok,,google
5355819050_7283790973_0,5355819050,7283790973,0,sun_17,2026-06-07T17:00:00+07:00,2026-06-07T17:00:00+07:00,sun,pm,101.98653406253982,17.781724092774176,76,26,1.4621754259793864,ok,,google
4118521436_9351870799_0,4118521436,9351870799,0,mon_01,2026-06-01T01:00:00+07:00,2026-06-08T01:00:00+07:00,mon,night,111.87168045960263,19.50523541184169,110,24,1.2304388792677439,ok,,google
4118521436_9351870799_0,4118521436,9351870799,0,mon_07,2026-06-01T07:00:00+07:00,2026-06-01T07:00:00+07:00,mon,am,111.87168045960263,19.50523541184169,110,24,1.2304388792677439,ok,,google
4118521436_9351870799_0,4118521436,9351870799,0,mon_17,2026-06-01T17:00:00+07:00,2026-06-01T17:00:00+07:00,mon,pm,111.87168045960263,19.50523541184169,110,24,1.2304388792677439,ok,,google
4118521436_9351870799_0,4118521436,9351870799,0,tue_01,2026-06-02T01:00:00+07:00,2026-06-02T01:00:00+07:00,tue,night,111.87168045960263,19.50523541184169,110,24,1.2304388792677439,ok,,google
4118521436_9351870799_0,4118521436,9351870799,0,tue_07,2026-06-02T07:00:00+07:00,2026-06-02T07:00:00+07:00,tue,am,111.87168045960263,19.50523541184169,110,24,1.2304388792677439,ok,,google
4118521436_9351870799_0,4118521436,9351870799,0,tue_17,2026-06-02T17:00:00+07:00,2026-06-02T17:00:00+07:00,tue,pm,111.87168045960263,19.50523541184169,110,24,1.2304388792677439,ok,,google
4118521436_9351870799_0,4118521436,9351870799,0,wed_01,2026-06-03T01:00:00+07:00,2026-06-03T01:00:00+07:00,wed,night,111.87168045960263,19.50523541184169,110,24,1.2304388792677439,ok,,google
4118521436_9351870799_0,4118521436,9351870799,0,wed_07,2026-06-03T07:00:00+07:00,2026-06-03T07:00:00+07:00,wed,am,111.87168045960263,19.50523541184169,110,24,1.2304388792677439,ok,,google
4118521436_9351870799_0,4118521436,9351870799,0,wed_17,2026-06-03T17:00:00+07:00,2026-06-03T17:00:00+07:00,wed,pm,111.87168045960263,19.50523541184169,110,24,1.2304388792677439,ok,,google
4118521436_9351870799_0,4118521436,9351870799,0,thu_01,2026-06-04T01:00:00+07:00,2026-06-04T01:00:00+07:00,thu,night,111.87168045960263,19.50523541184169,110,24,1.2304388792677439,ok,,google
4118521436_9351870799_0,4118521436,9351870799,0,thu_07,2026-06-04T07:00:00+07:00,2026-06-04T07:00:00+07:00,thu,am,111.87168045960263,19.50523541184169,110,24,1.2304388792677439,ok,,google
4118521436_9351870799_0,4118521436,9351870799,0,thu_17,2026-06-04T17:00:00+07:00,2026-06-04T17:00:00+07:00,thu,pm,111.87168045960263,19.50523541184169,110,24,1.2304388792677439,ok,,google
4118521436_9351870799_0,4118521436,9351870799,0,fri_01,2026-06-05T01:00:00+07:00,2026-06-05T01:00:00+07:00,fri,night,111.87168045960263,19.50523541184169,110,24,1.2304388792677439,ok,,google
4118521436_9351870799_0,4118521436,9351870799,0,fri_07,2026-06-05T07:00:00+07:00,2026-06-05T07:00:00+07:00,fri,am,111.87168045960263,19.50523541184169,110,24,1.2304388792677439,ok,,google
4118521436_9351870799_0,4118521436,9351870799,0,fri_17,2026-06-05T17:00:00+07:00,2026-06-05T17:00:00+07:00,fri,pm,111.87168045960263,19.50523541184169,110,24,1.2304388792677439,ok,,google
4118521436_9351870799_0,4118521436,9351870799,0,sat_01,2026-06-06T01:00:00+07:00,2026-06-06T01:00:00+07:00,sat,night,111.87168045960263,19.50523541184169,110,24,1.2304388792677439,ok,,google
4118521436_9351870799_0,4118521436,9351870799,0,sat_07,2026-06-06T07:00:00+07:00,2026-06-06T07:00:00+07:00,sat,am,111.87168045960263,19.50523541184169,110,24,1.2304388792677439,ok,,google
4118521436_9351870799_0,4118521436,9351870799,0,sat_17,2026-06-06T17:00:00+07:00,2026-06-06T17:00:00+07:00,sat,pm,111.87168045960263,19.50523541184169,110,24,1.2304388792677439,ok,,google
4118521436_9351870799_0,4118521436,9351870799,0,sun_01,2026-06-07T01:00:00+07:00,2026-06-07T01:00:00+07:00,sun,night,111.87168045960263,19.50523541184169,110,24,1.2304388792677439,ok,,google
4118521436_9351870799_0,4118521436,9351870799,0,sun_07,2026-06-07T07:00:00+07:00,2026-06-07T07:00:00+07:00,sun,am,111.87168045960263,19.50523541184169,110,24,1.2304388792677439,ok,,google
4118521436_9351870799_0,4118521436,9351870799,0,sun_17,2026-06-07T17:00:00+07:00,2026-06-07T17:00:00+07:00,sun,pm,111.87168045960263,19.50523541184169,110,24,1.2304388792677439,ok,,google
2255977972_2255977947_0,2255977972,2255977947,0,mon_01,2026-06-01T01:00:00+07:00,2026-06-08T01:00:00+07:00,mon,night,58.24550952484105,10.155316969382076,57,13,1.280117601370252,ok,,google
2255977972_2255977947_0,2255977972,2255977947,0,mon_07,2026-06-01T07:00:00+07:00,2026-06-01T07:00:00+07:00,mon,am,58.24550952484105,10.155316969382076,57,18,1.772470524974195,ok,,google
2255977972_2255977947_0,2255977972,2255977947,0,mon_17,2026-06-01T17:00:00+07:00,2026-06-01T17:00:00+07:00,mon,pm,58.24550952484105,10.155316969382076,57,13,1.280117601370252,ok,,google
2255977972_2255977947_0,2255977972,2255977947,0,tue_01,2026-06-02T01:00:00+07:00,2026-06-02T01:00:00+07:00,tue,night,58.24550952484105,10.155316969382076,57,13,1.280117601370252,ok,,google
2255977972_2255977947_0,2255977972,2255977947,0,tue_07,2026-06-02T07:00:00+07:00,2026-06-02T07:00:00+07:00,tue,am,58.24550952484105,10.155316969382076,57,13,1.280117601370252,ok,,google
2255977972_2255977947_0,2255977972,2255977947,0,tue_17,2026-06-02T17:00:00+07:00,2026-06-02T17:00:00+07:00,tue,pm,58.24550952484105,10.155316969382076,57,14,1.3785881860910407,ok,,google
2255977972_2255977947_0,2255977972,2255977947,0,wed_01,2026-06-03T01:00:00+07:00,2026-06-03T01:00:00+07:00,wed,night,58.24550952484105,10.155316969382076,57,13,1.280117601370252,ok,,google
2255977972_2255977947_0,2255977972,2255977947,0,wed_07,2026-06-03T07:00:00+07:00,2026-06-03T07:00:00+07:00,wed,am,58.24550952484105,10.155316969382076,57,20,1.9694116944157722,ok,,google
2255977972_2255977947_0,2255977972,2255977947,0,wed_17,2026-06-03T17:00:00+07:00,2026-06-03T17:00:00+07:00,wed,pm,58.24550952484105,10.155316969382076,57,13,1.280117601370252,ok,,google
2255977972_2255977947_0,2255977972,2255977947,0,thu_01,2026-06-04T01:00:00+07:00,2026-06-04T01:00:00+07:00,thu,night,58.24550952484105,10.155316969382076,57,13,1.280117601370252,ok,,google
2255977972_2255977947_0,2255977972,2255977947,0,thu_07,2026-06-04T07:00:00+07:00,2026-06-04T07:00:00+07:00,thu,am,58.24550952484105,10.155316969382076,57,13,1.280117601370252,ok,,google
2255977972_2255977947_0,2255977972,2255977947,0,thu_17,2026-06-04T17:00:00+07:00,2026-06-04T17:00:00+07:00,thu,pm,58.24550952484105,10.155316969382076,57,22,2.1663528638573495,ok,,google
2255977972_2255977947_0,2255977972,2255977947,0,fri_01,2026-06-05T01:00:00+07:00,2026-06-05T01:00:00+07:00,fri,night,58.24550952484105,10.155316969382076,57,13,1.280117601370252,ok,,google
2255977972_2255977947_0,2255977972,2255977947,0,fri_07,2026-06-05T07:00:00+07:00,2026-06-05T07:00:00+07:00,fri,am,58.24550952484105,10.155316969382076,57,13,1.280117601370252,ok,,google
2255977972_2255977947_0,2255977972,2255977947,0,fri_17,2026-06-05T17:00:00+07:00,2026-06-05T17:00:00+07:00,fri,pm,58.24550952484105,10.155316969382076,57,10,0.9847058472078861,ok,,google
2255977972_2255977947_0,2255977972,2255977947,0,sat_01,2026-06-06T01:00:00+07:00,2026-06-06T01:00:00+07:00,sat,night,58.24550952484105,10.155316969382076,57,13,1.280117601370252,ok,,google
2255977972_2255977947_0,2255977972,2255977947,0,sat_07,2026-06-06T07:00:00+07:00,2026-06-06T07:00:00+07:00,sat,am,58.24550952484105,10.155316969382076,57,13,1.280117601370252,ok,,google
2255977972_2255977947_0,2255977972,2255977947,0,sat_17,2026-06-06T17:00:00+07:00,2026-06-06T17:00:00+07:00,sat,pm,58.24550952484105,10.155316969382076,57,13,1.280117601370252,ok,,google
2255977972_2255977947_0,2255977972,2255977947,0,sun_01,2026-06-07T01:00:00+07:00,2026-06-07T01:00:00+07:00,sun,night,58.24550952484105,10.155316969382076,57,13,1.280117601370252,ok,,google
2255977972_2255977947_0,2255977972,2255977947,0,sun_07,2026-06-07T07:00:00+07:00,2026-06-07T07:00:00+07:00,sun,am,58.24550952484105,10.155316969382076,57,13,1.280117601370252,ok,,google
2255977972_2255977947_0,2255977972,2255977947,0,sun_17,2026-06-07T17:00:00+07:00,2026-06-07T17:00:00+07:00,sun,pm,58.24550952484105,10.155316969382076,57,18,1.772470524974195,ok,,google
5865250821_5463437309_0,5865250821,5463437309,0,mon_01,2026-06-01T01:00:00+07:00,2026-06-08T01:00:00+07:00,mon,night,95.97972186521339,16.734414483208756,96,22,1.3146560952027757,ok,,google
5865250821_5463437309_0,5865250821,5463437309,0,mon_07,2026-06-01T07:00:00+07:00,2026-06-01T07:00:00+07:00,mon,am,95.97972186521339,16.734414483208756,96,25,1.4939273809122453,ok,,google
5865250821_5463437309_0,5865250821,5463437309,0,mon_17,2026-06-01T17:00:00+07:00,2026-06-01T17:00:00+07:00,mon,pm,95.97972186521339,16.734414483208756,96,40,2.3902838094595924,ok,,google
5865250821_5463437309_0,5865250821,5463437309,0,tue_01,2026-06-02T01:00:00+07:00,2026-06-02T01:00:00+07:00,tue,night,95.97972186521339,16.734414483208756,96,22,1.3146560952027757,ok,,google
5865250821_5463437309_0,5865250821,5463437309,0,tue_07,2026-06-02T07:00:00+07:00,2026-06-02T07:00:00+07:00,tue,am,95.97972186521339,16.734414483208756,96,31,1.852469952331184,ok,,google
5865250821_5463437309_0,5865250821,5463437309,0,tue_17,2026-06-02T17:00:00+07:00,2026-06-02T17:00:00+07:00,tue,pm,95.97972186521339,16.734414483208756,96,26,1.553684476148735,ok,,google
5865250821_5463437309_0,5865250821,5463437309,0,wed_01,2026-06-03T01:00:00+07:00,2026-06-03T01:00:00+07:00,wed,night,95.97972186521339,16.734414483208756,96,22,1.3146560952027757,ok,,google
5865250821_5463437309_0,5865250821,5463437309,0,wed_07,2026-06-03T07:00:00+07:00,2026-06-03T07:00:00+07:00,wed,am,95.97972186521339,16.734414483208756,96,39,2.3305267142231023,ok,,google
5865250821_5463437309_0,5865250821,5463437309,0,wed_17,2026-06-03T17:00:00+07:00,2026-06-03T17:00:00+07:00,wed,pm,95.97972186521339,16.734414483208756,96,29,1.7329557618582045,ok,,google
5865250821_5463437309_0,5865250821,5463437309,0,thu_01,2026-06-04T01:00:00+07:00,2026-06-04T01:00:00+07:00,thu,night,95.97972186521339,16.734414483208756,96,22,1.3146560952027757,ok,,google
5865250821_5463437309_0,5865250821,5463437309,0,thu_07,2026-06-04T07:00:00+07:00,2026-06-04T07:00:00+07:00,thu,am,95.97972186521339,16.734414483208756,96,32,1.912227047567674,ok,,google
5865250821_5463437309_0,5865250821,5463437309,0,thu_17,2026-06-04T17:00:00+07:00,2026-06-04T17:00:00+07:00,thu,pm,95.97972186521339,16.734414483208756,96,26,1.553684476148735,ok,,google
5865250821_5463437309_0,5865250821,5463437309,0,fri_01,2026-06-05T01:00:00+07:00,2026-06-05T01:00:00+07:00,fri,night,95.97972186521339,16.734414483208756,96,22,1.3146560952027757,ok,,google
5865250821_5463437309_0,5865250821,5463437309,0,fri_07,2026-06-05T07:00:00+07:00,2026-06-05T07:00:00+07:00,fri,am,95.97972186521339,16.734414483208756,96,29,1.7329557618582045,ok,,google
5865250821_5463437309_0,5865250821,5463437309,0,fri_17,2026-06-05T17:00:00+07:00,2026-06-05T17:00:00+07:00,fri,pm,95.97972186521339,16.734414483208756,96,25,1.4939273809122453,ok,,google
5865250821_5463437309_0,5865250821,5463437309,0,sat_01,2026-06-06T01:00:00+07:00,2026-06-06T01:00:00+07:00,sat,night,95.97972186521339,16.734414483208756,96,22,1.3146560952027757,ok,,google
5865250821_5463437309_0,5865250821,5463437309,0,sat_07,2026-06-06T07:00:00+07:00,2026-06-06T07:00:00+07:00,sat,am,95.97972186521339,16.734414483208756,96,22,1.3146560952027757,ok,,google
5865250821_5463437309_0,5865250821,5463437309,0,sat_17,2026-06-06T17:00:00+07:00,2026-06-06T17:00:00+07:00,sat,pm,95.97972186521339,16.734414483208756,96,26,1.553684476148735,ok,,google
5865250821_5463437309_0,5865250821,5463437309,0,sun_01,2026-06-07T01:00:00+07:00,2026-06-07T01:00:00+07:00,sun,night,95.97972186521339,16.734414483208756,96,22,1.3146560952027757,ok,,google
5865250821_5463437309_0,5865250821,5463437309,0,sun_07,2026-06-07T07:00:00+07:00,2026-06-07T07:00:00+07:00,sun,am,95.97972186521339,16.734414483208756,96,22,1.3146560952027757,ok,,google
5865250821_5463437309_0,5865250821,5463437309,0,sun_17,2026-06-07T17:00:00+07:00,2026-06-07T17:00:00+07:00,sun,pm,95.97972186521339,16.734414483208756,96,23,1.3744131904392656,ok,,google
5471927425_6436533772_0,5471927425,6436533772,0,mon_01,2026-06-01T01:00:00+07:00,2026-06-08T01:00:00+07:00,mon,night,66.55827469885469,11.604677888752958,67,16,1.378754339705276,ok,,google
5471927425_6436533772_0,5471927425,6436533772,0,mon_07,2026-06-01T07:00:00+07:00,2026-06-01T07:00:00+07:00,mon,am,66.55827469885469,11.604677888752958,67,13,1.1202379010105368,ok,,google
5471927425_6436533772_0,5471927425,6436533772,0,mon_17,2026-06-01T17:00:00+07:00,2026-06-01T17:00:00+07:00,mon,pm,66.55827469885469,11.604677888752958,67,22,1.8957872170947543,ok,,google
5471927425_6436533772_0,5471927425,6436533772,0,tue_01,2026-06-02T01:00:00+07:00,2026-06-02T01:00:00+07:00,tue,night,66.55827469885469,11.604677888752958,67,16,1.378754339705276,ok,,google
5471927425_6436533772_0,5471927425,6436533772,0,tue_07,2026-06-02T07:00:00+07:00,2026-06-02T07:00:00+07:00,tue,am,66.55827469885469,11.604677888752958,67,18,1.5510986321684355,ok,,google
5471927425_6436533772_0,5471927425,6436533772,0,tue_17,2026-06-02T17:00:00+07:00,2026-06-02T17:00:00+07:00,tue,pm,66.55827469885469,11.604677888752958,67,19,1.6372707784000151,ok,,google
5471927425_6436533772_0,5471927425,6436533772,0,wed_01,2026-06-03T01:00:00+07:00,2026-06-03T01:00:00+07:00,wed,night,66.55827469885469,11.604677888752958,67,16,1.378754339705276,ok,,google
5471927425_6436533772_0,5471927425,6436533772,0,wed_07,2026-06-03T07:00:00+07:00,2026-06-03T07:00:00+07:00,wed,am,66.55827469885469,11.604677888752958,67,18,1.5510986321684355,ok,,google
5471927425_6436533772_0,5471927425,6436533772,0,wed_17,2026-06-03T17:00:00+07:00,2026-06-03T17:00:00+07:00,wed,pm,66.55827469885469,11.604677888752958,67,24,2.068131509557914,ok,,google
5471927425_6436533772_0,5471927425,6436533772,0,thu_01,2026-06-04T01:00:00+07:00,2026-06-04T01:00:00+07:00,thu,night,66.55827469885469,11.604677888752958,67,16,1.378754339705276,ok,,google
5471927425_6436533772_0,5471927425,6436533772,0,thu_07,2026-06-04T07:00:00+07:00,2026-06-04T07:00:00+07:00,thu,am,66.55827469885469,11.604677888752958,67,16,1.378754339705276,ok,,google
5471927425_6436533772_0,5471927425,6436533772,0,thu_17,2026-06-04T17:00:00+07:00,2026-06-04T17:00:00+07:00,thu,pm,66.55827469885469,11.604677888752958,67,20,1.723442924631595,ok,,google
5471927425_6436533772_0,5471927425,6436533772,0,fri_01,2026-06-05T01:00:00+07:00,2026-06-05T01:00:00+07:00,fri,night,66.55827469885469,11.604677888752958,67,16,1.378754339705276,ok,,google
5471927425_6436533772_0,5471927425,6436533772,0,fri_07,2026-06-05T07:00:00+07:00,2026-06-05T07:00:00+07:00,fri,am,66.55827469885469,11.604677888752958,67,20,1.723442924631595,ok,,google
5471927425_6436533772_0,5471927425,6436533772,0,fri_17,2026-06-05T17:00:00+07:00,2026-06-05T17:00:00+07:00,fri,pm,66.55827469885469,11.604677888752958,67,17,1.4649264859368556,ok,,google
5471927425_6436533772_0,5471927425,6436533772,0,sat_01,2026-06-06T01:00:00+07:00,2026-06-06T01:00:00+07:00,sat,night,66.55827469885469,11.604677888752958,67,16,1.378754339705276,ok,,google
5471927425_6436533772_0,5471927425,6436533772,0,sat_07,2026-06-06T07:00:00+07:00,2026-06-06T07:00:00+07:00,sat,am,66.55827469885469,11.604677888752958,67,19,1.6372707784000151,ok,,google
5471927425_6436533772_0,5471927425,6436533772,0,sat_17,2026-06-06T17:00:00+07:00,2026-06-06T17:00:00+07:00,sat,pm,66.55827469885469,11.604677888752958,67,21,1.8096150708631746,ok,,google
5471927425_6436533772_0,5471927425,6436533772,0,sun_01,2026-06-07T01:00:00+07:00,2026-06-07T01:00:00+07:00,sun,night,66.55827469885469,11.604677888752958,67,16,1.378754339705276,ok,,google
5471927425_6436533772_0,5471927425,6436533772,0,sun_07,2026-06-07T07:00:00+07:00,2026-06-07T07:00:00+07:00,sun,am,66.55827469885469,11.604677888752958,67,16,1.378754339705276,ok,,google
5471927425_6436533772_0,5471927425,6436533772,0,sun_17,2026-06-07T17:00:00+07:00,2026-06-07T17:00:00+07:00,sun,pm,66.55827469885469,11.604677888752958,67,20,1.723442924631595,ok,,google
4002514451_3959652917_0,4002514451,3959652917,0,mon_01,2026-06-01T01:00:00+07:00,2026-06-08T01:00:00+07:00,mon,night,127.44776123021289,22.2209818900965,132,48,2.1601205670120613,ok,,google
4002514451_3959652917_0,4002514451,3959652917,0,mon_07,2026-06-01T07:00:00+07:00,2026-06-01T07:00:00+07:00,mon,am,127.44776123021289,22.2209818900965,132,48,2.1601205670120613,ok,,google
4002514451_3959652917_0,4002514451,3959652917,0,mon_17,2026-06-01T17:00:00+07:00,2026-06-01T17:00:00+07:00,mon,pm,127.44776123021289,22.2209818900965,132,48,2.1601205670120613,ok,,google
4002514451_3959652917_0,4002514451,3959652917,0,tue_01,2026-06-02T01:00:00+07:00,2026-06-02T01:00:00+07:00,tue,night,127.44776123021289,22.2209818900965,132,48,2.1601205670120613,ok,,google
4002514451_3959652917_0,4002514451,3959652917,0,tue_07,2026-06-02T07:00:00+07:00,2026-06-02T07:00:00+07:00,tue,am,127.44776123021289,22.2209818900965,132,48,2.1601205670120613,ok,,google
4002514451_3959652917_0,4002514451,3959652917,0,tue_17,2026-06-02T17:00:00+07:00,2026-06-02T17:00:00+07:00,tue,pm,127.44776123021289,22.2209818900965,132,48,2.1601205670120613,ok,,google
4002514451_3959652917_0,4002514451,3959652917,0,wed_01,2026-06-03T01:00:00+07:00,2026-06-03T01:00:00+07:00,wed,night,127.44776123021289,22.2209818900965,132,48,2.1601205670120613,ok,,google
4002514451_3959652917_0,4002514451,3959652917,0,wed_07,2026-06-03T07:00:00+07:00,2026-06-03T07:00:00+07:00,wed,am,127.44776123021289,22.2209818900965,132,48,2.1601205670120613,ok,,google
4002514451_3959652917_0,4002514451,3959652917,0,wed_17,2026-06-03T17:00:00+07:00,2026-06-03T17:00:00+07:00,wed,pm,127.44776123021289,22.2209818900965,132,48,2.1601205670120613,ok,,google
4002514451_3959652917_0,4002514451,3959652917,0,thu_01,2026-06-04T01:00:00+07:00,2026-06-04T01:00:00+07:00,thu,night,127.44776123021289,22.2209818900965,132,48,2.1601205670120613,ok,,google
4002514451_3959652917_0,4002514451,3959652917,0,thu_07,2026-06-04T07:00:00+07:00,2026-06-04T07:00:00+07:00,thu,am,127.44776123021289,22.2209818900965,132,48,2.1601205670120613,ok,,google
4002514451_3959652917_0,4002514451,3959652917,0,thu_17,2026-06-04T17:00:00+07:00,2026-06-04T17:00:00+07:00,thu,pm,127.44776123021289,22.2209818900965,132,48,2.1601205670120613,ok,,google
4002514451_3959652917_0,4002514451,3959652917,0,fri_01,2026-06-05T01:00:00+07:00,2026-06-05T01:00:00+07:00,fri,night,127.44776123021289,22.2209818900965,132,48,2.1601205670120613,ok,,google
4002514451_3959652917_0,4002514451,3959652917,0,fri_07,2026-06-05T07:00:00+07:00,2026-06-05T07:00:00+07:00,fri,am,127.44776123021289,22.2209818900965,132,48,2.1601205670120613,ok,,google
4002514451_3959652917_0,4002514451,3959652917,0,fri_17,2026-06-05T17:00:00+07:00,2026-06-05T17:00:00+07:00,fri,pm,127.44776123021289,22.2209818900965,132,48,2.1601205670120613,ok,,google
4002514451_3959652917_0,4002514451,3959652917,0,sat_01,2026-06-06T01:00:00+07:00,2026-06-06T01:00:00+07:00,sat,night,127.44776123021289,22.2209818900965,132,48,2.1601205670120613,ok,,google
4002514451_3959652917_0,4002514451,3959652917,0,sat_07,2026-06-06T07:00:00+07:00,2026-06-06T07:00:00+07:00,sat,am,127.44776123021289,22.2209818900965,132,48,2.1601205670120613,ok,,google
4002514451_3959652917_0,4002514451,3959652917,0,sat_17,2026-06-06T17:00:00+07:00,2026-06-06T17:00:00+07:00,sat,pm,127.44776123021289,22.2209818900965,132,48,2.1601205670120613,ok,,google
4002514451_3959652917_0,4002514451,3959652917,0,sun_01,2026-06-07T01:00:00+07:00,2026-06-07T01:00:00+07:00,sun,night,127.44776123021289,22.2209818900965,132,48,2.1601205670120613,ok,,google
4002514451_3959652917_0,4002514451,3959652917,0,sun_07,2026-06-07T07:00:00+07:00,2026-06-07T07:00:00+07:00,sun,am,127.44776123021289,22.2209818900965,132,48,2.1601205670120613,ok,,google
4002514451_3959652917_0,4002514451,3959652917,0,sun_17,2026-06-07T17:00:00+07:00,2026-06-07T17:00:00+07:00,sun,pm,127.44776123021289,22.2209818900965,132,48,2.1601205670120613,ok,,google
5646922186_1396428209_0,5646922186,1396428209,0,mon_01,2026-06-01T01:00:00+07:00,2026-06-08T01:00:00+07:00,mon,night,79.14702126782889,13.799571756075567,78,14,1.0145242365101794,ok,,google
5646922186_1396428209_0,5646922186,1396428209,0,mon_07,2026-06-01T07:00:00+07:00,2026-06-01T07:00:00+07:00,mon,am,79.14702126782889,13.799571756075567,78,12,0.869592202723011,ok,,google
5646922186_1396428209_0,5646922186,1396428209,0,mon_17,2026-06-01T17:00:00+07:00,2026-06-01T17:00:00+07:00,mon,pm,79.14702126782889,13.799571756075567,78,14,1.0145242365101794,ok,,google
5646922186_1396428209_0,5646922186,1396428209,0,tue_01,2026-06-02T01:00:00+07:00,2026-06-02T01:00:00+07:00,tue,night,79.14702126782889,13.799571756075567,78,12,0.869592202723011,ok,,google
5646922186_1396428209_0,5646922186,1396428209,0,tue_07,2026-06-02T07:00:00+07:00,2026-06-02T07:00:00+07:00,tue,am,79.14702126782889,13.799571756075567,78,14,1.0145242365101794,ok,,google
5646922186_1396428209_0,5646922186,1396428209,0,tue_17,2026-06-02T17:00:00+07:00,2026-06-02T17:00:00+07:00,tue,pm,79.14702126782889,13.799571756075567,78,14,1.0145242365101794,ok,,google
5646922186_1396428209_0,5646922186,1396428209,0,wed_01,2026-06-03T01:00:00+07:00,2026-06-03T01:00:00+07:00,wed,night,79.14702126782889,13.799571756075567,78,12,0.869592202723011,ok,,google
5646922186_1396428209_0,5646922186,1396428209,0,wed_07,2026-06-03T07:00:00+07:00,2026-06-03T07:00:00+07:00,wed,am,79.14702126782889,13.799571756075567,78,14,1.0145242365101794,ok,,google
5646922186_1396428209_0,5646922186,1396428209,0,wed_17,2026-06-03T17:00:00+07:00,2026-06-03T17:00:00+07:00,wed,pm,79.14702126782889,13.799571756075567,78,14,1.0145242365101794,ok,,google
5646922186_1396428209_0,5646922186,1396428209,0,thu_01,2026-06-04T01:00:00+07:00,2026-06-04T01:00:00+07:00,thu,night,79.14702126782889,13.799571756075567,78,12,0.869592202723011,ok,,google
5646922186_1396428209_0,5646922186,1396428209,0,thu_07,2026-06-04T07:00:00+07:00,2026-06-04T07:00:00+07:00,thu,am,79.14702126782889,13.799571756075567,78,17,1.231922287190932,ok,,google
5646922186_1396428209_0,5646922186,1396428209,0,thu_17,2026-06-04T17:00:00+07:00,2026-06-04T17:00:00+07:00,thu,pm,79.14702126782889,13.799571756075567,78,14,1.0145242365101794,ok,,google
5646922186_1396428209_0,5646922186,1396428209,0,fri_01,2026-06-05T01:00:00+07:00,2026-06-05T01:00:00+07:00,fri,night,79.14702126782889,13.799571756075567,78,12,0.869592202723011,ok,,google
5646922186_1396428209_0,5646922186,1396428209,0,fri_07,2026-06-05T07:00:00+07:00,2026-06-05T07:00:00+07:00,fri,am,79.14702126782889,13.799571756075567,78,14,1.0145242365101794,ok,,google
5646922186_1396428209_0,5646922186,1396428209,0,fri_17,2026-06-05T17:00:00+07:00,2026-06-05T17:00:00+07:00,fri,pm,79.14702126782889,13.799571756075567,78,15,1.0869902534037637,ok,,google
5646922186_1396428209_0,5646922186,1396428209,0,sat_01,2026-06-06T01:00:00+07:00,2026-06-06T01:00:00+07:00,sat,night,79.14702126782889,13.799571756075567,78,12,0.869592202723011,ok,,google
5646922186_1396428209_0,5646922186,1396428209,0,sat_07,2026-06-06T07:00:00+07:00,2026-06-06T07:00:00+07:00,sat,am,79.14702126782889,13.799571756075567,78,20,1.4493203378716848,ok,,google
5646922186_1396428209_0,5646922186,1396428209,0,sat_17,2026-06-06T17:00:00+07:00,2026-06-06T17:00:00+07:00,sat,pm,79.14702126782889,13.799571756075567,78,16,1.1594562702973479,ok,,google
5646922186_1396428209_0,5646922186,1396428209,0,sun_01,2026-06-07T01:00:00+07:00,2026-06-07T01:00:00+07:00,sun,night,79.14702126782889,13.799571756075567,78,12,0.869592202723011,ok,,google
5646922186_1396428209_0,5646922186,1396428209,0,sun_07,2026-06-07T07:00:00+07:00,2026-06-07T07:00:00+07:00,sun,am,79.14702126782889,13.799571756075567,78,15,1.0869902534037637,ok,,google
5646922186_1396428209_0,5646922186,1396428209,0,sun_17,2026-06-07T17:00:00+07:00,2026-06-07T17:00:00+07:00,sun,pm,79.14702126782889,13.799571756075567,78,17,1.231922287190932,ok,,google
5867480756_5867480757_0,5867480756,5867480757,0,mon_01,2026-06-01T01:00:00+07:00,2026-06-08T01:00:00+07:00,mon,night,61.04813065026983,10.643964181948345,62,14,1.3152994279841088,ok,,google
5867480756_5867480757_0,5867480756,5867480757,0,mon_07,2026-06-01T07:00:00+07:00,2026-06-01T07:00:00+07:00,mon,am,61.04813065026983,10.643964181948345,62,14,1.3152994279841088,ok,,google
5867480756_5867480757_0,5867480756,5867480757,0,mon_17,2026-06-01T17:00:00+07:00,2026-06-01T17:00:00+07:00,mon,pm,61.04813065026983,10.643964181948345,62,14,1.3152994279841088,ok,,google
5867480756_5867480757_0,5867480756,5867480757,0,tue_01,2026-06-02T01:00:00+07:00,2026-06-02T01:00:00+07:00,tue,night,61.04813065026983,10.643964181948345,62,14,1.3152994279841088,ok,,google
5867480756_5867480757_0,5867480756,5867480757,0,tue_07,2026-06-02T07:00:00+07:00,2026-06-02T07:00:00+07:00,tue,am,61.04813065026983,10.643964181948345,62,14,1.3152994279841088,ok,,google
5867480756_5867480757_0,5867480756,5867480757,0,tue_17,2026-06-02T17:00:00+07:00,2026-06-02T17:00:00+07:00,tue,pm,61.04813065026983,10.643964181948345,62,14,1.3152994279841088,ok,,google
5867480756_5867480757_0,5867480756,5867480757,0,wed_01,2026-06-03T01:00:00+07:00,2026-06-03T01:00:00+07:00,wed,night,61.04813065026983,10.643964181948345,62,14,1.3152994279841088,ok,,google
5867480756_5867480757_0,5867480756,5867480757,0,wed_07,2026-06-03T07:00:00+07:00,2026-06-03T07:00:00+07:00,wed,am,61.04813065026983,10.643964181948345,62,14,1.3152994279841088,ok,,google
5867480756_5867480757_0,5867480756,5867480757,0,wed_17,2026-06-03T17:00:00+07:00,2026-06-03T17:00:00+07:00,wed,pm,61.04813065026983,10.643964181948345,62,14,1.3152994279841088,ok,,google
5867480756_5867480757_0,5867480756,5867480757,0,thu_01,2026-06-04T01:00:00+07:00,2026-06-04T01:00:00+07:00,thu,night,61.04813065026983,10.643964181948345,62,14,1.3152994279841088,ok,,google
5867480756_5867480757_0,5867480756,5867480757,0,thu_07,2026-06-04T07:00:00+07:00,2026-06-04T07:00:00+07:00,thu,am,61.04813065026983,10.643964181948345,62,14,1.3152994279841088,ok,,google
5867480756_5867480757_0,5867480756,5867480757,0,thu_17,2026-06-04T17:00:00+07:00,2026-06-04T17:00:00+07:00,thu,pm,61.04813065026983,10.643964181948345,62,14,1.3152994279841088,ok,,google
5867480756_5867480757_0,5867480756,5867480757,0,fri_01,2026-06-05T01:00:00+07:00,2026-06-05T01:00:00+07:00,fri,night,61.04813065026983,10.643964181948345,62,14,1.3152994279841088,ok,,google
5867480756_5867480757_0,5867480756,5867480757,0,fri_07,2026-06-05T07:00:00+07:00,2026-06-05T07:00:00+07:00,fri,am,61.04813065026983,10.643964181948345,62,14,1.3152994279841088,ok,,google
5867480756_5867480757_0,5867480756,5867480757,0,fri_17,2026-06-05T17:00:00+07:00,2026-06-05T17:00:00+07:00,fri,pm,61.04813065026983,10.643964181948345,62,14,1.3152994279841088,ok,,google
5867480756_5867480757_0,5867480756,5867480757,0,sat_01,2026-06-06T01:00:00+07:00,2026-06-06T01:00:00+07:00,sat,night,61.04813065026983,10.643964181948345,62,14,1.3152994279841088,ok,,google
5867480756_5867480757_0,5867480756,5867480757,0,sat_07,2026-06-06T07:00:00+07:00,2026-06-06T07:00:00+07:00,sat,am,61.04813065026983,10.643964181948345,62,14,1.3152994279841088,ok,,google
5867480756_5867480757_0,5867480756,5867480757,0,sat_17,2026-06-06T17:00:00+07:00,2026-06-06T17:00:00+07:00,sat,pm,61.04813065026983,10.643964181948345,62,14,1.3152994279841088,ok,,google
5867480756_5867480757_0,5867480756,5867480757,0,sun_01,2026-06-07T01:00:00+07:00,2026-06-07T01:00:00+07:00,sun,night,61.04813065026983,10.643964181948345,62,14,1.3152994279841088,ok,,google
5867480756_5867480757_0,5867480756,5867480757,0,sun_07,2026-06-07T07:00:00+07:00,2026-06-07T07:00:00+07:00,sun,am,61.04813065026983,10.643964181948345,62,14,1.3152994279841088,ok,,google
5867480756_5867480757_0,5867480756,5867480757,0,sun_17,2026-06-07T17:00:00+07:00,2026-06-07T17:00:00+07:00,sun,pm,61.04813065026983,10.643964181948345,62,14,1.3152994279841088,ok,,google
5394983725_5155448055_0,5394983725,5155448055,0,mon_01,2026-06-01T01:00:00+07:00,2026-06-08T01:00:00+07:00,mon,night,83.17659561540783,14.502142736829068,82,26,1.79283851164776,ok,,google
5394983725_5155448055_0,5394983725,5155448055,0,mon_07,2026-06-01T07:00:00+07:00,2026-06-01T07:00:00+07:00,mon,am,83.17659561540783,14.502142736829068,82,26,1.79283851164776,ok,,google
5394983725_5155448055_0,5394983725,5155448055,0,mon_17,2026-06-01T17:00:00+07:00,2026-06-01T17:00:00+07:00,mon,pm,83.17659561540783,14.502142736829068,82,26,1.79283851164776,ok,,google
5394983725_5155448055_0,5394983725,5155448055,0,tue_01,2026-06-02T01:00:00+07:00,2026-06-02T01:00:00+07:00,tue,night,83.17659561540783,14.502142736829068,82,26,1.79283851164776,ok,,google
5394983725_5155448055_0,5394983725,5155448055,0,tue_07,2026-06-02T07:00:00+07:00,2026-06-02T07:00:00+07:00,tue,am,83.17659561540783,14.502142736829068,82,26,1.79283851164776,ok,,google
5394983725_5155448055_0,5394983725,5155448055,0,tue_17,2026-06-02T17:00:00+07:00,2026-06-02T17:00:00+07:00,tue,pm,83.17659561540783,14.502142736829068,82,26,1.79283851164776,ok,,google
5394983725_5155448055_0,5394983725,5155448055,0,wed_01,2026-06-03T01:00:00+07:00,2026-06-03T01:00:00+07:00,wed,night,83.17659561540783,14.502142736829068,82,26,1.79283851164776,ok,,google
5394983725_5155448055_0,5394983725,5155448055,0,wed_07,2026-06-03T07:00:00+07:00,2026-06-03T07:00:00+07:00,wed,am,83.17659561540783,14.502142736829068,82,26,1.79283851164776,ok,,google
5394983725_5155448055_0,5394983725,5155448055,0,wed_17,2026-06-03T17:00:00+07:00,2026-06-03T17:00:00+07:00,wed,pm,83.17659561540783,14.502142736829068,82,26,1.79283851164776,ok,,google
5394983725_5155448055_0,5394983725,5155448055,0,thu_01,2026-06-04T01:00:00+07:00,2026-06-04T01:00:00+07:00,thu,night,83.17659561540783,14.502142736829068,82,26,1.79283851164776,ok,,google
5394983725_5155448055_0,5394983725,5155448055,0,thu_07,2026-06-04T07:00:00+07:00,2026-06-04T07:00:00+07:00,thu,am,83.17659561540783,14.502142736829068,82,26,1.79283851164776,ok,,google
5394983725_5155448055_0,5394983725,5155448055,0,thu_17,2026-06-04T17:00:00+07:00,2026-06-04T17:00:00+07:00,thu,pm,83.17659561540783,14.502142736829068,82,26,1.79283851164776,ok,,google
5394983725_5155448055_0,5394983725,5155448055,0,fri_01,2026-06-05T01:00:00+07:00,2026-06-05T01:00:00+07:00,fri,night,83.17659561540783,14.502142736829068,82,26,1.79283851164776,ok,,google
5394983725_5155448055_0,5394983725,5155448055,0,fri_07,2026-06-05T07:00:00+07:00,2026-06-05T07:00:00+07:00,fri,am,83.17659561540783,14.502142736829068,82,26,1.79283851164776,ok,,google
5394983725_5155448055_0,5394983725,5155448055,0,fri_17,2026-06-05T17:00:00+07:00,2026-06-05T17:00:00+07:00,fri,pm,83.17659561540783,14.502142736829068,82,26,1.79283851164776,ok,,google
5394983725_5155448055_0,5394983725,5155448055,0,sat_01,2026-06-06T01:00:00+07:00,2026-06-06T01:00:00+07:00,sat,night,83.17659561540783,14.502142736829068,82,26,1.79283851164776,ok,,google
5394983725_5155448055_0,5394983725,5155448055,0,sat_07,2026-06-06T07:00:00+07:00,2026-06-06T07:00:00+07:00,sat,am,83.17659561540783,14.502142736829068,82,26,1.79283851164776,ok,,google
5394983725_5155448055_0,5394983725,5155448055,0,sat_17,2026-06-06T17:00:00+07:00,2026-06-06T17:00:00+07:00,sat,pm,83.17659561540783,14.502142736829068,82,26,1.79283851164776,ok,,google
5394983725_5155448055_0,5394983725,5155448055,0,sun_01,2026-06-07T01:00:00+07:00,2026-06-07T01:00:00+07:00,sun,night,83.17659561540783,14.502142736829068,82,26,1.79283851164776,ok,,google
5394983725_5155448055_0,5394983725,5155448055,0,sun_07,2026-06-07T07:00:00+07:00,2026-06-07T07:00:00+07:00,sun,am,83.17659561540783,14.502142736829068,82,26,1.79283851164776,ok,,google
5394983725_5155448055_0,5394983725,5155448055,0,sun_17,2026-06-07T17:00:00+07:00,2026-06-07T17:00:00+07:00,sun,pm,83.17659561540783,14.502142736829068,82,26,1.79283851164776,ok,,google
3029831021_5444283507_0,3029831021,5444283507,0,mon_01,2026-06-01T01:00:00+07:00,2026-06-08T01:00:00+07:00,mon,night,68.16406604434727,11.884653465122717,65,31,2.608405881666984,ok,,google
3029831021_5444283507_0,3029831021,5444283507,0,mon_07,2026-06-01T07:00:00+07:00,2026-06-01T07:00:00+07:00,mon,am,68.16406604434727,11.884653465122717,65,31,2.608405881666984,ok,,google
3029831021_5444283507_0,3029831021,5444283507,0,mon_17,2026-06-01T17:00:00+07:00,2026-06-01T17:00:00+07:00,mon,pm,68.16406604434727,11.884653465122717,65,31,2.608405881666984,ok,,google
3029831021_5444283507_0,3029831021,5444283507,0,tue_01,2026-06-02T01:00:00+07:00,2026-06-02T01:00:00+07:00,tue,night,68.16406604434727,11.884653465122717,65,31,2.608405881666984,ok,,google
3029831021_5444283507_0,3029831021,5444283507,0,tue_07,2026-06-02T07:00:00+07:00,2026-06-02T07:00:00+07:00,tue,am,68.16406604434727,11.884653465122717,65,31,2.608405881666984,ok,,google
3029831021_5444283507_0,3029831021,5444283507,0,tue_17,2026-06-02T17:00:00+07:00,2026-06-02T17:00:00+07:00,tue,pm,68.16406604434727,11.884653465122717,65,31,2.608405881666984,ok,,google
3029831021_5444283507_0,3029831021,5444283507,0,wed_01,2026-06-03T01:00:00+07:00,2026-06-03T01:00:00+07:00,wed,night,68.16406604434727,11.884653465122717,65,31,2.608405881666984,ok,,google
3029831021_5444283507_0,3029831021,5444283507,0,wed_07,2026-06-03T07:00:00+07:00,2026-06-03T07:00:00+07:00,wed,am,68.16406604434727,11.884653465122717,65,31,2.608405881666984,ok,,google
3029831021_5444283507_0,3029831021,5444283507,0,wed_17,2026-06-03T17:00:00+07:00,2026-06-03T17:00:00+07:00,wed,pm,68.16406604434727,11.884653465122717,65,31,2.608405881666984,ok,,google
3029831021_5444283507_0,3029831021,5444283507,0,thu_01,2026-06-04T01:00:00+07:00,2026-06-04T01:00:00+07:00,thu,night,68.16406604434727,11.884653465122717,65,31,2.608405881666984,ok,,google
3029831021_5444283507_0,3029831021,5444283507,0,thu_07,2026-06-04T07:00:00+07:00,2026-06-04T07:00:00+07:00,thu,am,68.16406604434727,11.884653465122717,65,31,2.608405881666984,ok,,google
3029831021_5444283507_0,3029831021,5444283507,0,thu_17,2026-06-04T17:00:00+07:00,2026-06-04T17:00:00+07:00,thu,pm,68.16406604434727,11.884653465122717,65,31,2.608405881666984,ok,,google
3029831021_5444283507_0,3029831021,5444283507,0,fri_01,2026-06-05T01:00:00+07:00,2026-06-05T01:00:00+07:00,fri,night,68.16406604434727,11.884653465122717,65,31,2.608405881666984,ok,,google
3029831021_5444283507_0,3029831021,5444283507,0,fri_07,2026-06-05T07:00:00+07:00,2026-06-05T07:00:00+07:00,fri,am,68.16406604434727,11.884653465122717,65,31,2.608405881666984,ok,,google
3029831021_5444283507_0,3029831021,5444283507,0,fri_17,2026-06-05T17:00:00+07:00,2026-06-05T17:00:00+07:00,fri,pm,68.16406604434727,11.884653465122717,65,31,2.608405881666984,ok,,google
3029831021_5444283507_0,3029831021,5444283507,0,sat_01,2026-06-06T01:00:00+07:00,2026-06-06T01:00:00+07:00,sat,night,68.16406604434727,11.884653465122717,65,31,2.608405881666984,ok,,google
3029831021_5444283507_0,3029831021,5444283507,0,sat_07,2026-06-06T07:00:00+07:00,2026-06-06T07:00:00+07:00,sat,am,68.16406604434727,11.884653465122717,65,31,2.608405881666984,ok,,google
3029831021_5444283507_0,3029831021,5444283507,0,sat_17,2026-06-06T17:00:00+07:00,2026-06-06T17:00:00+07:00,sat,pm,68.16406604434727,11.884653465122717,65,31,2.608405881666984,ok,,google
3029831021_5444283507_0,3029831021,5444283507,0,sun_01,2026-06-07T01:00:00+07:00,2026-06-07T01:00:00+07:00,sun,night,68.16406604434727,11.884653465122717,65,31,2.608405881666984,ok,,google
3029831021_5444283507_0,3029831021,5444283507,0,sun_07,2026-06-07T07:00:00+07:00,2026-06-07T07:00:00+07:00,sun,am,68.16406604434727,11.884653465122717,65,31,2.608405881666984,ok,,google
3029831021_5444283507_0,3029831021,5444283507,0,sun_17,2026-06-07T17:00:00+07:00,2026-06-07T17:00:00+07:00,sun,pm,68.16406604434727,11.884653465122717,65,31,2.608405881666984,ok,,google
3274557964_5369663032_0,3274557964,5369663032,0,mon_01,2026-06-01T01:00:00+07:00,2026-06-08T01:00:00+07:00,mon,night,76.95260846458795,13.851469523625832,75,24,1.7326681446372367,ok,,google
3274557964_5369663032_0,3274557964,5369663032,0,mon_07,2026-06-01T07:00:00+07:00,2026-06-01T07:00:00+07:00,mon,am,76.95260846458795,13.851469523625832,75,24,1.7326681446372367,ok,,google
3274557964_5369663032_0,3274557964,5369663032,0,mon_17,2026-06-01T17:00:00+07:00,2026-06-01T17:00:00+07:00,mon,pm,76.95260846458795,13.851469523625832,75,24,1.7326681446372367,ok,,google
3274557964_5369663032_0,3274557964,5369663032,0,tue_01,2026-06-02T01:00:00+07:00,2026-06-02T01:00:00+07:00,tue,night,76.95260846458795,13.851469523625832,75,24,1.7326681446372367,ok,,google
3274557964_5369663032_0,3274557964,5369663032,0,tue_07,2026-06-02T07:00:00+07:00,2026-06-02T07:00:00+07:00,tue,am,76.95260846458795,13.851469523625832,75,24,1.7326681446372367,ok,,google
3274557964_5369663032_0,3274557964,5369663032,0,tue_17,2026-06-02T17:00:00+07:00,2026-06-02T17:00:00+07:00,tue,pm,76.95260846458795,13.851469523625832,75,24,1.7326681446372367,ok,,google
3274557964_5369663032_0,3274557964,5369663032,0,wed_01,2026-06-03T01:00:00+07:00,2026-06-03T01:00:00+07:00,wed,night,76.95260846458795,13.851469523625832,75,24,1.7326681446372367,ok,,google
3274557964_5369663032_0,3274557964,5369663032,0,wed_07,2026-06-03T07:00:00+07:00,2026-06-03T07:00:00+07:00,wed,am,76.95260846458795,13.851469523625832,75,24,1.7326681446372367,ok,,google
3274557964_5369663032_0,3274557964,5369663032,0,wed_17,2026-06-03T17:00:00+07:00,2026-06-03T17:00:00+07:00,wed,pm,76.95260846458795,13.851469523625832,75,24,1.7326681446372367,ok,,google
3274557964_5369663032_0,3274557964,5369663032,0,thu_01,2026-06-04T01:00:00+07:00,2026-06-04T01:00:00+07:00,thu,night,76.95260846458795,13.851469523625832,75,24,1.7326681446372367,ok,,google
3274557964_5369663032_0,3274557964,5369663032,0,thu_07,2026-06-04T07:00:00+07:00,2026-06-04T07:00:00+07:00,thu,am,76.95260846458795,13.851469523625832,75,24,1.7326681446372367,ok,,google
3274557964_5369663032_0,3274557964,5369663032,0,thu_17,2026-06-04T17:00:00+07:00,2026-06-04T17:00:00+07:00,thu,pm,76.95260846458795,13.851469523625832,75,24,1.7326681446372367,ok,,google
3274557964_5369663032_0,3274557964,5369663032,0,fri_01,2026-06-05T01:00:00+07:00,2026-06-05T01:00:00+07:00,fri,night,76.95260846458795,13.851469523625832,75,24,1.7326681446372367,ok,,google
3274557964_5369663032_0,3274557964,5369663032,0,fri_07,2026-06-05T07:00:00+07:00,2026-06-05T07:00:00+07:00,fri,am,76.95260846458795,13.851469523625832,75,24,1.7326681446372367,ok,,google
3274557964_5369663032_0,3274557964,5369663032,0,fri_17,2026-06-05T17:00:00+07:00,2026-06-05T17:00:00+07:00,fri,pm,76.95260846458795,13.851469523625832,75,24,1.7326681446372367,ok,,google
3274557964_5369663032_0,3274557964,5369663032,0,sat_01,2026-06-06T01:00:00+07:00,2026-06-06T01:00:00+07:00,sat,night,76.95260846458795,13.851469523625832,75,24,1.7326681446372367,ok,,google
3274557964_5369663032_0,3274557964,5369663032,0,sat_07,2026-06-06T07:00:00+07:00,2026-06-06T07:00:00+07:00,sat,am,76.95260846458795,13.851469523625832,75,24,1.7326681446372367,ok,,google
3274557964_5369663032_0,3274557964,5369663032,0,sat_17,2026-06-06T17:00:00+07:00,2026-06-06T17:00:00+07:00,sat,pm,76.95260846458795,13.851469523625832,75,24,1.7326681446372367,ok,,google
3274557964_5369663032_0,3274557964,5369663032,0,sun_01,2026-06-07T01:00:00+07:00,2026-06-07T01:00:00+07:00,sun,night,76.95260846458795,13.851469523625832,75,24,1.7326681446372367,ok,,google
3274557964_5369663032_0,3274557964,5369663032,0,sun_07,2026-06-07T07:00:00+07:00,2026-06-07T07:00:00+07:00,sun,am,76.95260846458795,13.851469523625832,75,24,1.7326681446372367,ok,,google
3274557964_5369663032_0,3274557964,5369663032,0,sun_17,2026-06-07T17:00:00+07:00,2026-06-07T17:00:00+07:00,sun,pm,76.95260846458795,13.851469523625832,75,24,1.7326681446372367,ok,,google
12841104396_1711736719_0,12841104396,1711736719,0,mon_01,2026-06-01T01:00:00+07:00,2026-06-08T01:00:00+07:00,mon,night,500.75194490535466,129.46371786446582,1072,207,1.598903564755541,ok,,google
12841104396_1711736719_0,12841104396,1711736719,0,mon_07,2026-06-01T07:00:00+07:00,2026-06-01T07:00:00+07:00,mon,am,500.75194490535466,129.46371786446582,1072,273,2.108698904242815,ok,,google
12841104396_1711736719_0,12841104396,1711736719,0,mon_17,2026-06-01T17:00:00+07:00,2026-06-01T17:00:00+07:00,mon,pm,500.75194490535466,129.46371786446582,1072,266,2.054629701569922,ok,,google
12841104396_1711736719_0,12841104396,1711736719,0,tue_01,2026-06-02T01:00:00+07:00,2026-06-02T01:00:00+07:00,tue,night,500.75194490535466,129.46371786446582,1072,205,1.5834552211347144,ok,,google
12841104396_1711736719_0,12841104396,1711736719,0,tue_07,2026-06-02T07:00:00+07:00,2026-06-02T07:00:00+07:00,tue,am,500.75194490535466,129.46371786446582,1072,262,2.0237330143282692,ok,,google
12841104396_1711736719_0,12841104396,1711736719,0,tue_17,2026-06-02T17:00:00+07:00,2026-06-02T17:00:00+07:00,tue,pm,500.75194490535466,129.46371786446582,1072,263,2.0314571861386823,ok,,google
12841104396_1711736719_0,12841104396,1711736719,0,wed_01,2026-06-03T01:00:00+07:00,2026-06-03T01:00:00+07:00,wed,night,500.75194490535466,129.46371786446582,1072,206,1.5911793929451277,ok,,google
12841104396_1711736719_0,12841104396,1711736719,0,wed_07,2026-06-03T07:00:00+07:00,2026-06-03T07:00:00+07:00,wed,am,500.75194490535466,129.46371786446582,1072,256,1.9773879834657897,ok,,google
12841104396_1711736719_0,12841104396,1711736719,0,wed_17,2026-06-03T17:00:00+07:00,2026-06-03T17:00:00+07:00,wed,pm,500.75194490535466,129.46371786446582,1072,271,2.093250560621988,ok,,google
12841104396_1711736719_0,12841104396,1711736719,0,thu_01,2026-06-04T01:00:00+07:00,2026-06-04T01:00:00+07:00,thu,night,500.75194490535466,129.46371786446582,1072,206,1.5911793929451277,ok,,google
12841104396_1711736719_0,12841104396,1711736719,0,thu_07,2026-06-04T07:00:00+07:00,2026-06-04T07:00:00+07:00,thu,am,500.75194490535466,129.46371786446582,1072,262,2.0237330143282692,ok,,google
12841104396_1711736719_0,12841104396,1711736719,0,thu_17,2026-06-04T17:00:00+07:00,2026-06-04T17:00:00+07:00,thu,pm,500.75194490535466,129.46371786446582,1072,265,2.046905529759509,ok,,google
12841104396_1711736719_0,12841104396,1711736719,0,fri_01,2026-06-05T01:00:00+07:00,2026-06-05T01:00:00+07:00,fri,night,500.75194490535466,129.46371786446582,1072,213,1.6452485956180203,ok,,google
12841104396_1711736719_0,12841104396,1711736719,0,fri_07,2026-06-05T07:00:00+07:00,2026-06-05T07:00:00+07:00,fri,am,500.75194490535466,129.46371786446582,1072,243,1.8769737499304175,ok,,google
12841104396_1711736719_0,12841104396,1711736719,0,fri_17,2026-06-05T17:00:00+07:00,2026-06-05T17:00:00+07:00,fri,pm,500.75194490535466,129.46371786446582,1072,266,2.054629701569922,ok,,google
12841104396_1711736719_0,12841104396,1711736719,0,sat_01,2026-06-06T01:00:00+07:00,2026-06-06T01:00:00+07:00,sat,night,500.75194490535466,129.46371786446582,1072,209,1.6143519083763673,ok,,google
12841104396_1711736719_0,12841104396,1711736719,0,sat_07,2026-06-06T07:00:00+07:00,2026-06-06T07:00:00+07:00,sat,am,500.75194490535466,129.46371786446582,1072,231,1.7842836882054587,ok,,google
12841104396_1711736719_0,12841104396,1711736719,0,sat_17,2026-06-06T17:00:00+07:00,2026-06-06T17:00:00+07:00,sat,pm,500.75194490535466,129.46371786446582,1072,261,2.0160088425178557,ok,,google
12841104396_1711736719_0,12841104396,1711736719,0,sun_01,2026-06-07T01:00:00+07:00,2026-06-07T01:00:00+07:00,sun,night,500.75194490535466,129.46371786446582,1072,214,1.6529727674284336,ok,,google
12841104396_1711736719_0,12841104396,1711736719,0,sun_07,2026-06-07T07:00:00+07:00,2026-06-07T07:00:00+07:00,sun,am,500.75194490535466,129.46371786446582,1072,226,1.7456628291533924,ok,,google
12841104396_1711736719_0,12841104396,1711736719,0,sun_17,2026-06-07T17:00:00+07:00,2026-06-07T17:00:00+07:00,sun,pm,500.75194490535466,129.46371786446582,1072,262,2.0237330143282692,ok,,google
5397556674_6715130341_0,5397556674,6715130341,0,mon_01,2026-06-01T01:00:00+07:00,2026-06-08T01:00:00+07:00,mon,night,96.26782299780588,24.888950313253197,680,142,5.705343062394478,ok,,google
5397556674_6715130341_0,5397556674,6715130341,0,mon_07,2026-06-01T07:00:00+07:00,2026-06-01T07:00:00+07:00,mon,am,96.26782299780588,24.888950313253197,680,148,5.94641389601678,ok,,google
5397556674_6715130341_0,5397556674,6715130341,0,mon_17,2026-06-01T17:00:00+07:00,2026-06-01T17:00:00+07:00,mon,pm,96.26782299780588,24.888950313253197,680,216,8.678550010402867,ok,,google
5397556674_6715130341_0,5397556674,6715130341,0,tue_01,2026-06-02T01:00:00+07:00,2026-06-02T01:00:00+07:00,tue,night,96.26782299780588,24.888950313253197,680,143,5.745521534664862,ok,,google
5397556674_6715130341_0,5397556674,6715130341,0,tue_07,2026-06-02T07:00:00+07:00,2026-06-02T07:00:00+07:00,tue,am,96.26782299780588,24.888950313253197,680,164,6.5892694523429185,ok,,google
5397556674_6715130341_0,5397556674,6715130341,0,tue_17,2026-06-02T17:00:00+07:00,2026-06-02T17:00:00+07:00,tue,pm,96.26782299780588,24.888950313253197,680,222,8.91962084402517,ok,,google
5397556674_6715130341_0,5397556674,6715130341,0,wed_01,2026-06-03T01:00:00+07:00,2026-06-03T01:00:00+07:00,wed,night,96.26782299780588,24.888950313253197,680,142,5.705343062394478,ok,,google
5397556674_6715130341_0,5397556674,6715130341,0,wed_07,2026-06-03T07:00:00+07:00,2026-06-03T07:00:00+07:00,wed,am,96.26782299780588,24.888950313253197,680,174,6.991054175046755,ok,,google
5397556674_6715130341_0,5397556674,6715130341,0,wed_17,2026-06-03T17:00:00+07:00,2026-06-03T17:00:00+07:00,wed,pm,96.26782299780588,24.888950313253197,680,203,8.15622987088788,ok,,google
5397556674_6715130341_0,5397556674,6715130341,0,thu_01,2026-06-04T01:00:00+07:00,2026-06-04T01:00:00+07:00,thu,night,96.26782299780588,24.888950313253197,680,142,5.705343062394478,ok,,google
5397556674_6715130341_0,5397556674,6715130341,0,thu_07,2026-06-04T07:00:00+07:00,2026-06-04T07:00:00+07:00,thu,am,96.26782299780588,24.888950313253197,680,180,7.2321250086690565,ok,,google
5397556674_6715130341_0,5397556674,6715130341,0,thu_17,2026-06-04T17:00:00+07:00,2026-06-04T17:00:00+07:00,thu,pm,96.26782299780588,24.888950313253197,680,215,8.638371538132484,ok,,google
5397556674_6715130341_0,5397556674,6715130341,0,fri_01,2026-06-05T01:00:00+07:00,2026-06-05T01:00:00+07:00,fri,night,96.26782299780588,24.888950313253197,680,142,5.705343062394478,ok,,google
5397556674_6715130341_0,5397556674,6715130341,0,fri_07,2026-06-05T07:00:00+07:00,2026-06-05T07:00:00+07:00,fri,am,96.26782299780588,24.888950313253197,680,166,6.669626396883686,ok,,google
5397556674_6715130341_0,5397556674,6715130341,0,fri_17,2026-06-05T17:00:00+07:00,2026-06-05T17:00:00+07:00,fri,pm,96.26782299780588,24.888950313253197,680,212,8.517836121321334,ok,,google
5397556674_6715130341_0,5397556674,6715130341,0,sat_01,2026-06-06T01:00:00+07:00,2026-06-06T01:00:00+07:00,sat,night,96.26782299780588,24.888950313253197,680,142,5.705343062394478,ok,,google
5397556674_6715130341_0,5397556674,6715130341,0,sat_07,2026-06-06T07:00:00+07:00,2026-06-06T07:00:00+07:00,sat,am,96.26782299780588,24.888950313253197,680,146,5.866056951476013,ok,,google
5397556674_6715130341_0,5397556674,6715130341,0,sat_17,2026-06-06T17:00:00+07:00,2026-06-06T17:00:00+07:00,sat,pm,96.26782299780588,24.888950313253197,680,211,8.47765764905095,ok,,google
5397556674_6715130341_0,5397556674,6715130341,0,sun_01,2026-06-07T01:00:00+07:00,2026-06-07T01:00:00+07:00,sun,night,96.26782299780588,24.888950313253197,680,142,5.705343062394478,ok,,google
5397556674_6715130341_0,5397556674,6715130341,0,sun_07,2026-06-07T07:00:00+07:00,2026-06-07T07:00:00+07:00,sun,am,96.26782299780588,24.888950313253197,680,156,6.2678416741798495,ok,,google
5397556674_6715130341_0,5397556674,6715130341,0,sun_17,2026-06-07T17:00:00+07:00,2026-06-07T17:00:00+07:00,sun,pm,96.26782299780588,24.888950313253197,680,204,8.196408343158264,ok,,google
6642480047_6642480083_0,6642480047,6642480083,0,mon_01,2026-06-01T01:00:00+07:00,2026-06-08T01:00:00+07:00,mon,night,95.13087967917495,24.595006554215086,18,8,0.32526927701220565,ok,,google
6642480047_6642480083_0,6642480047,6642480083,0,mon_07,2026-06-01T07:00:00+07:00,2026-06-01T07:00:00+07:00,mon,am,95.13087967917495,24.595006554215086,18,8,0.32526927701220565,ok,,google
6642480047_6642480083_0,6642480047,6642480083,0,mon_17,2026-06-01T17:00:00+07:00,2026-06-01T17:00:00+07:00,mon,pm,95.13087967917495,24.595006554215086,18,8,0.32526927701220565,ok,,google
6642480047_6642480083_0,6642480047,6642480083,0,tue_01,2026-06-02T01:00:00+07:00,2026-06-02T01:00:00+07:00,tue,night,95.13087967917495,24.595006554215086,18,8,0.32526927701220565,ok,,google
6642480047_6642480083_0,6642480047,6642480083,0,tue_07,2026-06-02T07:00:00+07:00,2026-06-02T07:00:00+07:00,tue,am,95.13087967917495,24.595006554215086,18,8,0.32526927701220565,ok,,google
6642480047_6642480083_0,6642480047,6642480083,0,tue_17,2026-06-02T17:00:00+07:00,2026-06-02T17:00:00+07:00,tue,pm,95.13087967917495,24.595006554215086,18,8,0.32526927701220565,ok,,google
6642480047_6642480083_0,6642480047,6642480083,0,wed_01,2026-06-03T01:00:00+07:00,2026-06-03T01:00:00+07:00,wed,night,95.13087967917495,24.595006554215086,18,8,0.32526927701220565,ok,,google
6642480047_6642480083_0,6642480047,6642480083,0,wed_07,2026-06-03T07:00:00+07:00,2026-06-03T07:00:00+07:00,wed,am,95.13087967917495,24.595006554215086,18,8,0.32526927701220565,ok,,google
6642480047_6642480083_0,6642480047,6642480083,0,wed_17,2026-06-03T17:00:00+07:00,2026-06-03T17:00:00+07:00,wed,pm,95.13087967917495,24.595006554215086,18,8,0.32526927701220565,ok,,google
6642480047_6642480083_0,6642480047,6642480083,0,thu_01,2026-06-04T01:00:00+07:00,2026-06-04T01:00:00+07:00,thu,night,95.13087967917495,24.595006554215086,18,8,0.32526927701220565,ok,,google
6642480047_6642480083_0,6642480047,6642480083,0,thu_07,2026-06-04T07:00:00+07:00,2026-06-04T07:00:00+07:00,thu,am,95.13087967917495,24.595006554215086,18,8,0.32526927701220565,ok,,google
6642480047_6642480083_0,6642480047,6642480083,0,thu_17,2026-06-04T17:00:00+07:00,2026-06-04T17:00:00+07:00,thu,pm,95.13087967917495,24.595006554215086,18,8,0.32526927701220565,ok,,google
6642480047_6642480083_0,6642480047,6642480083,0,fri_01,2026-06-05T01:00:00+07:00,2026-06-05T01:00:00+07:00,fri,night,95.13087967917495,24.595006554215086,18,8,0.32526927701220565,ok,,google
6642480047_6642480083_0,6642480047,6642480083,0,fri_07,2026-06-05T07:00:00+07:00,2026-06-05T07:00:00+07:00,fri,am,95.13087967917495,24.595006554215086,18,8,0.32526927701220565,ok,,google
6642480047_6642480083_0,6642480047,6642480083,0,fri_17,2026-06-05T17:00:00+07:00,2026-06-05T17:00:00+07:00,fri,pm,95.13087967917495,24.595006554215086,18,8,0.32526927701220565,ok,,google
6642480047_6642480083_0,6642480047,6642480083,0,sat_01,2026-06-06T01:00:00+07:00,2026-06-06T01:00:00+07:00,sat,night,95.13087967917495,24.595006554215086,18,8,0.32526927701220565,ok,,google
6642480047_6642480083_0,6642480047,6642480083,0,sat_07,2026-06-06T07:00:00+07:00,2026-06-06T07:00:00+07:00,sat,am,95.13087967917495,24.595006554215086,18,8,0.32526927701220565,ok,,google
6642480047_6642480083_0,6642480047,6642480083,0,sat_17,2026-06-06T17:00:00+07:00,2026-06-06T17:00:00+07:00,sat,pm,95.13087967917495,24.595006554215086,18,8,0.32526927701220565,ok,,google
6642480047_6642480083_0,6642480047,6642480083,0,sun_01,2026-06-07T01:00:00+07:00,2026-06-07T01:00:00+07:00,sun,night,95.13087967917495,24.595006554215086,18,8,0.32526927701220565,ok,,google
6642480047_6642480083_0,6642480047,6642480083,0,sun_07,2026-06-07T07:00:00+07:00,2026-06-07T07:00:00+07:00,sun,am,95.13087967917495,24.595006554215086,18,8,0.32526927701220565,ok,,google
6642480047_6642480083_0,6642480047,6642480083,0,sun_17,2026-06-07T17:00:00+07:00,2026-06-07T17:00:00+07:00,sun,pm,95.13087967917495,24.595006554215086,18,8,0.32526927701220565,ok,,google
7698386167_3274792795_0,7698386167,3274792795,0,mon_01,2026-06-01T01:00:00+07:00,2026-06-08T01:00:00+07:00,mon,night,52.660246916692195,13.614707678837497,54,19,1.395549610626846,ok,,google
7698386167_3274792795_0,7698386167,3274792795,0,mon_07,2026-06-01T07:00:00+07:00,2026-06-01T07:00:00+07:00,mon,am,52.660246916692195,13.614707678837497,54,19,1.395549610626846,ok,,google
7698386167_3274792795_0,7698386167,3274792795,0,mon_17,2026-06-01T17:00:00+07:00,2026-06-01T17:00:00+07:00,mon,pm,52.660246916692195,13.614707678837497,54,19,1.395549610626846,ok,,google
7698386167_3274792795_0,7698386167,3274792795,0,tue_01,2026-06-02T01:00:00+07:00,2026-06-02T01:00:00+07:00,tue,night,52.660246916692195,13.614707678837497,54,19,1.395549610626846,ok,,google
7698386167_3274792795_0,7698386167,3274792795,0,tue_07,2026-06-02T07:00:00+07:00,2026-06-02T07:00:00+07:00,tue,am,52.660246916692195,13.614707678837497,54,19,1.395549610626846,ok,,google
7698386167_3274792795_0,7698386167,3274792795,0,tue_17,2026-06-02T17:00:00+07:00,2026-06-02T17:00:00+07:00,tue,pm,52.660246916692195,13.614707678837497,54,19,1.395549610626846,ok,,google
7698386167_3274792795_0,7698386167,3274792795,0,wed_01,2026-06-03T01:00:00+07:00,2026-06-03T01:00:00+07:00,wed,night,52.660246916692195,13.614707678837497,54,19,1.395549610626846,ok,,google
7698386167_3274792795_0,7698386167,3274792795,0,wed_07,2026-06-03T07:00:00+07:00,2026-06-03T07:00:00+07:00,wed,am,52.660246916692195,13.614707678837497,54,19,1.395549610626846,ok,,google
7698386167_3274792795_0,7698386167,3274792795,0,wed_17,2026-06-03T17:00:00+07:00,2026-06-03T17:00:00+07:00,wed,pm,52.660246916692195,13.614707678837497,54,19,1.395549610626846,ok,,google
7698386167_3274792795_0,7698386167,3274792795,0,thu_01,2026-06-04T01:00:00+07:00,2026-06-04T01:00:00+07:00,thu,night,52.660246916692195,13.614707678837497,54,19,1.395549610626846,ok,,google
7698386167_3274792795_0,7698386167,3274792795,0,thu_07,2026-06-04T07:00:00+07:00,2026-06-04T07:00:00+07:00,thu,am,52.660246916692195,13.614707678837497,54,19,1.395549610626846,ok,,google
7698386167_3274792795_0,7698386167,3274792795,0,thu_17,2026-06-04T17:00:00+07:00,2026-06-04T17:00:00+07:00,thu,pm,52.660246916692195,13.614707678837497,54,19,1.395549610626846,ok,,google
7698386167_3274792795_0,7698386167,3274792795,0,fri_01,2026-06-05T01:00:00+07:00,2026-06-05T01:00:00+07:00,fri,night,52.660246916692195,13.614707678837497,54,19,1.395549610626846,ok,,google
7698386167_3274792795_0,7698386167,3274792795,0,fri_07,2026-06-05T07:00:00+07:00,2026-06-05T07:00:00+07:00,fri,am,52.660246916692195,13.614707678837497,54,19,1.395549610626846,ok,,google
7698386167_3274792795_0,7698386167,3274792795,0,fri_17,2026-06-05T17:00:00+07:00,2026-06-05T17:00:00+07:00,fri,pm,52.660246916692195,13.614707678837497,54,19,1.395549610626846,ok,,google
7698386167_3274792795_0,7698386167,3274792795,0,sat_01,2026-06-06T01:00:00+07:00,2026-06-06T01:00:00+07:00,sat,night,52.660246916692195,13.614707678837497,54,19,1.395549610626846,ok,,google
7698386167_3274792795_0,7698386167,3274792795,0,sat_07,2026-06-06T07:00:00+07:00,2026-06-06T07:00:00+07:00,sat,am,52.660246916692195,13.614707678837497,54,19,1.395549610626846,ok,,google
7698386167_3274792795_0,7698386167,3274792795,0,sat_17,2026-06-06T17:00:00+07:00,2026-06-06T17:00:00+07:00,sat,pm,52.660246916692195,13.614707678837497,54,19,1.395549610626846,ok,,google
7698386167_3274792795_0,7698386167,3274792795,0,sun_01,2026-06-07T01:00:00+07:00,2026-06-07T01:00:00+07:00,sun,night,52.660246916692195,13.614707678837497,54,19,1.395549610626846,ok,,google
7698386167_3274792795_0,7698386167,3274792795,0,sun_07,2026-06-07T07:00:00+07:00,2026-06-07T07:00:00+07:00,sun,am,52.660246916692195,13.614707678837497,54,19,1.395549610626846,ok,,google
7698386167_3274792795_0,7698386167,3274792795,0,sun_17,2026-06-07T17:00:00+07:00,2026-06-07T17:00:00+07:00,sun,pm,52.660246916692195,13.614707678837497,54,19,1.395549610626846,ok,,google
3115073831_5488117483_0,3115073831,5488117483,0,mon_01,2026-06-01T01:00:00+07:00,2026-06-08T01:00:00+07:00,mon,night,64.72819931582602,16.734739464033183,65,26,1.553654304321857,ok,,google
3115073831_5488117483_0,3115073831,5488117483,0,mon_07,2026-06-01T07:00:00+07:00,2026-06-01T07:00:00+07:00,mon,am,64.72819931582602,16.734739464033183,65,26,1.553654304321857,ok,,google
3115073831_5488117483_0,3115073831,5488117483,0,mon_17,2026-06-01T17:00:00+07:00,2026-06-01T17:00:00+07:00,mon,pm,64.72819931582602,16.734739464033183,65,26,1.553654304321857,ok,,google
3115073831_5488117483_0,3115073831,5488117483,0,tue_01,2026-06-02T01:00:00+07:00,2026-06-02T01:00:00+07:00,tue,night,64.72819931582602,16.734739464033183,65,26,1.553654304321857,ok,,google
3115073831_5488117483_0,3115073831,5488117483,0,tue_07,2026-06-02T07:00:00+07:00,2026-06-02T07:00:00+07:00,tue,am,64.72819931582602,16.734739464033183,65,26,1.553654304321857,ok,,google
3115073831_5488117483_0,3115073831,5488117483,0,tue_17,2026-06-02T17:00:00+07:00,2026-06-02T17:00:00+07:00,tue,pm,64.72819931582602,16.734739464033183,65,26,1.553654304321857,ok,,google
3115073831_5488117483_0,3115073831,5488117483,0,wed_01,2026-06-03T01:00:00+07:00,2026-06-03T01:00:00+07:00,wed,night,64.72819931582602,16.734739464033183,65,26,1.553654304321857,ok,,google
3115073831_5488117483_0,3115073831,5488117483,0,wed_07,2026-06-03T07:00:00+07:00,2026-06-03T07:00:00+07:00,wed,am,64.72819931582602,16.734739464033183,65,26,1.553654304321857,ok,,google
3115073831_5488117483_0,3115073831,5488117483,0,wed_17,2026-06-03T17:00:00+07:00,2026-06-03T17:00:00+07:00,wed,pm,64.72819931582602,16.734739464033183,65,26,1.553654304321857,ok,,google
3115073831_5488117483_0,3115073831,5488117483,0,thu_01,2026-06-04T01:00:00+07:00,2026-06-04T01:00:00+07:00,thu,night,64.72819931582602,16.734739464033183,65,26,1.553654304321857,ok,,google
3115073831_5488117483_0,3115073831,5488117483,0,thu_07,2026-06-04T07:00:00+07:00,2026-06-04T07:00:00+07:00,thu,am,64.72819931582602,16.734739464033183,65,26,1.553654304321857,ok,,google
3115073831_5488117483_0,3115073831,5488117483,0,thu_17,2026-06-04T17:00:00+07:00,2026-06-04T17:00:00+07:00,thu,pm,64.72819931582602,16.734739464033183,65,26,1.553654304321857,ok,,google
3115073831_5488117483_0,3115073831,5488117483,0,fri_01,2026-06-05T01:00:00+07:00,2026-06-05T01:00:00+07:00,fri,night,64.72819931582602,16.734739464033183,65,26,1.553654304321857,ok,,google
3115073831_5488117483_0,3115073831,5488117483,0,fri_07,2026-06-05T07:00:00+07:00,2026-06-05T07:00:00+07:00,fri,am,64.72819931582602,16.734739464033183,65,26,1.553654304321857,ok,,google
3115073831_5488117483_0,3115073831,5488117483,0,fri_17,2026-06-05T17:00:00+07:00,2026-06-05T17:00:00+07:00,fri,pm,64.72819931582602,16.734739464033183,65,26,1.553654304321857,ok,,google
3115073831_5488117483_0,3115073831,5488117483,0,sat_01,2026-06-06T01:00:00+07:00,2026-06-06T01:00:00+07:00,sat,night,64.72819931582602,16.734739464033183,65,26,1.553654304321857,ok,,google
3115073831_5488117483_0,3115073831,5488117483,0,sat_07,2026-06-06T07:00:00+07:00,2026-06-06T07:00:00+07:00,sat,am,64.72819931582602,16.734739464033183,65,26,1.553654304321857,ok,,google
3115073831_5488117483_0,3115073831,5488117483,0,sat_17,2026-06-06T17:00:00+07:00,2026-06-06T17:00:00+07:00,sat,pm,64.72819931582602,16.734739464033183,65,26,1.553654304321857,ok,,google
3115073831_5488117483_0,3115073831,5488117483,0,sun_01,2026-06-07T01:00:00+07:00,2026-06-07T01:00:00+07:00,sun,night,64.72819931582602,16.734739464033183,65,26,1.553654304321857,ok,,google
3115073831_5488117483_0,3115073831,5488117483,0,sun_07,2026-06-07T07:00:00+07:00,2026-06-07T07:00:00+07:00,sun,am,64.72819931582602,16.734739464033183,65,26,1.553654304321857,ok,,google
3115073831_5488117483_0,3115073831,5488117483,0,sun_17,2026-06-07T17:00:00+07:00,2026-06-07T17:00:00+07:00,sun,pm,64.72819931582602,16.734739464033183,65,26,1.553654304321857,ok,,google
6643125651_6643125650_0,6643125651,6643125650,0,mon_01,2026-06-01T01:00:00+07:00,2026-06-08T01:00:00+07:00,mon,night,58.70334974452503,15.177083157331898,8,2,0.13177762678554078,ok,,google
6643125651_6643125650_0,6643125651,6643125650,0,mon_07,2026-06-01T07:00:00+07:00,2026-06-01T07:00:00+07:00,mon,am,58.70334974452503,15.177083157331898,8,2,0.13177762678554078,ok,,google
6643125651_6643125650_0,6643125651,6643125650,0,mon_17,2026-06-01T17:00:00+07:00,2026-06-01T17:00:00+07:00,mon,pm,58.70334974452503,15.177083157331898,8,2,0.13177762678554078,ok,,google
6643125651_6643125650_0,6643125651,6643125650,0,tue_01,2026-06-02T01:00:00+07:00,2026-06-02T01:00:00+07:00,tue,night,58.70334974452503,15.177083157331898,8,2,0.13177762678554078,ok,,google
6643125651_6643125650_0,6643125651,6643125650,0,tue_07,2026-06-02T07:00:00+07:00,2026-06-02T07:00:00+07:00,tue,am,58.70334974452503,15.177083157331898,8,2,0.13177762678554078,ok,,google
6643125651_6643125650_0,6643125651,6643125650,0,tue_17,2026-06-02T17:00:00+07:00,2026-06-02T17:00:00+07:00,tue,pm,58.70334974452503,15.177083157331898,8,2,0.13177762678554078,ok,,google
6643125651_6643125650_0,6643125651,6643125650,0,wed_01,2026-06-03T01:00:00+07:00,2026-06-03T01:00:00+07:00,wed,night,58.70334974452503,15.177083157331898,8,2,0.13177762678554078,ok,,google
6643125651_6643125650_0,6643125651,6643125650,0,wed_07,2026-06-03T07:00:00+07:00,2026-06-03T07:00:00+07:00,wed,am,58.70334974452503,15.177083157331898,8,2,0.13177762678554078,ok,,google
6643125651_6643125650_0,6643125651,6643125650,0,wed_17,2026-06-03T17:00:00+07:00,2026-06-03T17:00:00+07:00,wed,pm,58.70334974452503,15.177083157331898,8,2,0.13177762678554078,ok,,google
6643125651_6643125650_0,6643125651,6643125650,0,thu_01,2026-06-04T01:00:00+07:00,2026-06-04T01:00:00+07:00,thu,night,58.70334974452503,15.177083157331898,8,3,0.1976664401783112,ok,,google
6643125651_6643125650_0,6643125651,6643125650,0,thu_07,2026-06-04T07:00:00+07:00,2026-06-04T07:00:00+07:00,thu,am,58.70334974452503,15.177083157331898,8,2,0.13177762678554078,ok,,google
6643125651_6643125650_0,6643125651,6643125650,0,thu_17,2026-06-04T17:00:00+07:00,2026-06-04T17:00:00+07:00,thu,pm,58.70334974452503,15.177083157331898,8,2,0.13177762678554078,ok,,google
6643125651_6643125650_0,6643125651,6643125650,0,fri_01,2026-06-05T01:00:00+07:00,2026-06-05T01:00:00+07:00,fri,night,58.70334974452503,15.177083157331898,8,2,0.13177762678554078,ok,,google
6643125651_6643125650_0,6643125651,6643125650,0,fri_07,2026-06-05T07:00:00+07:00,2026-06-05T07:00:00+07:00,fri,am,58.70334974452503,15.177083157331898,8,2,0.13177762678554078,ok,,google
6643125651_6643125650_0,6643125651,6643125650,0,fri_17,2026-06-05T17:00:00+07:00,2026-06-05T17:00:00+07:00,fri,pm,58.70334974452503,15.177083157331898,8,2,0.13177762678554078,ok,,google
6643125651_6643125650_0,6643125651,6643125650,0,sat_01,2026-06-06T01:00:00+07:00,2026-06-06T01:00:00+07:00,sat,night,58.70334974452503,15.177083157331898,8,2,0.13177762678554078,ok,,google
6643125651_6643125650_0,6643125651,6643125650,0,sat_07,2026-06-06T07:00:00+07:00,2026-06-06T07:00:00+07:00,sat,am,58.70334974452503,15.177083157331898,8,2,0.13177762678554078,ok,,google
6643125651_6643125650_0,6643125651,6643125650,0,sat_17,2026-06-06T17:00:00+07:00,2026-06-06T17:00:00+07:00,sat,pm,58.70334974452503,15.177083157331898,8,2,0.13177762678554078,ok,,google
6643125651_6643125650_0,6643125651,6643125650,0,sun_01,2026-06-07T01:00:00+07:00,2026-06-07T01:00:00+07:00,sun,night,58.70334974452503,15.177083157331898,8,2,0.13177762678554078,ok,,google
6643125651_6643125650_0,6643125651,6643125650,0,sun_07,2026-06-07T07:00:00+07:00,2026-06-07T07:00:00+07:00,sun,am,58.70334974452503,15.177083157331898,8,3,0.1976664401783112,ok,,google
6643125651_6643125650_0,6643125651,6643125650,0,sun_17,2026-06-07T17:00:00+07:00,2026-06-07T17:00:00+07:00,sun,pm,58.70334974452503,15.177083157331898,8,2,0.13177762678554078,ok,,google
9612008120_9612008121_0,9612008120,9612008121,0,mon_01,2026-06-01T01:00:00+07:00,2026-06-08T01:00:00+07:00,mon,night,68.34615435633349,17.67012057513223,69,15,0.8488906420429307,ok,,google
9612008120_9612008121_0,9612008120,9612008121,0,mon_07,2026-06-01T07:00:00+07:00,2026-06-01T07:00:00+07:00,mon,am,68.34615435633349,17.67012057513223,69,15,0.8488906420429307,ok,,google
9612008120_9612008121_0,9612008120,9612008121,0,mon_17,2026-06-01T17:00:00+07:00,2026-06-01T17:00:00+07:00,mon,pm,68.34615435633349,17.67012057513223,69,15,0.8488906420429307,ok,,google
9612008120_9612008121_0,9612008120,9612008121,0,tue_01,2026-06-02T01:00:00+07:00,2026-06-02T01:00:00+07:00,tue,night,68.34615435633349,17.67012057513223,69,15,0.8488906420429307,ok,,google
9612008120_9612008121_0,9612008120,9612008121,0,tue_07,2026-06-02T07:00:00+07:00,2026-06-02T07:00:00+07:00,tue,am,68.34615435633349,17.67012057513223,69,15,0.8488906420429307,ok,,google
9612008120_9612008121_0,9612008120,9612008121,0,tue_17,2026-06-02T17:00:00+07:00,2026-06-02T17:00:00+07:00,tue,pm,68.34615435633349,17.67012057513223,69,15,0.8488906420429307,ok,,google
9612008120_9612008121_0,9612008120,9612008121,0,wed_01,2026-06-03T01:00:00+07:00,2026-06-03T01:00:00+07:00,wed,night,68.34615435633349,17.67012057513223,69,15,0.8488906420429307,ok,,google
9612008120_9612008121_0,9612008120,9612008121,0,wed_07,2026-06-03T07:00:00+07:00,2026-06-03T07:00:00+07:00,wed,am,68.34615435633349,17.67012057513223,69,15,0.8488906420429307,ok,,google
9612008120_9612008121_0,9612008120,9612008121,0,wed_17,2026-06-03T17:00:00+07:00,2026-06-03T17:00:00+07:00,wed,pm,68.34615435633349,17.67012057513223,69,15,0.8488906420429307,ok,,google
9612008120_9612008121_0,9612008120,9612008121,0,thu_01,2026-06-04T01:00:00+07:00,2026-06-04T01:00:00+07:00,thu,night,68.34615435633349,17.67012057513223,69,15,0.8488906420429307,ok,,google
9612008120_9612008121_0,9612008120,9612008121,0,thu_07,2026-06-04T07:00:00+07:00,2026-06-04T07:00:00+07:00,thu,am,68.34615435633349,17.67012057513223,69,15,0.8488906420429307,ok,,google
9612008120_9612008121_0,9612008120,9612008121,0,thu_17,2026-06-04T17:00:00+07:00,2026-06-04T17:00:00+07:00,thu,pm,68.34615435633349,17.67012057513223,69,15,0.8488906420429307,ok,,google
9612008120_9612008121_0,9612008120,9612008121,0,fri_01,2026-06-05T01:00:00+07:00,2026-06-05T01:00:00+07:00,fri,night,68.34615435633349,17.67012057513223,69,15,0.8488906420429307,ok,,google
9612008120_9612008121_0,9612008120,9612008121,0,fri_07,2026-06-05T07:00:00+07:00,2026-06-05T07:00:00+07:00,fri,am,68.34615435633349,17.67012057513223,69,15,0.8488906420429307,ok,,google
9612008120_9612008121_0,9612008120,9612008121,0,fri_17,2026-06-05T17:00:00+07:00,2026-06-05T17:00:00+07:00,fri,pm,68.34615435633349,17.67012057513223,69,15,0.8488906420429307,ok,,google
9612008120_9612008121_0,9612008120,9612008121,0,sat_01,2026-06-06T01:00:00+07:00,2026-06-06T01:00:00+07:00,sat,night,68.34615435633349,17.67012057513223,69,15,0.8488906420429307,ok,,google
9612008120_9612008121_0,9612008120,9612008121,0,sat_07,2026-06-06T07:00:00+07:00,2026-06-06T07:00:00+07:00,sat,am,68.34615435633349,17.67012057513223,69,15,0.8488906420429307,ok,,google
9612008120_9612008121_0,9612008120,9612008121,0,sat_17,2026-06-06T17:00:00+07:00,2026-06-06T17:00:00+07:00,sat,pm,68.34615435633349,17.67012057513223,69,15,0.8488906420429307,ok,,google
9612008120_9612008121_0,9612008120,9612008121,0,sun_01,2026-06-07T01:00:00+07:00,2026-06-07T01:00:00+07:00,sun,night,68.34615435633349,17.67012057513223,69,15,0.8488906420429307,ok,,google
9612008120_9612008121_0,9612008120,9612008121,0,sun_07,2026-06-07T07:00:00+07:00,2026-06-07T07:00:00+07:00,sun,am,68.34615435633349,17.67012057513223,69,15,0.8488906420429307,ok,,google
9612008120_9612008121_0,9612008120,9612008121,0,sun_17,2026-06-07T17:00:00+07:00,2026-06-07T17:00:00+07:00,sun,pm,68.34615435633349,17.67012057513223,69,15,0.8488906420429307,ok,,google
4191863531_8764024448_0,4191863531,8764024448,0,mon_01,2026-06-01T01:00:00+07:00,2026-06-08T01:00:00+07:00,mon,night,89.17200695535354,23.05440781075362,246,99,4.294189675686309,ok,,google
4191863531_8764024448_0,4191863531,8764024448,0,mon_07,2026-06-01T07:00:00+07:00,2026-06-01T07:00:00+07:00,mon,am,89.17200695535354,23.05440781075362,246,117,5.074951434902002,ok,,google
4191863531_8764024448_0,4191863531,8764024448,0,mon_17,2026-06-01T17:00:00+07:00,2026-06-01T17:00:00+07:00,mon,pm,89.17200695535354,23.05440781075362,246,117,5.074951434902002,ok,,google
4191863531_8764024448_0,4191863531,8764024448,0,tue_01,2026-06-02T01:00:00+07:00,2026-06-02T01:00:00+07:00,tue,night,89.17200695535354,23.05440781075362,246,94,4.077311409237506,ok,,google
4191863531_8764024448_0,4191863531,8764024448,0,tue_07,2026-06-02T07:00:00+07:00,2026-06-02T07:00:00+07:00,tue,am,89.17200695535354,23.05440781075362,246,113,4.901448821742959,ok,,google
4191863531_8764024448_0,4191863531,8764024448,0,tue_17,2026-06-02T17:00:00+07:00,2026-06-02T17:00:00+07:00,tue,pm,89.17200695535354,23.05440781075362,246,117,5.074951434902002,ok,,google
4191863531_8764024448_0,4191863531,8764024448,0,wed_01,2026-06-03T01:00:00+07:00,2026-06-03T01:00:00+07:00,wed,night,89.17200695535354,23.05440781075362,246,99,4.294189675686309,ok,,google
4191863531_8764024448_0,4191863531,8764024448,0,wed_07,2026-06-03T07:00:00+07:00,2026-06-03T07:00:00+07:00,wed,am,89.17200695535354,23.05440781075362,246,115,4.988200128322481,ok,,google
4191863531_8764024448_0,4191863531,8764024448,0,wed_17,2026-06-03T17:00:00+07:00,2026-06-03T17:00:00+07:00,wed,pm,89.17200695535354,23.05440781075362,246,116,5.031575781612241,ok,,google
4191863531_8764024448_0,4191863531,8764024448,0,thu_01,2026-06-04T01:00:00+07:00,2026-06-04T01:00:00+07:00,thu,night,89.17200695535354,23.05440781075362,246,99,4.294189675686309,ok,,google
4191863531_8764024448_0,4191863531,8764024448,0,thu_07,2026-06-04T07:00:00+07:00,2026-06-04T07:00:00+07:00,thu,am,89.17200695535354,23.05440781075362,246,112,4.858073168453198,ok,,google
4191863531_8764024448_0,4191863531,8764024448,0,thu_17,2026-06-04T17:00:00+07:00,2026-06-04T17:00:00+07:00,thu,pm,89.17200695535354,23.05440781075362,246,126,5.465332314509848,ok,,google
4191863531_8764024448_0,4191863531,8764024448,0,fri_01,2026-06-05T01:00:00+07:00,2026-06-05T01:00:00+07:00,fri,night,89.17200695535354,23.05440781075362,246,99,4.294189675686309,ok,,google
4191863531_8764024448_0,4191863531,8764024448,0,fri_07,2026-06-05T07:00:00+07:00,2026-06-05T07:00:00+07:00,fri,am,89.17200695535354,23.05440781075362,246,110,4.771321861873677,ok,,google
4191863531_8764024448_0,4191863531,8764024448,0,fri_17,2026-06-05T17:00:00+07:00,2026-06-05T17:00:00+07:00,fri,pm,89.17200695535354,23.05440781075362,246,115,4.988200128322481,ok,,google
4191863531_8764024448_0,4191863531,8764024448,0,sat_01,2026-06-06T01:00:00+07:00,2026-06-06T01:00:00+07:00,sat,night,89.17200695535354,23.05440781075362,246,100,4.33756532897607,ok,,google
4191863531_8764024448_0,4191863531,8764024448,0,sat_07,2026-06-06T07:00:00+07:00,2026-06-06T07:00:00+07:00,sat,am,89.17200695535354,23.05440781075362,246,104,4.511067942135113,ok,,google
4191863531_8764024448_0,4191863531,8764024448,0,sat_17,2026-06-06T17:00:00+07:00,2026-06-06T17:00:00+07:00,sat,pm,89.17200695535354,23.05440781075362,246,120,5.2050783947712835,ok,,google
4191863531_8764024448_0,4191863531,8764024448,0,sun_01,2026-06-07T01:00:00+07:00,2026-06-07T01:00:00+07:00,sun,night,89.17200695535354,23.05440781075362,246,97,4.207438369106788,ok,,google
4191863531_8764024448_0,4191863531,8764024448,0,sun_07,2026-06-07T07:00:00+07:00,2026-06-07T07:00:00+07:00,sun,am,89.17200695535354,23.05440781075362,246,101,4.38094098226583,ok,,google
4191863531_8764024448_0,4191863531,8764024448,0,sun_17,2026-06-07T17:00:00+07:00,2026-06-07T17:00:00+07:00,sun,pm,89.17200695535354,23.05440781075362,246,111,4.814697515163438,ok,,google
4681200999_4681200998_0,4681200999,4681200998,0,mon_01,2026-06-01T01:00:00+07:00,2026-06-08T01:00:00+07:00,mon,night,103.96401681146844,26.878713657478606,213,56,2.083433036030682,ok,,google
4681200999_4681200998_0,4681200999,4681200998,0,mon_07,2026-06-01T07:00:00+07:00,2026-06-01T07:00:00+07:00,mon,am,103.96401681146844,26.878713657478606,213,53,1.9718205519576095,ok,,google
4681200999_4681200998_0,4681200999,4681200998,0,mon_17,2026-06-01T17:00:00+07:00,2026-06-01T17:00:00+07:00,mon,pm,103.96401681146844,26.878713657478606,213,63,2.343862165534517,ok,,google
4681200999_4681200998_0,4681200999,4681200998,0,tue_01,2026-06-02T01:00:00+07:00,2026-06-02T01:00:00+07:00,tue,night,103.96401681146844,26.878713657478606,213,57,2.120637197388372,ok,,google
4681200999_4681200998_0,4681200999,4681200998,0,tue_07,2026-06-02T07:00:00+07:00,2026-06-02T07:00:00+07:00,tue,am,103.96401681146844,26.878713657478606,213,57,2.120637197388372,ok,,google
4681200999_4681200998_0,4681200999,4681200998,0,tue_17,2026-06-02T17:00:00+07:00,2026-06-02T17:00:00+07:00,tue,pm,103.96401681146844,26.878713657478606,213,61,2.2694538428191353,ok,,google
4681200999_4681200998_0,4681200999,4681200998,0,wed_01,2026-06-03T01:00:00+07:00,2026-06-03T01:00:00+07:00,wed,night,103.96401681146844,26.878713657478606,213,60,2.2322496814614445,ok,,google
4681200999_4681200998_0,4681200999,4681200998,0,wed_07,2026-06-03T07:00:00+07:00,2026-06-03T07:00:00+07:00,wed,am,103.96401681146844,26.878713657478606,213,57,2.120637197388372,ok,,google
4681200999_4681200998_0,4681200999,4681200998,0,wed_17,2026-06-03T17:00:00+07:00,2026-06-03T17:00:00+07:00,wed,pm,103.96401681146844,26.878713657478606,213,62,2.306658004176826,ok,,google
4681200999_4681200998_0,4681200999,4681200998,0,thu_01,2026-06-04T01:00:00+07:00,2026-06-04T01:00:00+07:00,thu,night,103.96401681146844,26.878713657478606,213,60,2.2322496814614445,ok,,google
4681200999_4681200998_0,4681200999,4681200998,0,thu_07,2026-06-04T07:00:00+07:00,2026-06-04T07:00:00+07:00,thu,am,103.96401681146844,26.878713657478606,213,68,2.5298829723229708,ok,,google
4681200999_4681200998_0,4681200999,4681200998,0,thu_17,2026-06-04T17:00:00+07:00,2026-06-04T17:00:00+07:00,thu,pm,103.96401681146844,26.878713657478606,213,61,2.2694538428191353,ok,,google
4681200999_4681200998_0,4681200999,4681200998,0,fri_01,2026-06-05T01:00:00+07:00,2026-06-05T01:00:00+07:00,fri,night,103.96401681146844,26.878713657478606,213,57,2.120637197388372,ok,,google
4681200999_4681200998_0,4681200999,4681200998,0,fri_07,2026-06-05T07:00:00+07:00,2026-06-05T07:00:00+07:00,fri,am,103.96401681146844,26.878713657478606,213,60,2.2322496814614445,ok,,google
4681200999_4681200998_0,4681200999,4681200998,0,fri_17,2026-06-05T17:00:00+07:00,2026-06-05T17:00:00+07:00,fri,pm,103.96401681146844,26.878713657478606,213,63,2.343862165534517,ok,,google
4681200999_4681200998_0,4681200999,4681200998,0,sat_01,2026-06-06T01:00:00+07:00,2026-06-06T01:00:00+07:00,sat,night,103.96401681146844,26.878713657478606,213,56,2.083433036030682,ok,,google
4681200999_4681200998_0,4681200999,4681200998,0,sat_07,2026-06-06T07:00:00+07:00,2026-06-06T07:00:00+07:00,sat,am,103.96401681146844,26.878713657478606,213,59,2.1950455201037538,ok,,google
4681200999_4681200998_0,4681200999,4681200998,0,sat_17,2026-06-06T17:00:00+07:00,2026-06-06T17:00:00+07:00,sat,pm,103.96401681146844,26.878713657478606,213,67,2.49267881096528,ok,,google
4681200999_4681200998_0,4681200999,4681200998,0,sun_01,2026-06-07T01:00:00+07:00,2026-06-07T01:00:00+07:00,sun,night,103.96401681146844,26.878713657478606,213,55,2.046228874672991,ok,,google
4681200999_4681200998_0,4681200999,4681200998,0,sun_07,2026-06-07T07:00:00+07:00,2026-06-07T07:00:00+07:00,sun,am,103.96401681146844,26.878713657478606,213,57,2.120637197388372,ok,,google
4681200999_4681200998_0,4681200999,4681200998,0,sun_17,2026-06-07T17:00:00+07:00,2026-06-07T17:00:00+07:00,sun,pm,103.96401681146844,26.878713657478606,213,63,2.343862165534517,ok,,google
11367186529_8767825379_0,11367186529,8767825379,0,mon_01,2026-06-01T01:00:00+07:00,2026-06-08T01:00:00+07:00,mon,night,66.92718182764949,17.30326137272675,65,16,0.9246811716789448,ok,,google
11367186529_8767825379_0,11367186529,8767825379,0,mon_07,2026-06-01T07:00:00+07:00,2026-06-01T07:00:00+07:00,mon,am,66.92718182764949,17.30326137272675,65,16,0.9246811716789448,ok,,google
11367186529_8767825379_0,11367186529,8767825379,0,mon_17,2026-06-01T17:00:00+07:00,2026-06-01T17:00:00+07:00,mon,pm,66.92718182764949,17.30326137272675,65,16,0.9246811716789448,ok,,google
11367186529_8767825379_0,11367186529,8767825379,0,tue_01,2026-06-02T01:00:00+07:00,2026-06-02T01:00:00+07:00,tue,night,66.92718182764949,17.30326137272675,65,16,0.9246811716789448,ok,,google
11367186529_8767825379_0,11367186529,8767825379,0,tue_07,2026-06-02T07:00:00+07:00,2026-06-02T07:00:00+07:00,tue,am,66.92718182764949,17.30326137272675,65,16,0.9246811716789448,ok,,google
11367186529_8767825379_0,11367186529,8767825379,0,tue_17,2026-06-02T17:00:00+07:00,2026-06-02T17:00:00+07:00,tue,pm,66.92718182764949,17.30326137272675,65,16,0.9246811716789448,ok,,google
11367186529_8767825379_0,11367186529,8767825379,0,wed_01,2026-06-03T01:00:00+07:00,2026-06-03T01:00:00+07:00,wed,night,66.92718182764949,17.30326137272675,65,16,0.9246811716789448,ok,,google
11367186529_8767825379_0,11367186529,8767825379,0,wed_07,2026-06-03T07:00:00+07:00,2026-06-03T07:00:00+07:00,wed,am,66.92718182764949,17.30326137272675,65,16,0.9246811716789448,ok,,google
11367186529_8767825379_0,11367186529,8767825379,0,wed_17,2026-06-03T17:00:00+07:00,2026-06-03T17:00:00+07:00,wed,pm,66.92718182764949,17.30326137272675,65,16,0.9246811716789448,ok,,google
11367186529_8767825379_0,11367186529,8767825379,0,thu_01,2026-06-04T01:00:00+07:00,2026-06-04T01:00:00+07:00,thu,night,66.92718182764949,17.30326137272675,65,16,0.9246811716789448,ok,,google
11367186529_8767825379_0,11367186529,8767825379,0,thu_07,2026-06-04T07:00:00+07:00,2026-06-04T07:00:00+07:00,thu,am,66.92718182764949,17.30326137272675,65,16,0.9246811716789448,ok,,google
11367186529_8767825379_0,11367186529,8767825379,0,thu_17,2026-06-04T17:00:00+07:00,2026-06-04T17:00:00+07:00,thu,pm,66.92718182764949,17.30326137272675,65,16,0.9246811716789448,ok,,google
11367186529_8767825379_0,11367186529,8767825379,0,fri_01,2026-06-05T01:00:00+07:00,2026-06-05T01:00:00+07:00,fri,night,66.92718182764949,17.30326137272675,65,16,0.9246811716789448,ok,,google
11367186529_8767825379_0,11367186529,8767825379,0,fri_07,2026-06-05T07:00:00+07:00,2026-06-05T07:00:00+07:00,fri,am,66.92718182764949,17.30326137272675,65,16,0.9246811716789448,ok,,google
11367186529_8767825379_0,11367186529,8767825379,0,fri_17,2026-06-05T17:00:00+07:00,2026-06-05T17:00:00+07:00,fri,pm,66.92718182764949,17.30326137272675,65,16,0.9246811716789448,ok,,google
11367186529_8767825379_0,11367186529,8767825379,0,sat_01,2026-06-06T01:00:00+07:00,2026-06-06T01:00:00+07:00,sat,night,66.92718182764949,17.30326137272675,65,16,0.9246811716789448,ok,,google
11367186529_8767825379_0,11367186529,8767825379,0,sat_07,2026-06-06T07:00:00+07:00,2026-06-06T07:00:00+07:00,sat,am,66.92718182764949,17.30326137272675,65,16,0.9246811716789448,ok,,google
11367186529_8767825379_0,11367186529,8767825379,0,sat_17,2026-06-06T17:00:00+07:00,2026-06-06T17:00:00+07:00,sat,pm,66.92718182764949,17.30326137272675,65,16,0.9246811716789448,ok,,google
11367186529_8767825379_0,11367186529,8767825379,0,sun_01,2026-06-07T01:00:00+07:00,2026-06-07T01:00:00+07:00,sun,night,66.92718182764949,17.30326137272675,65,16,0.9246811716789448,ok,,google
11367186529_8767825379_0,11367186529,8767825379,0,sun_07,2026-06-07T07:00:00+07:00,2026-06-07T07:00:00+07:00,sun,am,66.92718182764949,17.30326137272675,65,16,0.9246811716789448,ok,,google
11367186529_8767825379_0,11367186529,8767825379,0,sun_17,2026-06-07T17:00:00+07:00,2026-06-07T17:00:00+07:00,sun,pm,66.92718182764949,17.30326137272675,65,16,0.9246811716789448,ok,,google
5455605140_5455605143_0,5455605140,5455605143,0,mon_01,2026-06-01T01:00:00+07:00,2026-06-08T01:00:00+07:00,mon,night,91.99405523590272,23.784016284789548,750,200,8.409008705897364,ok,,google
5455605140_5455605143_0,5455605140,5455605143,0,mon_07,2026-06-01T07:00:00+07:00,2026-06-01T07:00:00+07:00,mon,am,91.99405523590272,23.784016284789548,750,230,9.67036001178197,ok,,google
5455605140_5455605143_0,5455605140,5455605143,0,mon_17,2026-06-01T17:00:00+07:00,2026-06-01T17:00:00+07:00,mon,pm,91.99405523590272,23.784016284789548,750,250,10.511260882371706,ok,,google
5455605140_5455605143_0,5455605140,5455605143,0,tue_01,2026-06-02T01:00:00+07:00,2026-06-02T01:00:00+07:00,tue,night,91.99405523590272,23.784016284789548,750,203,8.535143836485824,ok,,google
5455605140_5455605143_0,5455605140,5455605143,0,tue_07,2026-06-02T07:00:00+07:00,2026-06-02T07:00:00+07:00,tue,am,91.99405523590272,23.784016284789548,750,234,9.838540185899916,ok,,google
5455605140_5455605143_0,5455605140,5455605143,0,tue_17,2026-06-02T17:00:00+07:00,2026-06-02T17:00:00+07:00,tue,pm,91.99405523590272,23.784016284789548,750,265,11.141936535314008,ok,,google
5455605140_5455605143_0,5455605140,5455605143,0,wed_01,2026-06-03T01:00:00+07:00,2026-06-03T01:00:00+07:00,wed,night,91.99405523590272,23.784016284789548,750,204,8.577188880015312,ok,,google
5455605140_5455605143_0,5455605140,5455605143,0,wed_07,2026-06-03T07:00:00+07:00,2026-06-03T07:00:00+07:00,wed,am,91.99405523590272,23.784016284789548,750,226,9.502179837664022,ok,,google
5455605140_5455605143_0,5455605140,5455605143,0,wed_17,2026-06-03T17:00:00+07:00,2026-06-03T17:00:00+07:00,wed,pm,91.99405523590272,23.784016284789548,750,268,11.268071665902468,ok,,google
5455605140_5455605143_0,5455605140,5455605143,0,thu_01,2026-06-04T01:00:00+07:00,2026-06-04T01:00:00+07:00,thu,night,91.99405523590272,23.784016284789548,750,203,8.535143836485824,ok,,google
5455605140_5455605143_0,5455605140,5455605143,0,thu_07,2026-06-04T07:00:00+07:00,2026-06-04T07:00:00+07:00,thu,am,91.99405523590272,23.784016284789548,750,238,10.006720360017864,ok,,google
5455605140_5455605143_0,5455605140,5455605143,0,thu_17,2026-06-04T17:00:00+07:00,2026-06-04T17:00:00+07:00,thu,pm,91.99405523590272,23.784016284789548,750,278,11.688522101197337,ok,,google
5455605140_5455605143_0,5455605140,5455605143,0,fri_01,2026-06-05T01:00:00+07:00,2026-06-05T01:00:00+07:00,fri,night,91.99405523590272,23.784016284789548,750,210,8.829459141192233,ok,,google
5455605140_5455605143_0,5455605140,5455605143,0,fri_07,2026-06-05T07:00:00+07:00,2026-06-05T07:00:00+07:00,fri,am,91.99405523590272,23.784016284789548,750,248,10.427170795312731,ok,,google
5455605140_5455605143_0,5455605140,5455605143,0,fri_17,2026-06-05T17:00:00+07:00,2026-06-05T17:00:00+07:00,fri,pm,91.99405523590272,23.784016284789548,750,254,10.679441056489653,ok,,google
5455605140_5455605143_0,5455605140,5455605143,0,sat_01,2026-06-06T01:00:00+07:00,2026-06-06T01:00:00+07:00,sat,night,91.99405523590272,23.784016284789548,750,205,8.6192339235448,ok,,google
5455605140_5455605143_0,5455605140,5455605143,0,sat_07,2026-06-06T07:00:00+07:00,2026-06-06T07:00:00+07:00,sat,am,91.99405523590272,23.784016284789548,750,204,8.577188880015312,ok,,google
5455605140_5455605143_0,5455605140,5455605143,0,sat_17,2026-06-06T17:00:00+07:00,2026-06-06T17:00:00+07:00,sat,pm,91.99405523590272,23.784016284789548,750,247,10.385125751783246,ok,,google
5455605140_5455605143_0,5455605140,5455605143,0,sun_01,2026-06-07T01:00:00+07:00,2026-06-07T01:00:00+07:00,sun,night,91.99405523590272,23.784016284789548,750,208,8.74536905413326,ok,,google
5455605140_5455605143_0,5455605140,5455605143,0,sun_07,2026-06-07T07:00:00+07:00,2026-06-07T07:00:00+07:00,sun,am,91.99405523590272,23.784016284789548,750,209,8.787414097662746,ok,,google
5455605140_5455605143_0,5455605140,5455605143,0,sun_17,2026-06-07T17:00:00+07:00,2026-06-07T17:00:00+07:00,sun,pm,91.99405523590272,23.784016284789548,750,253,10.637396012960167,ok,,google
5461005959_5461005961_0,5461005959,5461005961,0,mon_01,2026-06-01T01:00:00+07:00,2026-06-08T01:00:00+07:00,mon,night,73.0453325795614,18.88503963810623,69,23,1.2178952462239265,ok,,google
5461005959_5461005961_0,5461005959,5461005961,0,mon_07,2026-06-01T07:00:00+07:00,2026-06-01T07:00:00+07:00,mon,am,73.0453325795614,18.88503963810623,69,23,1.2178952462239265,ok,,google
5461005959_5461005961_0,5461005959,5461005961,0,mon_17,2026-06-01T17:00:00+07:00,2026-06-01T17:00:00+07:00,mon,pm,73.0453325795614,18.88503963810623,69,23,1.2178952462239265,ok,,google
5461005959_5461005961_0,5461005959,5461005961,0,tue_01,2026-06-02T01:00:00+07:00,2026-06-02T01:00:00+07:00,tue,night,73.0453325795614,18.88503963810623,69,23,1.2178952462239265,ok,,google
5461005959_5461005961_0,5461005959,5461005961,0,tue_07,2026-06-02T07:00:00+07:00,2026-06-02T07:00:00+07:00,tue,am,73.0453325795614,18.88503963810623,69,23,1.2178952462239265,ok,,google
5461005959_5461005961_0,5461005959,5461005961,0,tue_17,2026-06-02T17:00:00+07:00,2026-06-02T17:00:00+07:00,tue,pm,73.0453325795614,18.88503963810623,69,23,1.2178952462239265,ok,,google
5461005959_5461005961_0,5461005959,5461005961,0,wed_01,2026-06-03T01:00:00+07:00,2026-06-03T01:00:00+07:00,wed,night,73.0453325795614,18.88503963810623,69,23,1.2178952462239265,ok,,google
5461005959_5461005961_0,5461005959,5461005961,0,wed_07,2026-06-03T07:00:00+07:00,2026-06-03T07:00:00+07:00,wed,am,73.0453325795614,18.88503963810623,69,23,1.2178952462239265,ok,,google
5461005959_5461005961_0,5461005959,5461005961,0,wed_17,2026-06-03T17:00:00+07:00,2026-06-03T17:00:00+07:00,wed,pm,73.0453325795614,18.88503963810623,69,23,1.2178952462239265,ok,,google
5461005959_5461005961_0,5461005959,5461005961,0,thu_01,2026-06-04T01:00:00+07:00,2026-06-04T01:00:00+07:00,thu,night,73.0453325795614,18.88503963810623,69,23,1.2178952462239265,ok,,google
5461005959_5461005961_0,5461005959,5461005961,0,thu_07,2026-06-04T07:00:00+07:00,2026-06-04T07:00:00+07:00,thu,am,73.0453325795614,18.88503963810623,69,23,1.2178952462239265,ok,,google
5461005959_5461005961_0,5461005959,5461005961,0,thu_17,2026-06-04T17:00:00+07:00,2026-06-04T17:00:00+07:00,thu,pm,73.0453325795614,18.88503963810623,69,23,1.2178952462239265,ok,,google
5461005959_5461005961_0,5461005959,5461005961,0,fri_01,2026-06-05T01:00:00+07:00,2026-06-05T01:00:00+07:00,fri,night,73.0453325795614,18.88503963810623,69,23,1.2178952462239265,ok,,google
5461005959_5461005961_0,5461005959,5461005961,0,fri_07,2026-06-05T07:00:00+07:00,2026-06-05T07:00:00+07:00,fri,am,73.0453325795614,18.88503963810623,69,23,1.2178952462239265,ok,,google
5461005959_5461005961_0,5461005959,5461005961,0,fri_17,2026-06-05T17:00:00+07:00,2026-06-05T17:00:00+07:00,fri,pm,73.0453325795614,18.88503963810623,69,23,1.2178952462239265,ok,,google
5461005959_5461005961_0,5461005959,5461005961,0,sat_01,2026-06-06T01:00:00+07:00,2026-06-06T01:00:00+07:00,sat,night,73.0453325795614,18.88503963810623,69,23,1.2178952462239265,ok,,google
5461005959_5461005961_0,5461005959,5461005961,0,sat_07,2026-06-06T07:00:00+07:00,2026-06-06T07:00:00+07:00,sat,am,73.0453325795614,18.88503963810623,69,23,1.2178952462239265,ok,,google
5461005959_5461005961_0,5461005959,5461005961,0,sat_17,2026-06-06T17:00:00+07:00,2026-06-06T17:00:00+07:00,sat,pm,73.0453325795614,18.88503963810623,69,23,1.2178952462239265,ok,,google
5461005959_5461005961_0,5461005959,5461005961,0,sun_01,2026-06-07T01:00:00+07:00,2026-06-07T01:00:00+07:00,sun,night,73.0453325795614,18.88503963810623,69,23,1.2178952462239265,ok,,google
5461005959_5461005961_0,5461005959,5461005961,0,sun_07,2026-06-07T07:00:00+07:00,2026-06-07T07:00:00+07:00,sun,am,73.0453325795614,18.88503963810623,69,23,1.2178952462239265,ok,,google
5461005959_5461005961_0,5461005959,5461005961,0,sun_17,2026-06-07T17:00:00+07:00,2026-06-07T17:00:00+07:00,sun,pm,73.0453325795614,18.88503963810623,69,23,1.2178952462239265,ok,,google
4116903622_6377275591_0,4116903622,6377275591,0,mon_01,2026-06-01T01:00:00+07:00,2026-06-08T01:00:00+07:00,mon,night,169.41106640702984,43.799303682351926,254,65,1.4840418576378072,ok,,google
4116903622_6377275591_0,4116903622,6377275591,0,mon_07,2026-06-01T07:00:00+07:00,2026-06-01T07:00:00+07:00,mon,am,169.41106640702984,43.799303682351926,254,68,1.5525360972210906,ok,,google
4116903622_6377275591_0,4116903622,6377275591,0,mon_17,2026-06-01T17:00:00+07:00,2026-06-01T17:00:00+07:00,mon,pm,169.41106640702984,43.799303682351926,254,69,1.5753675104155183,ok,,google
4116903622_6377275591_0,4116903622,6377275591,0,tue_01,2026-06-02T01:00:00+07:00,2026-06-02T01:00:00+07:00,tue,night,169.41106640702984,43.799303682351926,254,65,1.4840418576378072,ok,,google
4116903622_6377275591_0,4116903622,6377275591,0,tue_07,2026-06-02T07:00:00+07:00,2026-06-02T07:00:00+07:00,tue,am,169.41106640702984,43.799303682351926,254,68,1.5525360972210906,ok,,google
4116903622_6377275591_0,4116903622,6377275591,0,tue_17,2026-06-02T17:00:00+07:00,2026-06-02T17:00:00+07:00,tue,pm,169.41106640702984,43.799303682351926,254,69,1.5753675104155183,ok,,google
4116903622_6377275591_0,4116903622,6377275591,0,wed_01,2026-06-03T01:00:00+07:00,2026-06-03T01:00:00+07:00,wed,night,169.41106640702984,43.799303682351926,254,68,1.5525360972210906,ok,,google
4116903622_6377275591_0,4116903622,6377275591,0,wed_07,2026-06-03T07:00:00+07:00,2026-06-03T07:00:00+07:00,wed,am,169.41106640702984,43.799303682351926,254,66,1.506873270832235,ok,,google
4116903622_6377275591_0,4116903622,6377275591,0,wed_17,2026-06-03T17:00:00+07:00,2026-06-03T17:00:00+07:00,wed,pm,169.41106640702984,43.799303682351926,254,68,1.5525360972210906,ok,,google
4116903622_6377275591_0,4116903622,6377275591,0,thu_01,2026-06-04T01:00:00+07:00,2026-06-04T01:00:00+07:00,thu,night,169.41106640702984,43.799303682351926,254,66,1.506873270832235,ok,,google
4116903622_6377275591_0,4116903622,6377275591,0,thu_07,2026-06-04T07:00:00+07:00,2026-06-04T07:00:00+07:00,thu,am,169.41106640702984,43.799303682351926,254,65,1.4840418576378072,ok,,google
4116903622_6377275591_0,4116903622,6377275591,0,thu_17,2026-06-04T17:00:00+07:00,2026-06-04T17:00:00+07:00,thu,pm,169.41106640702984,43.799303682351926,254,70,1.598198923609946,ok,,google
4116903622_6377275591_0,4116903622,6377275591,0,fri_01,2026-06-05T01:00:00+07:00,2026-06-05T01:00:00+07:00,fri,night,169.41106640702984,43.799303682351926,254,66,1.506873270832235,ok,,google
4116903622_6377275591_0,4116903622,6377275591,0,fri_07,2026-06-05T07:00:00+07:00,2026-06-05T07:00:00+07:00,fri,am,169.41106640702984,43.799303682351926,254,67,1.5297046840266628,ok,,google
4116903622_6377275591_0,4116903622,6377275591,0,fri_17,2026-06-05T17:00:00+07:00,2026-06-05T17:00:00+07:00,fri,pm,169.41106640702984,43.799303682351926,254,69,1.5753675104155183,ok,,google
4116903622_6377275591_0,4116903622,6377275591,0,sat_01,2026-06-06T01:00:00+07:00,2026-06-06T01:00:00+07:00,sat,night,169.41106640702984,43.799303682351926,254,66,1.506873270832235,ok,,google
4116903622_6377275591_0,4116903622,6377275591,0,sat_07,2026-06-06T07:00:00+07:00,2026-06-06T07:00:00+07:00,sat,am,169.41106640702984,43.799303682351926,254,66,1.506873270832235,ok,,google
4116903622_6377275591_0,4116903622,6377275591,0,sat_17,2026-06-06T17:00:00+07:00,2026-06-06T17:00:00+07:00,sat,pm,169.41106640702984,43.799303682351926,254,69,1.5753675104155183,ok,,google
4116903622_6377275591_0,4116903622,6377275591,0,sun_01,2026-06-07T01:00:00+07:00,2026-06-07T01:00:00+07:00,sun,night,169.41106640702984,43.799303682351926,254,65,1.4840418576378072,ok,,google
4116903622_6377275591_0,4116903622,6377275591,0,sun_07,2026-06-07T07:00:00+07:00,2026-06-07T07:00:00+07:00,sun,am,169.41106640702984,43.799303682351926,254,72,1.6438617499988017,ok,,google
4116903622_6377275591_0,4116903622,6377275591,0,sun_17,2026-06-07T17:00:00+07:00,2026-06-07T17:00:00+07:00,sun,pm,169.41106640702984,43.799303682351926,254,70,1.598198923609946,ok,,google
5460962040_5460962041_0,5460962040,5460962041,0,mon_01,2026-06-01T01:00:00+07:00,2026-06-08T01:00:00+07:00,mon,night,131.32802607736576,33.95336690902083,132,27,0.7952083241802615,ok,,google
5460962040_5460962041_0,5460962040,5460962041,0,mon_07,2026-06-01T07:00:00+07:00,2026-06-01T07:00:00+07:00,mon,am,131.32802607736576,33.95336690902083,132,27,0.7952083241802615,ok,,google
5460962040_5460962041_0,5460962040,5460962041,0,mon_17,2026-06-01T17:00:00+07:00,2026-06-01T17:00:00+07:00,mon,pm,131.32802607736576,33.95336690902083,132,27,0.7952083241802615,ok,,google
5460962040_5460962041_0,5460962040,5460962041,0,tue_01,2026-06-02T01:00:00+07:00,2026-06-02T01:00:00+07:00,tue,night,131.32802607736576,33.95336690902083,132,27,0.7952083241802615,ok,,google
5460962040_5460962041_0,5460962040,5460962041,0,tue_07,2026-06-02T07:00:00+07:00,2026-06-02T07:00:00+07:00,tue,am,131.32802607736576,33.95336690902083,132,27,0.7952083241802615,ok,,google
5460962040_5460962041_0,5460962040,5460962041,0,tue_17,2026-06-02T17:00:00+07:00,2026-06-02T17:00:00+07:00,tue,pm,131.32802607736576,33.95336690902083,132,27,0.7952083241802615,ok,,google
5460962040_5460962041_0,5460962040,5460962041,0,wed_01,2026-06-03T01:00:00+07:00,2026-06-03T01:00:00+07:00,wed,night,131.32802607736576,33.95336690902083,132,27,0.7952083241802615,ok,,google
5460962040_5460962041_0,5460962040,5460962041,0,wed_07,2026-06-03T07:00:00+07:00,2026-06-03T07:00:00+07:00,wed,am,131.32802607736576,33.95336690902083,132,27,0.7952083241802615,ok,,google
5460962040_5460962041_0,5460962040,5460962041,0,wed_17,2026-06-03T17:00:00+07:00,2026-06-03T17:00:00+07:00,wed,pm,131.32802607736576,33.95336690902083,132,27,0.7952083241802615,ok,,google
5460962040_5460962041_0,5460962040,5460962041,0,thu_01,2026-06-04T01:00:00+07:00,2026-06-04T01:00:00+07:00,thu,night,131.32802607736576,33.95336690902083,132,27,0.7952083241802615,ok,,google
5460962040_5460962041_0,5460962040,5460962041,0,thu_07,2026-06-04T07:00:00+07:00,2026-06-04T07:00:00+07:00,thu,am,131.32802607736576,33.95336690902083,132,27,0.7952083241802615,ok,,google
5460962040_5460962041_0,5460962040,5460962041,0,thu_17,2026-06-04T17:00:00+07:00,2026-06-04T17:00:00+07:00,thu,pm,131.32802607736576,33.95336690902083,132,27,0.7952083241802615,ok,,google
5460962040_5460962041_0,5460962040,5460962041,0,fri_01,2026-06-05T01:00:00+07:00,2026-06-05T01:00:00+07:00,fri,night,131.32802607736576,33.95336690902083,132,27,0.7952083241802615,ok,,google
5460962040_5460962041_0,5460962040,5460962041,0,fri_07,2026-06-05T07:00:00+07:00,2026-06-05T07:00:00+07:00,fri,am,131.32802607736576,33.95336690902083,132,27,0.7952083241802615,ok,,google
5460962040_5460962041_0,5460962040,5460962041,0,fri_17,2026-06-05T17:00:00+07:00,2026-06-05T17:00:00+07:00,fri,pm,131.32802607736576,33.95336690902083,132,27,0.7952083241802615,ok,,google
5460962040_5460962041_0,5460962040,5460962041,0,sat_01,2026-06-06T01:00:00+07:00,2026-06-06T01:00:00+07:00,sat,night,131.32802607736576,33.95336690902083,132,27,0.7952083241802615,ok,,google
5460962040_5460962041_0,5460962040,5460962041,0,sat_07,2026-06-06T07:00:00+07:00,2026-06-06T07:00:00+07:00,sat,am,131.32802607736576,33.95336690902083,132,27,0.7952083241802615,ok,,google
5460962040_5460962041_0,5460962040,5460962041,0,sat_17,2026-06-06T17:00:00+07:00,2026-06-06T17:00:00+07:00,sat,pm,131.32802607736576,33.95336690902083,132,27,0.7952083241802615,ok,,google
5460962040_5460962041_0,5460962040,5460962041,0,sun_01,2026-06-07T01:00:00+07:00,2026-06-07T01:00:00+07:00,sun,night,131.32802607736576,33.95336690902083,132,27,0.7952083241802615,ok,,google
5460962040_5460962041_0,5460962040,5460962041,0,sun_07,2026-06-07T07:00:00+07:00,2026-06-07T07:00:00+07:00,sun,am,131.32802607736576,33.95336690902083,132,27,0.7952083241802615,ok,,google
5460962040_5460962041_0,5460962040,5460962041,0,sun_17,2026-06-07T17:00:00+07:00,2026-06-07T17:00:00+07:00,sun,pm,131.32802607736576,33.95336690902083,132,27,0.7952083241802615,ok,,google
2012626624_2012626558_1,2012626624,2012626558,1,mon_01,2026-06-01T01:00:00+07:00,2026-06-08T01:00:00+07:00,mon,night,160.15679283285755,41.40671654367657,100,38,0.9177255086120363,ok,,google
2012626624_2012626558_1,2012626624,2012626558,1,mon_07,2026-06-01T07:00:00+07:00,2026-06-01T07:00:00+07:00,mon,am,160.15679283285755,41.40671654367657,100,21,0.5071640968645463,ok,,google
2012626624_2012626558_1,2012626624,2012626558,1,mon_17,2026-06-01T17:00:00+07:00,2026-06-01T17:00:00+07:00,mon,pm,160.15679283285755,41.40671654367657,100,38,0.9177255086120363,ok,,google
2012626624_2012626558_1,2012626624,2012626558,1,tue_01,2026-06-02T01:00:00+07:00,2026-06-02T01:00:00+07:00,tue,night,160.15679283285755,41.40671654367657,100,38,0.9177255086120363,ok,,google
2012626624_2012626558_1,2012626624,2012626558,1,tue_07,2026-06-02T07:00:00+07:00,2026-06-02T07:00:00+07:00,tue,am,160.15679283285755,41.40671654367657,100,38,0.9177255086120363,ok,,google
2012626624_2012626558_1,2012626624,2012626558,1,tue_17,2026-06-02T17:00:00+07:00,2026-06-02T17:00:00+07:00,tue,pm,160.15679283285755,41.40671654367657,100,38,0.9177255086120363,ok,,google
2012626624_2012626558_1,2012626624,2012626558,1,wed_01,2026-06-03T01:00:00+07:00,2026-06-03T01:00:00+07:00,wed,night,160.15679283285755,41.40671654367657,100,38,0.9177255086120363,ok,,google
2012626624_2012626558_1,2012626624,2012626558,1,wed_07,2026-06-03T07:00:00+07:00,2026-06-03T07:00:00+07:00,wed,am,160.15679283285755,41.40671654367657,100,38,0.9177255086120363,ok,,google
2012626624_2012626558_1,2012626624,2012626558,1,wed_17,2026-06-03T17:00:00+07:00,2026-06-03T17:00:00+07:00,wed,pm,160.15679283285755,41.40671654367657,100,38,0.9177255086120363,ok,,google
2012626624_2012626558_1,2012626624,2012626558,1,thu_01,2026-06-04T01:00:00+07:00,2026-06-04T01:00:00+07:00,thu,night,160.15679283285755,41.40671654367657,100,38,0.9177255086120363,ok,,google
2012626624_2012626558_1,2012626624,2012626558,1,thu_07,2026-06-04T07:00:00+07:00,2026-06-04T07:00:00+07:00,thu,am,160.15679283285755,41.40671654367657,100,38,0.9177255086120363,ok,,google
2012626624_2012626558_1,2012626624,2012626558,1,thu_17,2026-06-04T17:00:00+07:00,2026-06-04T17:00:00+07:00,thu,pm,160.15679283285755,41.40671654367657,100,38,0.9177255086120363,ok,,google
2012626624_2012626558_1,2012626624,2012626558,1,fri_01,2026-06-05T01:00:00+07:00,2026-06-05T01:00:00+07:00,fri,night,160.15679283285755,41.40671654367657,100,38,0.9177255086120363,ok,,google
2012626624_2012626558_1,2012626624,2012626558,1,fri_07,2026-06-05T07:00:00+07:00,2026-06-05T07:00:00+07:00,fri,am,160.15679283285755,41.40671654367657,100,38,0.9177255086120363,ok,,google
2012626624_2012626558_1,2012626624,2012626558,1,fri_17,2026-06-05T17:00:00+07:00,2026-06-05T17:00:00+07:00,fri,pm,160.15679283285755,41.40671654367657,100,38,0.9177255086120363,ok,,google
2012626624_2012626558_1,2012626624,2012626558,1,sat_01,2026-06-06T01:00:00+07:00,2026-06-06T01:00:00+07:00,sat,night,160.15679283285755,41.40671654367657,100,38,0.9177255086120363,ok,,google
2012626624_2012626558_1,2012626624,2012626558,1,sat_07,2026-06-06T07:00:00+07:00,2026-06-06T07:00:00+07:00,sat,am,160.15679283285755,41.40671654367657,100,38,0.9177255086120363,ok,,google
2012626624_2012626558_1,2012626624,2012626558,1,sat_17,2026-06-06T17:00:00+07:00,2026-06-06T17:00:00+07:00,sat,pm,160.15679283285755,41.40671654367657,100,38,0.9177255086120363,ok,,google
2012626624_2012626558_1,2012626624,2012626558,1,sun_01,2026-06-07T01:00:00+07:00,2026-06-07T01:00:00+07:00,sun,night,160.15679283285755,41.40671654367657,100,38,0.9177255086120363,ok,,google
2012626624_2012626558_1,2012626624,2012626558,1,sun_07,2026-06-07T07:00:00+07:00,2026-06-07T07:00:00+07:00,sun,am,160.15679283285755,41.40671654367657,100,38,0.9177255086120363,ok,,google
2012626624_2012626558_1,2012626624,2012626558,1,sun_17,2026-06-07T17:00:00+07:00,2026-06-07T17:00:00+07:00,sun,pm,160.15679283285755,41.40671654367657,100,38,0.9177255086120363,ok,,google
2255977974_2255977984_0,2255977974,2255977984,0,mon_01,2026-06-01T01:00:00+07:00,2026-06-08T01:00:00+07:00,mon,night,113.88660946565534,29.44408709024375,114,31,1.0528429665687207,ok,,google
2255977974_2255977984_0,2255977974,2255977984,0,mon_07,2026-06-01T07:00:00+07:00,2026-06-01T07:00:00+07:00,mon,am,113.88660946565534,29.44408709024375,114,31,1.0528429665687207,ok,,google
2255977974_2255977984_0,2255977974,2255977984,0,mon_17,2026-06-01T17:00:00+07:00,2026-06-01T17:00:00+07:00,mon,pm,113.88660946565534,29.44408709024375,114,31,1.0528429665687207,ok,,google
2255977974_2255977984_0,2255977974,2255977984,0,tue_01,2026-06-02T01:00:00+07:00,2026-06-02T01:00:00+07:00,tue,night,113.88660946565534,29.44408709024375,114,31,1.0528429665687207,ok,,google
2255977974_2255977984_0,2255977974,2255977984,0,tue_07,2026-06-02T07:00:00+07:00,2026-06-02T07:00:00+07:00,tue,am,113.88660946565534,29.44408709024375,114,31,1.0528429665687207,ok,,google
2255977974_2255977984_0,2255977974,2255977984,0,tue_17,2026-06-02T17:00:00+07:00,2026-06-02T17:00:00+07:00,tue,pm,113.88660946565534,29.44408709024375,114,31,1.0528429665687207,ok,,google
2255977974_2255977984_0,2255977974,2255977984,0,wed_01,2026-06-03T01:00:00+07:00,2026-06-03T01:00:00+07:00,wed,night,113.88660946565534,29.44408709024375,114,31,1.0528429665687207,ok,,google
2255977974_2255977984_0,2255977974,2255977984,0,wed_07,2026-06-03T07:00:00+07:00,2026-06-03T07:00:00+07:00,wed,am,113.88660946565534,29.44408709024375,114,31,1.0528429665687207,ok,,google
2255977974_2255977984_0,2255977974,2255977984,0,wed_17,2026-06-03T17:00:00+07:00,2026-06-03T17:00:00+07:00,wed,pm,113.88660946565534,29.44408709024375,114,31,1.0528429665687207,ok,,google
2255977974_2255977984_0,2255977974,2255977984,0,thu_01,2026-06-04T01:00:00+07:00,2026-06-04T01:00:00+07:00,thu,night,113.88660946565534,29.44408709024375,114,31,1.0528429665687207,ok,,google
2255977974_2255977984_0,2255977974,2255977984,0,thu_07,2026-06-04T07:00:00+07:00,2026-06-04T07:00:00+07:00,thu,am,113.88660946565534,29.44408709024375,114,31,1.0528429665687207,ok,,google
2255977974_2255977984_0,2255977974,2255977984,0,thu_17,2026-06-04T17:00:00+07:00,2026-06-04T17:00:00+07:00,thu,pm,113.88660946565534,29.44408709024375,114,31,1.0528429665687207,ok,,google
2255977974_2255977984_0,2255977974,2255977984,0,fri_01,2026-06-05T01:00:00+07:00,2026-06-05T01:00:00+07:00,fri,night,113.88660946565534,29.44408709024375,114,31,1.0528429665687207,ok,,google
2255977974_2255977984_0,2255977974,2255977984,0,fri_07,2026-06-05T07:00:00+07:00,2026-06-05T07:00:00+07:00,fri,am,113.88660946565534,29.44408709024375,114,31,1.0528429665687207,ok,,google
2255977974_2255977984_0,2255977974,2255977984,0,fri_17,2026-06-05T17:00:00+07:00,2026-06-05T17:00:00+07:00,fri,pm,113.88660946565534,29.44408709024375,114,31,1.0528429665687207,ok,,google
2255977974_2255977984_0,2255977974,2255977984,0,sat_01,2026-06-06T01:00:00+07:00,2026-06-06T01:00:00+07:00,sat,night,113.88660946565534,29.44408709024375,114,31,1.0528429665687207,ok,,google
2255977974_2255977984_0,2255977974,2255977984,0,sat_07,2026-06-06T07:00:00+07:00,2026-06-06T07:00:00+07:00,sat,am,113.88660946565534,29.44408709024375,114,31,1.0528429665687207,ok,,google
2255977974_2255977984_0,2255977974,2255977984,0,sat_17,2026-06-06T17:00:00+07:00,2026-06-06T17:00:00+07:00,sat,pm,113.88660946565534,29.44408709024375,114,31,1.0528429665687207,ok,,google
2255977974_2255977984_0,2255977974,2255977984,0,sun_01,2026-06-07T01:00:00+07:00,2026-06-07T01:00:00+07:00,sun,night,113.88660946565534,29.44408709024375,114,31,1.0528429665687207,ok,,google
2255977974_2255977984_0,2255977974,2255977984,0,sun_07,2026-06-07T07:00:00+07:00,2026-06-07T07:00:00+07:00,sun,am,113.88660946565534,29.44408709024375,114,31,1.0528429665687207,ok,,google
2255977974_2255977984_0,2255977974,2255977984,0,sun_17,2026-06-07T17:00:00+07:00,2026-06-07T17:00:00+07:00,sun,pm,113.88660946565534,29.44408709024375,114,31,1.0528429665687207,ok,,google
312086553_312086915_0,312086553,312086915,0,mon_01,2026-06-01T01:00:00+07:00,2026-06-08T01:00:00+07:00,mon,night,123.14502302870682,19.514656280912778,126,36,1.8447673113879788,ok,,google
312086553_312086915_0,312086553,312086915,0,mon_07,2026-06-01T07:00:00+07:00,2026-06-01T07:00:00+07:00,mon,am,123.14502302870682,19.514656280912778,126,36,1.8447673113879788,ok,,google
312086553_312086915_0,312086553,312086915,0,mon_17,2026-06-01T17:00:00+07:00,2026-06-01T17:00:00+07:00,mon,pm,123.14502302870682,19.514656280912778,126,36,1.8447673113879788,ok,,google
312086553_312086915_0,312086553,312086915,0,tue_01,2026-06-02T01:00:00+07:00,2026-06-02T01:00:00+07:00,tue,night,123.14502302870682,19.514656280912778,126,36,1.8447673113879788,ok,,google
312086553_312086915_0,312086553,312086915,0,tue_07,2026-06-02T07:00:00+07:00,2026-06-02T07:00:00+07:00,tue,am,123.14502302870682,19.514656280912778,126,36,1.8447673113879788,ok,,google
312086553_312086915_0,312086553,312086915,0,tue_17,2026-06-02T17:00:00+07:00,2026-06-02T17:00:00+07:00,tue,pm,123.14502302870682,19.514656280912778,126,36,1.8447673113879788,ok,,google
312086553_312086915_0,312086553,312086915,0,wed_01,2026-06-03T01:00:00+07:00,2026-06-03T01:00:00+07:00,wed,night,123.14502302870682,19.514656280912778,126,36,1.8447673113879788,ok,,google
312086553_312086915_0,312086553,312086915,0,wed_07,2026-06-03T07:00:00+07:00,2026-06-03T07:00:00+07:00,wed,am,123.14502302870682,19.514656280912778,126,36,1.8447673113879788,ok,,google
312086553_312086915_0,312086553,312086915,0,wed_17,2026-06-03T17:00:00+07:00,2026-06-03T17:00:00+07:00,wed,pm,123.14502302870682,19.514656280912778,126,36,1.8447673113879788,ok,,google
312086553_312086915_0,312086553,312086915,0,thu_01,2026-06-04T01:00:00+07:00,2026-06-04T01:00:00+07:00,thu,night,123.14502302870682,19.514656280912778,126,36,1.8447673113879788,ok,,google
312086553_312086915_0,312086553,312086915,0,thu_07,2026-06-04T07:00:00+07:00,2026-06-04T07:00:00+07:00,thu,am,123.14502302870682,19.514656280912778,126,36,1.8447673113879788,ok,,google
312086553_312086915_0,312086553,312086915,0,thu_17,2026-06-04T17:00:00+07:00,2026-06-04T17:00:00+07:00,thu,pm,123.14502302870682,19.514656280912778,126,36,1.8447673113879788,ok,,google
312086553_312086915_0,312086553,312086915,0,fri_01,2026-06-05T01:00:00+07:00,2026-06-05T01:00:00+07:00,fri,night,123.14502302870682,19.514656280912778,126,36,1.8447673113879788,ok,,google
312086553_312086915_0,312086553,312086915,0,fri_07,2026-06-05T07:00:00+07:00,2026-06-05T07:00:00+07:00,fri,am,123.14502302870682,19.514656280912778,126,36,1.8447673113879788,ok,,google
312086553_312086915_0,312086553,312086915,0,fri_17,2026-06-05T17:00:00+07:00,2026-06-05T17:00:00+07:00,fri,pm,123.14502302870682,19.514656280912778,126,36,1.8447673113879788,ok,,google
312086553_312086915_0,312086553,312086915,0,sat_01,2026-06-06T01:00:00+07:00,2026-06-06T01:00:00+07:00,sat,night,123.14502302870682,19.514656280912778,126,36,1.8447673113879788,ok,,google
312086553_312086915_0,312086553,312086915,0,sat_07,2026-06-06T07:00:00+07:00,2026-06-06T07:00:00+07:00,sat,am,123.14502302870682,19.514656280912778,126,36,1.8447673113879788,ok,,google
312086553_312086915_0,312086553,312086915,0,sat_17,2026-06-06T17:00:00+07:00,2026-06-06T17:00:00+07:00,sat,pm,123.14502302870682,19.514656280912778,126,36,1.8447673113879788,ok,,google
312086553_312086915_0,312086553,312086915,0,sun_01,2026-06-07T01:00:00+07:00,2026-06-07T01:00:00+07:00,sun,night,123.14502302870682,19.514656280912778,126,36,1.8447673113879788,ok,,google
312086553_312086915_0,312086553,312086915,0,sun_07,2026-06-07T07:00:00+07:00,2026-06-07T07:00:00+07:00,sun,am,123.14502302870682,19.514656280912778,126,36,1.8447673113879788,ok,,google
312086553_312086915_0,312086553,312086915,0,sun_17,2026-06-07T17:00:00+07:00,2026-06-07T17:00:00+07:00,sun,pm,123.14502302870682,19.514656280912778,126,36,1.8447673113879788,ok,,google
5353901181_5353901180_0,5353901181,5353901180,0,mon_01,2026-06-01T01:00:00+07:00,2026-06-08T01:00:00+07:00,mon,night,50.00807602699352,7.924724775186726,55,16,2.0189975619213856,ok,,google
5353901181_5353901180_0,5353901181,5353901180,0,mon_07,2026-06-01T07:00:00+07:00,2026-06-01T07:00:00+07:00,mon,am,50.00807602699352,7.924724775186726,55,17,2.1451849095414723,ok,,google
5353901181_5353901180_0,5353901181,5353901180,0,mon_17,2026-06-01T17:00:00+07:00,2026-06-01T17:00:00+07:00,mon,pm,50.00807602699352,7.924724775186726,55,20,2.523746952401732,ok,,google
5353901181_5353901180_0,5353901181,5353901180,0,tue_01,2026-06-02T01:00:00+07:00,2026-06-02T01:00:00+07:00,tue,night,50.00807602699352,7.924724775186726,55,12,1.5142481714410392,ok,,google
5353901181_5353901180_0,5353901181,5353901180,0,tue_07,2026-06-02T07:00:00+07:00,2026-06-02T07:00:00+07:00,tue,am,50.00807602699352,7.924724775186726,55,13,1.6404355190611257,ok,,google
5353901181_5353901180_0,5353901181,5353901180,0,tue_17,2026-06-02T17:00:00+07:00,2026-06-02T17:00:00+07:00,tue,pm,50.00807602699352,7.924724775186726,55,20,2.523746952401732,ok,,google
5353901181_5353901180_0,5353901181,5353901180,0,wed_01,2026-06-03T01:00:00+07:00,2026-06-03T01:00:00+07:00,wed,night,50.00807602699352,7.924724775186726,55,17,2.1451849095414723,ok,,google
5353901181_5353901180_0,5353901181,5353901180,0,wed_07,2026-06-03T07:00:00+07:00,2026-06-03T07:00:00+07:00,wed,am,50.00807602699352,7.924724775186726,55,18,2.2713722571615587,ok,,google
5353901181_5353901180_0,5353901181,5353901180,0,wed_17,2026-06-03T17:00:00+07:00,2026-06-03T17:00:00+07:00,wed,pm,50.00807602699352,7.924724775186726,55,17,2.1451849095414723,ok,,google
5353901181_5353901180_0,5353901181,5353901180,0,thu_01,2026-06-04T01:00:00+07:00,2026-06-04T01:00:00+07:00,thu,night,50.00807602699352,7.924724775186726,55,17,2.1451849095414723,ok,,google
5353901181_5353901180_0,5353901181,5353901180,0,thu_07,2026-06-04T07:00:00+07:00,2026-06-04T07:00:00+07:00,thu,am,50.00807602699352,7.924724775186726,55,14,1.7666228666812125,ok,,google
5353901181_5353901180_0,5353901181,5353901180,0,thu_17,2026-06-04T17:00:00+07:00,2026-06-04T17:00:00+07:00,thu,pm,50.00807602699352,7.924724775186726,55,18,2.2713722571615587,ok,,google
5353901181_5353901180_0,5353901181,5353901180,0,fri_01,2026-06-05T01:00:00+07:00,2026-06-05T01:00:00+07:00,fri,night,50.00807602699352,7.924724775186726,55,17,2.1451849095414723,ok,,google
5353901181_5353901180_0,5353901181,5353901180,0,fri_07,2026-06-05T07:00:00+07:00,2026-06-05T07:00:00+07:00,fri,am,50.00807602699352,7.924724775186726,55,16,2.0189975619213856,ok,,google
5353901181_5353901180_0,5353901181,5353901180,0,fri_17,2026-06-05T17:00:00+07:00,2026-06-05T17:00:00+07:00,fri,pm,50.00807602699352,7.924724775186726,55,18,2.2713722571615587,ok,,google
5353901181_5353901180_0,5353901181,5353901180,0,sat_01,2026-06-06T01:00:00+07:00,2026-06-06T01:00:00+07:00,sat,night,50.00807602699352,7.924724775186726,55,17,2.1451849095414723,ok,,google
5353901181_5353901180_0,5353901181,5353901180,0,sat_07,2026-06-06T07:00:00+07:00,2026-06-06T07:00:00+07:00,sat,am,50.00807602699352,7.924724775186726,55,18,2.2713722571615587,ok,,google
5353901181_5353901180_0,5353901181,5353901180,0,sat_17,2026-06-06T17:00:00+07:00,2026-06-06T17:00:00+07:00,sat,pm,50.00807602699352,7.924724775186726,55,18,2.2713722571615587,ok,,google
5353901181_5353901180_0,5353901181,5353901180,0,sun_01,2026-06-07T01:00:00+07:00,2026-06-07T01:00:00+07:00,sun,night,50.00807602699352,7.924724775186726,55,17,2.1451849095414723,ok,,google
5353901181_5353901180_0,5353901181,5353901180,0,sun_07,2026-06-07T07:00:00+07:00,2026-06-07T07:00:00+07:00,sun,am,50.00807602699352,7.924724775186726,55,15,1.892810214301299,ok,,google
5353901181_5353901180_0,5353901181,5353901180,0,sun_17,2026-06-07T17:00:00+07:00,2026-06-07T17:00:00+07:00,sun,pm,50.00807602699352,7.924724775186726,55,17,2.1451849095414723,ok,,google
5455744939_2037649892_0,5455744939,2037649892,0,mon_01,2026-06-01T01:00:00+07:00,2026-06-08T01:00:00+07:00,mon,night,171.80214578550402,27.225296978066478,170,33,1.212107990101478,ok,,google
5455744939_2037649892_0,5455744939,2037649892,0,mon_07,2026-06-01T07:00:00+07:00,2026-06-01T07:00:00+07:00,mon,am,171.80214578550402,27.225296978066478,170,35,1.2855690804106585,ok,,google
5455744939_2037649892_0,5455744939,2037649892,0,mon_17,2026-06-01T17:00:00+07:00,2026-06-01T17:00:00+07:00,mon,pm,171.80214578550402,27.225296978066478,170,35,1.2855690804106585,ok,,google
5455744939_2037649892_0,5455744939,2037649892,0,tue_01,2026-06-02T01:00:00+07:00,2026-06-02T01:00:00+07:00,tue,night,171.80214578550402,27.225296978066478,170,27,0.9917247191739366,ok,,google
5455744939_2037649892_0,5455744939,2037649892,0,tue_07,2026-06-02T07:00:00+07:00,2026-06-02T07:00:00+07:00,tue,am,171.80214578550402,27.225296978066478,170,32,1.1753774449468877,ok,,google
5455744939_2037649892_0,5455744939,2037649892,0,tue_17,2026-06-02T17:00:00+07:00,2026-06-02T17:00:00+07:00,tue,pm,171.80214578550402,27.225296978066478,170,44,1.6161439868019707,ok,,google
5455744939_2037649892_0,5455744939,2037649892,0,wed_01,2026-06-03T01:00:00+07:00,2026-06-03T01:00:00+07:00,wed,night,171.80214578550402,27.225296978066478,170,33,1.212107990101478,ok,,google
5455744939_2037649892_0,5455744939,2037649892,0,wed_07,2026-06-03T07:00:00+07:00,2026-06-03T07:00:00+07:00,wed,am,171.80214578550402,27.225296978066478,170,35,1.2855690804106585,ok,,google
5455744939_2037649892_0,5455744939,2037649892,0,wed_17,2026-06-03T17:00:00+07:00,2026-06-03T17:00:00+07:00,wed,pm,171.80214578550402,27.225296978066478,170,33,1.212107990101478,ok,,google
5455744939_2037649892_0,5455744939,2037649892,0,thu_01,2026-06-04T01:00:00+07:00,2026-06-04T01:00:00+07:00,thu,night,171.80214578550402,27.225296978066478,170,33,1.212107990101478,ok,,google
5455744939_2037649892_0,5455744939,2037649892,0,thu_07,2026-06-04T07:00:00+07:00,2026-06-04T07:00:00+07:00,thu,am,171.80214578550402,27.225296978066478,170,44,1.6161439868019707,ok,,google
5455744939_2037649892_0,5455744939,2037649892,0,thu_17,2026-06-04T17:00:00+07:00,2026-06-04T17:00:00+07:00,thu,pm,171.80214578550402,27.225296978066478,170,41,1.5059523513381998,ok,,google
5455744939_2037649892_0,5455744939,2037649892,0,fri_01,2026-06-05T01:00:00+07:00,2026-06-05T01:00:00+07:00,fri,night,171.80214578550402,27.225296978066478,170,28,1.0284552643285267,ok,,google
5455744939_2037649892_0,5455744939,2037649892,0,fri_07,2026-06-05T07:00:00+07:00,2026-06-05T07:00:00+07:00,fri,am,171.80214578550402,27.225296978066478,170,37,1.359030170719839,ok,,google
5455744939_2037649892_0,5455744939,2037649892,0,fri_17,2026-06-05T17:00:00+07:00,2026-06-05T17:00:00+07:00,fri,pm,171.80214578550402,27.225296978066478,170,36,1.3222996255652486,ok,,google
5455744939_2037649892_0,5455744939,2037649892,0,sat_01,2026-06-06T01:00:00+07:00,2026-06-06T01:00:00+07:00,sat,night,171.80214578550402,27.225296978066478,170,33,1.212107990101478,ok,,google
5455744939_2037649892_0,5455744939,2037649892,0,sat_07,2026-06-06T07:00:00+07:00,2026-06-06T07:00:00+07:00,sat,am,171.80214578550402,27.225296978066478,170,42,1.5426828964927901,ok,,google
5455744939_2037649892_0,5455744939,2037649892,0,sat_17,2026-06-06T17:00:00+07:00,2026-06-06T17:00:00+07:00,sat,pm,171.80214578550402,27.225296978066478,170,45,1.6528745319565608,ok,,google
5455744939_2037649892_0,5455744939,2037649892,0,sun_01,2026-06-07T01:00:00+07:00,2026-06-07T01:00:00+07:00,sun,night,171.80214578550402,27.225296978066478,170,65,2.3874854350483656,ok,,google
5455744939_2037649892_0,5455744939,2037649892,0,sun_07,2026-06-07T07:00:00+07:00,2026-06-07T07:00:00+07:00,sun,am,171.80214578550402,27.225296978066478,170,32,1.1753774449468877,ok,,google
5455744939_2037649892_0,5455744939,2037649892,0,sun_17,2026-06-07T17:00:00+07:00,2026-06-07T17:00:00+07:00,sun,pm,171.80214578550402,27.225296978066478,170,41,1.5059523513381998,ok,,google
5397822768_1667742416_0,5397822768,1667742416,0,mon_01,2026-06-01T01:00:00+07:00,2026-06-08T01:00:00+07:00,mon,night,82.70625163858672,13.106368680717667,742,90,6.866890608106399,ok,,google
5397822768_1667742416_0,5397822768,1667742416,0,mon_07,2026-06-01T07:00:00+07:00,2026-06-01T07:00:00+07:00,mon,am,82.70625163858672,13.106368680717667,742,161,12.284104310057002,ok,,google
5397822768_1667742416_0,5397822768,1667742416,0,mon_17,2026-06-01T17:00:00+07:00,2026-06-01T17:00:00+07:00,mon,pm,82.70625163858672,13.106368680717667,742,166,12.66559823272958,ok,,google
5397822768_1667742416_0,5397822768,1667742416,0,tue_01,2026-06-02T01:00:00+07:00,2026-06-02T01:00:00+07:00,tue,night,82.70625163858672,13.106368680717667,742,92,7.01948817717543,ok,,google
5397822768_1667742416_0,5397822768,1667742416,0,tue_07,2026-06-02T07:00:00+07:00,2026-06-02T07:00:00+07:00,tue,am,82.70625163858672,13.106368680717667,742,119,9.07955535960735,ok,,google
5397822768_1667742416_0,5397822768,1667742416,0,tue_17,2026-06-02T17:00:00+07:00,2026-06-02T17:00:00+07:00,tue,pm,82.70625163858672,13.106368680717667,742,209,15.946445967713748,ok,,google
5397822768_1667742416_0,5397822768,1667742416,0,wed_01,2026-06-03T01:00:00+07:00,2026-06-03T01:00:00+07:00,wed,night,82.70625163858672,13.106368680717667,742,92,7.01948817717543,ok,,google
5397822768_1667742416_0,5397822768,1667742416,0,wed_07,2026-06-03T07:00:00+07:00,2026-06-03T07:00:00+07:00,wed,am,82.70625163858672,13.106368680717667,742,116,8.850659006003802,ok,,google
5397822768_1667742416_0,5397822768,1667742416,0,wed_17,2026-06-03T17:00:00+07:00,2026-06-03T17:00:00+07:00,wed,pm,82.70625163858672,13.106368680717667,742,212,16.175342321317295,ok,,google
5397822768_1667742416_0,5397822768,1667742416,0,thu_01,2026-06-04T01:00:00+07:00,2026-06-04T01:00:00+07:00,thu,night,82.70625163858672,13.106368680717667,742,94,7.172085746244461,ok,,google
5397822768_1667742416_0,5397822768,1667742416,0,thu_07,2026-06-04T07:00:00+07:00,2026-06-04T07:00:00+07:00,thu,am,82.70625163858672,13.106368680717667,742,115,8.774360221469287,ok,,google
5397822768_1667742416_0,5397822768,1667742416,0,thu_17,2026-06-04T17:00:00+07:00,2026-06-04T17:00:00+07:00,thu,pm,82.70625163858672,13.106368680717667,742,224,17.09092773573148,ok,,google
5397822768_1667742416_0,5397822768,1667742416,0,fri_01,2026-06-05T01:00:00+07:00,2026-06-05T01:00:00+07:00,fri,night,82.70625163858672,13.106368680717667,742,94,7.172085746244461,ok,,google
5397822768_1667742416_0,5397822768,1667742416,0,fri_07,2026-06-05T07:00:00+07:00,2026-06-05T07:00:00+07:00,fri,am,82.70625163858672,13.106368680717667,742,112,8.54546386786574,ok,,google
5397822768_1667742416_0,5397822768,1667742416,0,fri_17,2026-06-05T17:00:00+07:00,2026-06-05T17:00:00+07:00,fri,pm,82.70625163858672,13.106368680717667,742,191,14.573067846092469,ok,,google
5397822768_1667742416_0,5397822768,1667742416,0,sat_01,2026-06-06T01:00:00+07:00,2026-06-06T01:00:00+07:00,sat,night,82.70625163858672,13.106368680717667,742,91,6.943189392640915,ok,,google
5397822768_1667742416_0,5397822768,1667742416,0,sat_07,2026-06-06T07:00:00+07:00,2026-06-06T07:00:00+07:00,sat,am,82.70625163858672,13.106368680717667,742,95,7.248384530778977,ok,,google
5397822768_1667742416_0,5397822768,1667742416,0,sat_17,2026-06-06T17:00:00+07:00,2026-06-06T17:00:00+07:00,sat,pm,82.70625163858672,13.106368680717667,742,166,12.66559823272958,ok,,google
5397822768_1667742416_0,5397822768,1667742416,0,sun_01,2026-06-07T01:00:00+07:00,2026-06-07T01:00:00+07:00,sun,night,82.70625163858672,13.106368680717667,742,93,7.095786961709946,ok,,google
5397822768_1667742416_0,5397822768,1667742416,0,sun_07,2026-06-07T07:00:00+07:00,2026-06-07T07:00:00+07:00,sun,am,82.70625163858672,13.106368680717667,742,94,7.172085746244461,ok,,google
5397822768_1667742416_0,5397822768,1667742416,0,sun_17,2026-06-07T17:00:00+07:00,2026-06-07T17:00:00+07:00,sun,pm,82.70625163858672,13.106368680717667,742,112,8.54546386786574,ok,,google
1980735113_1980602380_0,1980735113,1980602380,0,mon_01,2026-06-01T01:00:00+07:00,2026-06-08T01:00:00+07:00,mon,night,97.65447010501175,15.475196410899473,96,16,1.033912564026063,ok,,google
1980735113_1980602380_0,1980735113,1980602380,0,mon_07,2026-06-01T07:00:00+07:00,2026-06-01T07:00:00+07:00,mon,am,97.65447010501175,15.475196410899473,96,11,0.7108148877679182,ok,,google
1980735113_1980602380_0,1980735113,1980602380,0,mon_17,2026-06-01T17:00:00+07:00,2026-06-01T17:00:00+07:00,mon,pm,97.65447010501175,15.475196410899473,96,19,1.2277711697809497,ok,,google
1980735113_1980602380_0,1980735113,1980602380,0,tue_01,2026-06-02T01:00:00+07:00,2026-06-02T01:00:00+07:00,tue,night,97.65447010501175,15.475196410899473,96,17,1.098532099277692,ok,,google
1980735113_1980602380_0,1980735113,1980602380,0,tue_07,2026-06-02T07:00:00+07:00,2026-06-02T07:00:00+07:00,tue,am,97.65447010501175,15.475196410899473,96,14,0.904673493522805,ok,,google
1980735113_1980602380_0,1980735113,1980602380,0,tue_17,2026-06-02T17:00:00+07:00,2026-06-02T17:00:00+07:00,tue,pm,97.65447010501175,15.475196410899473,96,18,1.1631516345293207,ok,,google
1980735113_1980602380_0,1980735113,1980602380,0,wed_01,2026-06-03T01:00:00+07:00,2026-06-03T01:00:00+07:00,wed,night,97.65447010501175,15.475196410899473,96,16,1.033912564026063,ok,,google
1980735113_1980602380_0,1980735113,1980602380,0,wed_07,2026-06-03T07:00:00+07:00,2026-06-03T07:00:00+07:00,wed,am,97.65447010501175,15.475196410899473,96,13,0.8400539582711761,ok,,google
1980735113_1980602380_0,1980735113,1980602380,0,wed_17,2026-06-03T17:00:00+07:00,2026-06-03T17:00:00+07:00,wed,pm,97.65447010501175,15.475196410899473,96,18,1.1631516345293207,ok,,google
1980735113_1980602380_0,1980735113,1980602380,0,thu_01,2026-06-04T01:00:00+07:00,2026-06-04T01:00:00+07:00,thu,night,97.65447010501175,15.475196410899473,96,17,1.098532099277692,ok,,google
1980735113_1980602380_0,1980735113,1980602380,0,thu_07,2026-06-04T07:00:00+07:00,2026-06-04T07:00:00+07:00,thu,am,97.65447010501175,15.475196410899473,96,15,0.9692930287744339,ok,,google
1980735113_1980602380_0,1980735113,1980602380,0,thu_17,2026-06-04T17:00:00+07:00,2026-06-04T17:00:00+07:00,thu,pm,97.65447010501175,15.475196410899473,96,19,1.2277711697809497,ok,,google
1980735113_1980602380_0,1980735113,1980602380,0,fri_01,2026-06-05T01:00:00+07:00,2026-06-05T01:00:00+07:00,fri,night,97.65447010501175,15.475196410899473,96,15,0.9692930287744339,ok,,google
1980735113_1980602380_0,1980735113,1980602380,0,fri_07,2026-06-05T07:00:00+07:00,2026-06-05T07:00:00+07:00,fri,am,97.65447010501175,15.475196410899473,96,15,0.9692930287744339,ok,,google
1980735113_1980602380_0,1980735113,1980602380,0,fri_17,2026-06-05T17:00:00+07:00,2026-06-05T17:00:00+07:00,fri,pm,97.65447010501175,15.475196410899473,96,19,1.2277711697809497,ok,,google
1980735113_1980602380_0,1980735113,1980602380,0,sat_01,2026-06-06T01:00:00+07:00,2026-06-06T01:00:00+07:00,sat,night,97.65447010501175,15.475196410899473,96,16,1.033912564026063,ok,,google
1980735113_1980602380_0,1980735113,1980602380,0,sat_07,2026-06-06T07:00:00+07:00,2026-06-06T07:00:00+07:00,sat,am,97.65447010501175,15.475196410899473,96,12,0.7754344230195471,ok,,google
1980735113_1980602380_0,1980735113,1980602380,0,sat_17,2026-06-06T17:00:00+07:00,2026-06-06T17:00:00+07:00,sat,pm,97.65447010501175,15.475196410899473,96,16,1.033912564026063,ok,,google
1980735113_1980602380_0,1980735113,1980602380,0,sun_01,2026-06-07T01:00:00+07:00,2026-06-07T01:00:00+07:00,sun,night,97.65447010501175,15.475196410899473,96,16,1.033912564026063,ok,,google
1980735113_1980602380_0,1980735113,1980602380,0,sun_07,2026-06-07T07:00:00+07:00,2026-06-07T07:00:00+07:00,sun,am,97.65447010501175,15.475196410899473,96,12,0.7754344230195471,ok,,google
1980735113_1980602380_0,1980735113,1980602380,0,sun_17,2026-06-07T17:00:00+07:00,2026-06-07T17:00:00+07:00,sun,pm,97.65447010501175,15.475196410899473,96,16,1.033912564026063,ok,,google
1849960589_5392239630_0,1849960589,5392239630,0,mon_01,2026-06-01T01:00:00+07:00,2026-06-08T01:00:00+07:00,mon,night,142.06690517821744,22.51318612202183,141,34,1.510226043338311,ok,,google
1849960589_5392239630_0,1849960589,5392239630,0,mon_07,2026-06-01T07:00:00+07:00,2026-06-01T07:00:00+07:00,mon,am,142.06690517821744,22.51318612202183,141,36,1.5990628694170352,ok,,google
1849960589_5392239630_0,1849960589,5392239630,0,mon_17,2026-06-01T17:00:00+07:00,2026-06-01T17:00:00+07:00,mon,pm,142.06690517821744,22.51318612202183,141,45,1.998828586771294,ok,,google
1849960589_5392239630_0,1849960589,5392239630,0,tue_01,2026-06-02T01:00:00+07:00,2026-06-02T01:00:00+07:00,tue,night,142.06690517821744,22.51318612202183,141,34,1.510226043338311,ok,,google
1849960589_5392239630_0,1849960589,5392239630,0,tue_07,2026-06-02T07:00:00+07:00,2026-06-02T07:00:00+07:00,tue,am,142.06690517821744,22.51318612202183,141,35,1.5546444563776731,ok,,google
1849960589_5392239630_0,1849960589,5392239630,0,tue_17,2026-06-02T17:00:00+07:00,2026-06-02T17:00:00+07:00,tue,pm,142.06690517821744,22.51318612202183,141,43,1.9099917606925698,ok,,google
1849960589_5392239630_0,1849960589,5392239630,0,wed_01,2026-06-03T01:00:00+07:00,2026-06-03T01:00:00+07:00,wed,night,142.06690517821744,22.51318612202183,141,48,2.13208382588938,ok,,google
1849960589_5392239630_0,1849960589,5392239630,0,wed_07,2026-06-03T07:00:00+07:00,2026-06-03T07:00:00+07:00,wed,am,142.06690517821744,22.51318612202183,141,32,1.4213892172595868,ok,,google
1849960589_5392239630_0,1849960589,5392239630,0,wed_17,2026-06-03T17:00:00+07:00,2026-06-03T17:00:00+07:00,wed,pm,142.06690517821744,22.51318612202183,141,38,1.6878996954957595,ok,,google
1849960589_5392239630_0,1849960589,5392239630,0,thu_01,2026-06-04T01:00:00+07:00,2026-06-04T01:00:00+07:00,thu,night,142.06690517821744,22.51318612202183,141,34,1.510226043338311,ok,,google
1849960589_5392239630_0,1849960589,5392239630,0,thu_07,2026-06-04T07:00:00+07:00,2026-06-04T07:00:00+07:00,thu,am,142.06690517821744,22.51318612202183,141,34,1.510226043338311,ok,,google
1849960589_5392239630_0,1849960589,5392239630,0,thu_17,2026-06-04T17:00:00+07:00,2026-06-04T17:00:00+07:00,thu,pm,142.06690517821744,22.51318612202183,141,46,2.043246999810656,ok,,google
1849960589_5392239630_0,1849960589,5392239630,0,fri_01,2026-06-05T01:00:00+07:00,2026-06-05T01:00:00+07:00,fri,night,142.06690517821744,22.51318612202183,141,34,1.510226043338311,ok,,google
1849960589_5392239630_0,1849960589,5392239630,0,fri_07,2026-06-05T07:00:00+07:00,2026-06-05T07:00:00+07:00,fri,am,142.06690517821744,22.51318612202183,141,37,1.6434812824563974,ok,,google
1849960589_5392239630_0,1849960589,5392239630,0,fri_17,2026-06-05T17:00:00+07:00,2026-06-05T17:00:00+07:00,fri,pm,142.06690517821744,22.51318612202183,141,38,1.6878996954957595,ok,,google
1849960589_5392239630_0,1849960589,5392239630,0,sat_01,2026-06-06T01:00:00+07:00,2026-06-06T01:00:00+07:00,sat,night,142.06690517821744,22.51318612202183,141,34,1.510226043338311,ok,,google
1849960589_5392239630_0,1849960589,5392239630,0,sat_07,2026-06-06T07:00:00+07:00,2026-06-06T07:00:00+07:00,sat,am,142.06690517821744,22.51318612202183,141,38,1.6878996954957595,ok,,google
1849960589_5392239630_0,1849960589,5392239630,0,sat_17,2026-06-06T17:00:00+07:00,2026-06-06T17:00:00+07:00,sat,pm,142.06690517821744,22.51318612202183,141,45,1.998828586771294,ok,,google
1849960589_5392239630_0,1849960589,5392239630,0,sun_01,2026-06-07T01:00:00+07:00,2026-06-07T01:00:00+07:00,sun,night,142.06690517821744,22.51318612202183,141,42,1.8655733476532077,ok,,google
1849960589_5392239630_0,1849960589,5392239630,0,sun_07,2026-06-07T07:00:00+07:00,2026-06-07T07:00:00+07:00,sun,am,142.06690517821744,22.51318612202183,141,29,1.2881339781415007,ok,,google
1849960589_5392239630_0,1849960589,5392239630,0,sun_17,2026-06-07T17:00:00+07:00,2026-06-07T17:00:00+07:00,sun,pm,142.06690517821744,22.51318612202183,141,36,1.5990628694170352,ok,,google
3110265315_3445700805_0,3110265315,3445700805,0,mon_01,2026-06-01T01:00:00+07:00,2026-06-08T01:00:00+07:00,mon,night,62.43324102289894,9.893726998461307,69,14,1.4150380339155617,ok,,google
3110265315_3445700805_0,3110265315,3445700805,0,mon_07,2026-06-01T07:00:00+07:00,2026-06-01T07:00:00+07:00,mon,am,62.43324102289894,9.893726998461307,69,15,1.5161121791952448,ok,,google
3110265315_3445700805_0,3110265315,3445700805,0,mon_17,2026-06-01T17:00:00+07:00,2026-06-01T17:00:00+07:00,mon,pm,62.43324102289894,9.893726998461307,69,21,2.1225570508733425,ok,,google
3110265315_3445700805_0,3110265315,3445700805,0,tue_01,2026-06-02T01:00:00+07:00,2026-06-02T01:00:00+07:00,tue,night,62.43324102289894,9.893726998461307,69,13,1.3139638886358787,ok,,google
3110265315_3445700805_0,3110265315,3445700805,0,tue_07,2026-06-02T07:00:00+07:00,2026-06-02T07:00:00+07:00,tue,am,62.43324102289894,9.893726998461307,69,15,1.5161121791952448,ok,,google
3110265315_3445700805_0,3110265315,3445700805,0,tue_17,2026-06-02T17:00:00+07:00,2026-06-02T17:00:00+07:00,tue,pm,62.43324102289894,9.893726998461307,69,21,2.1225570508733425,ok,,google
3110265315_3445700805_0,3110265315,3445700805,0,wed_01,2026-06-03T01:00:00+07:00,2026-06-03T01:00:00+07:00,wed,night,62.43324102289894,9.893726998461307,69,12,1.2128897433561958,ok,,google
3110265315_3445700805_0,3110265315,3445700805,0,wed_07,2026-06-03T07:00:00+07:00,2026-06-03T07:00:00+07:00,wed,am,62.43324102289894,9.893726998461307,69,14,1.4150380339155617,ok,,google
3110265315_3445700805_0,3110265315,3445700805,0,wed_17,2026-06-03T17:00:00+07:00,2026-06-03T17:00:00+07:00,wed,pm,62.43324102289894,9.893726998461307,69,21,2.1225570508733425,ok,,google
3110265315_3445700805_0,3110265315,3445700805,0,thu_01,2026-06-04T01:00:00+07:00,2026-06-04T01:00:00+07:00,thu,night,62.43324102289894,9.893726998461307,69,12,1.2128897433561958,ok,,google
3110265315_3445700805_0,3110265315,3445700805,0,thu_07,2026-06-04T07:00:00+07:00,2026-06-04T07:00:00+07:00,thu,am,62.43324102289894,9.893726998461307,69,14,1.4150380339155617,ok,,google
3110265315_3445700805_0,3110265315,3445700805,0,thu_17,2026-06-04T17:00:00+07:00,2026-06-04T17:00:00+07:00,thu,pm,62.43324102289894,9.893726998461307,69,21,2.1225570508733425,ok,,google
3110265315_3445700805_0,3110265315,3445700805,0,fri_01,2026-06-05T01:00:00+07:00,2026-06-05T01:00:00+07:00,fri,night,62.43324102289894,9.893726998461307,69,14,1.4150380339155617,ok,,google
3110265315_3445700805_0,3110265315,3445700805,0,fri_07,2026-06-05T07:00:00+07:00,2026-06-05T07:00:00+07:00,fri,am,62.43324102289894,9.893726998461307,69,15,1.5161121791952448,ok,,google
3110265315_3445700805_0,3110265315,3445700805,0,fri_17,2026-06-05T17:00:00+07:00,2026-06-05T17:00:00+07:00,fri,pm,62.43324102289894,9.893726998461307,69,25,2.5268536319920742,ok,,google
3110265315_3445700805_0,3110265315,3445700805,0,sat_01,2026-06-06T01:00:00+07:00,2026-06-06T01:00:00+07:00,sat,night,62.43324102289894,9.893726998461307,69,13,1.3139638886358787,ok,,google
3110265315_3445700805_0,3110265315,3445700805,0,sat_07,2026-06-06T07:00:00+07:00,2026-06-06T07:00:00+07:00,sat,am,62.43324102289894,9.893726998461307,69,14,1.4150380339155617,ok,,google
3110265315_3445700805_0,3110265315,3445700805,0,sat_17,2026-06-06T17:00:00+07:00,2026-06-06T17:00:00+07:00,sat,pm,62.43324102289894,9.893726998461307,69,23,2.3247053414327086,ok,,google
3110265315_3445700805_0,3110265315,3445700805,0,sun_01,2026-06-07T01:00:00+07:00,2026-06-07T01:00:00+07:00,sun,night,62.43324102289894,9.893726998461307,69,13,1.3139638886358787,ok,,google
3110265315_3445700805_0,3110265315,3445700805,0,sun_07,2026-06-07T07:00:00+07:00,2026-06-07T07:00:00+07:00,sun,am,62.43324102289894,9.893726998461307,69,14,1.4150380339155617,ok,,google
3110265315_3445700805_0,3110265315,3445700805,0,sun_17,2026-06-07T17:00:00+07:00,2026-06-07T17:00:00+07:00,sun,pm,62.43324102289894,9.893726998461307,69,20,2.0214829055936594,ok,,google
5360355190_3278061603_0,5360355190,3278061603,0,mon_01,2026-06-01T01:00:00+07:00,2026-06-08T01:00:00+07:00,mon,night,88.20658881890722,13.97800106068042,1391,182,13.020459735974624,ok,,google
5360355190_3278061603_0,5360355190,3278061603,0,mon_07,2026-06-01T07:00:00+07:00,2026-06-01T07:00:00+07:00,mon,am,88.20658881890722,13.97800106068042,1391,205,14.665902449861528,ok,,google
5360355190_3278061603_0,5360355190,3278061603,0,mon_17,2026-06-01T17:00:00+07:00,2026-06-01T17:00:00+07:00,mon,pm,88.20658881890722,13.97800106068042,1391,281,20.103017504444338,ok,,google
5360355190_3278061603_0,5360355190,3278061603,0,tue_01,2026-06-02T01:00:00+07:00,2026-06-02T01:00:00+07:00,tue,night,88.20658881890722,13.97800106068042,1391,178,12.734295785733424,ok,,google
5360355190_3278061603_0,5360355190,3278061603,0,tue_07,2026-06-02T07:00:00+07:00,2026-06-02T07:00:00+07:00,tue,am,88.20658881890722,13.97800106068042,1391,240,17.169837014472034,ok,,google
5360355190_3278061603_0,5360355190,3278061603,0,tue_17,2026-06-02T17:00:00+07:00,2026-06-02T17:00:00+07:00,tue,pm,88.20658881890722,13.97800106068042,1391,296,21.17613231784884,ok,,google
5360355190_3278061603_0,5360355190,3278061603,0,wed_01,2026-06-03T01:00:00+07:00,2026-06-03T01:00:00+07:00,wed,night,88.20658881890722,13.97800106068042,1391,183,13.092000723534925,ok,,google
5360355190_3278061603_0,5360355190,3278061603,0,wed_07,2026-06-03T07:00:00+07:00,2026-06-03T07:00:00+07:00,wed,am,88.20658881890722,13.97800106068042,1391,228,16.31134516374843,ok,,google
5360355190_3278061603_0,5360355190,3278061603,0,wed_17,2026-06-03T17:00:00+07:00,2026-06-03T17:00:00+07:00,wed,pm,88.20658881890722,13.97800106068042,1391,294,21.033050342728238,ok,,google
5360355190_3278061603_0,5360355190,3278061603,0,thu_01,2026-06-04T01:00:00+07:00,2026-06-04T01:00:00+07:00,thu,night,88.20658881890722,13.97800106068042,1391,187,13.378164673776125,ok,,google
5360355190_3278061603_0,5360355190,3278061603,0,thu_07,2026-06-04T07:00:00+07:00,2026-06-04T07:00:00+07:00,thu,am,88.20658881890722,13.97800106068042,1391,237,16.95521405179113,ok,,google
5360355190_3278061603_0,5360355190,3278061603,0,thu_17,2026-06-04T17:00:00+07:00,2026-06-04T17:00:00+07:00,thu,pm,88.20658881890722,13.97800106068042,1391,321,22.964657006856342,ok,,google
5360355190_3278061603_0,5360355190,3278061603,0,fri_01,2026-06-05T01:00:00+07:00,2026-06-05T01:00:00+07:00,fri,night,88.20658881890722,13.97800106068042,1391,192,13.735869611577625,ok,,google
5360355190_3278061603_0,5360355190,3278061603,0,fri_07,2026-06-05T07:00:00+07:00,2026-06-05T07:00:00+07:00,fri,am,88.20658881890722,13.97800106068042,1391,235,16.812132076670533,ok,,google
5360355190_3278061603_0,5360355190,3278061603,0,fri_17,2026-06-05T17:00:00+07:00,2026-06-05T17:00:00+07:00,fri,pm,88.20658881890722,13.97800106068042,1391,297,21.24767330540914,ok,,google
5360355190_3278061603_0,5360355190,3278061603,0,sat_01,2026-06-06T01:00:00+07:00,2026-06-06T01:00:00+07:00,sat,night,88.20658881890722,13.97800106068042,1391,185,13.235082698655525,ok,,google
5360355190_3278061603_0,5360355190,3278061603,0,sat_07,2026-06-06T07:00:00+07:00,2026-06-06T07:00:00+07:00,sat,am,88.20658881890722,13.97800106068042,1391,208,14.880525412542427,ok,,google
5360355190_3278061603_0,5360355190,3278061603,0,sat_17,2026-06-06T17:00:00+07:00,2026-06-06T17:00:00+07:00,sat,pm,88.20658881890722,13.97800106068042,1391,298,21.31921429296944,ok,,google
5360355190_3278061603_0,5360355190,3278061603,0,sun_01,2026-06-07T01:00:00+07:00,2026-06-07T01:00:00+07:00,sun,night,88.20658881890722,13.97800106068042,1391,188,13.449705661336425,ok,,google
5360355190_3278061603_0,5360355190,3278061603,0,sun_07,2026-06-07T07:00:00+07:00,2026-06-07T07:00:00+07:00,sun,am,88.20658881890722,13.97800106068042,1391,214,15.309771337904229,ok,,google
5360355190_3278061603_0,5360355190,3278061603,0,sun_17,2026-06-07T17:00:00+07:00,2026-06-07T17:00:00+07:00,sun,pm,88.20658881890722,13.97800106068042,1391,277,19.81685355420314,ok,,google
11953687707_1014722675_0,11953687707,1014722675,0,mon_01,2026-06-01T01:00:00+07:00,2026-06-08T01:00:00+07:00,mon,night,68.80227708315267,10.903021133942664,68,13,1.192330074416635,ok,,google
11953687707_1014722675_0,11953687707,1014722675,0,mon_07,2026-06-01T07:00:00+07:00,2026-06-01T07:00:00+07:00,mon,am,68.80227708315267,10.903021133942664,68,17,1.5592008665448303,ok,,google
11953687707_1014722675_0,11953687707,1014722675,0,mon_17,2026-06-01T17:00:00+07:00,2026-06-01T17:00:00+07:00,mon,pm,68.80227708315267,10.903021133942664,68,25,2.292942450801221,ok,,google
11953687707_1014722675_0,11953687707,1014722675,0,tue_01,2026-06-02T01:00:00+07:00,2026-06-02T01:00:00+07:00,tue,night,68.80227708315267,10.903021133942664,68,14,1.2840477724486838,ok,,google
11953687707_1014722675_0,11953687707,1014722675,0,tue_07,2026-06-02T07:00:00+07:00,2026-06-02T07:00:00+07:00,tue,am,68.80227708315267,10.903021133942664,68,21,1.9260716586730258,ok,,google
11953687707_1014722675_0,11953687707,1014722675,0,tue_17,2026-06-02T17:00:00+07:00,2026-06-02T17:00:00+07:00,tue,pm,68.80227708315267,10.903021133942664,68,23,2.1095070547371235,ok,,google
11953687707_1014722675_0,11953687707,1014722675,0,wed_01,2026-06-03T01:00:00+07:00,2026-06-03T01:00:00+07:00,wed,night,68.80227708315267,10.903021133942664,68,13,1.192330074416635,ok,,google
11953687707_1014722675_0,11953687707,1014722675,0,wed_07,2026-06-03T07:00:00+07:00,2026-06-03T07:00:00+07:00,wed,am,68.80227708315267,10.903021133942664,68,21,1.9260716586730258,ok,,google
11953687707_1014722675_0,11953687707,1014722675,0,wed_17,2026-06-03T17:00:00+07:00,2026-06-03T17:00:00+07:00,wed,pm,68.80227708315267,10.903021133942664,68,23,2.1095070547371235,ok,,google
11953687707_1014722675_0,11953687707,1014722675,0,thu_01,2026-06-04T01:00:00+07:00,2026-06-04T01:00:00+07:00,thu,night,68.80227708315267,10.903021133942664,68,12,1.100612376384586,ok,,google
11953687707_1014722675_0,11953687707,1014722675,0,thu_07,2026-06-04T07:00:00+07:00,2026-06-04T07:00:00+07:00,thu,am,68.80227708315267,10.903021133942664,68,21,1.9260716586730258,ok,,google
11953687707_1014722675_0,11953687707,1014722675,0,thu_17,2026-06-04T17:00:00+07:00,2026-06-04T17:00:00+07:00,thu,pm,68.80227708315267,10.903021133942664,68,25,2.292942450801221,ok,,google
11953687707_1014722675_0,11953687707,1014722675,0,fri_01,2026-06-05T01:00:00+07:00,2026-06-05T01:00:00+07:00,fri,night,68.80227708315267,10.903021133942664,68,15,1.3757654704807327,ok,,google
11953687707_1014722675_0,11953687707,1014722675,0,fri_07,2026-06-05T07:00:00+07:00,2026-06-05T07:00:00+07:00,fri,am,68.80227708315267,10.903021133942664,68,21,1.9260716586730258,ok,,google
11953687707_1014722675_0,11953687707,1014722675,0,fri_17,2026-06-05T17:00:00+07:00,2026-06-05T17:00:00+07:00,fri,pm,68.80227708315267,10.903021133942664,68,23,2.1095070547371235,ok,,google
11953687707_1014722675_0,11953687707,1014722675,0,sat_01,2026-06-06T01:00:00+07:00,2026-06-06T01:00:00+07:00,sat,night,68.80227708315267,10.903021133942664,68,15,1.3757654704807327,ok,,google
11953687707_1014722675_0,11953687707,1014722675,0,sat_07,2026-06-06T07:00:00+07:00,2026-06-06T07:00:00+07:00,sat,am,68.80227708315267,10.903021133942664,68,19,1.742636262608928,ok,,google
11953687707_1014722675_0,11953687707,1014722675,0,sat_17,2026-06-06T17:00:00+07:00,2026-06-06T17:00:00+07:00,sat,pm,68.80227708315267,10.903021133942664,68,26,2.38466014883327,ok,,google
11953687707_1014722675_0,11953687707,1014722675,0,sun_01,2026-06-07T01:00:00+07:00,2026-06-07T01:00:00+07:00,sun,night,68.80227708315267,10.903021133942664,68,16,1.4674831685127814,ok,,google
11953687707_1014722675_0,11953687707,1014722675,0,sun_07,2026-06-07T07:00:00+07:00,2026-06-07T07:00:00+07:00,sun,am,68.80227708315267,10.903021133942664,68,19,1.742636262608928,ok,,google
11953687707_1014722675_0,11953687707,1014722675,0,sun_17,2026-06-07T17:00:00+07:00,2026-06-07T17:00:00+07:00,sun,pm,68.80227708315267,10.903021133942664,68,21,1.9260716586730258,ok,,google
6470450617_6470450611_0,6470450617,6470450611,0,mon_01,2026-06-01T01:00:00+07:00,2026-06-08T01:00:00+07:00,mon,night,82.0360313268598,8.163585556428975,92,21,2.5723990830796293,ok,,google
6470450617_6470450611_0,6470450617,6470450611,0,mon_07,2026-06-01T07:00:00+07:00,2026-06-01T07:00:00+07:00,mon,am,82.0360313268598,8.163585556428975,92,54,6.614740499347618,ok,,google
6470450617_6470450611_0,6470450617,6470450611,0,mon_17,2026-06-01T17:00:00+07:00,2026-06-01T17:00:00+07:00,mon,pm,82.0360313268598,8.163585556428975,92,30,3.674855832970899,ok,,google
6470450617_6470450611_0,6470450617,6470450611,0,tue_01,2026-06-02T01:00:00+07:00,2026-06-02T01:00:00+07:00,tue,night,82.0360313268598,8.163585556428975,92,22,2.6948942775119926,ok,,google
6470450617_6470450611_0,6470450617,6470450611,0,tue_07,2026-06-02T07:00:00+07:00,2026-06-02T07:00:00+07:00,tue,am,82.0360313268598,8.163585556428975,92,29,3.5523606385385356,ok,,google
6470450617_6470450611_0,6470450617,6470450611,0,tue_17,2026-06-02T17:00:00+07:00,2026-06-02T17:00:00+07:00,tue,pm,82.0360313268598,8.163585556428975,92,30,3.674855832970899,ok,,google
6470450617_6470450611_0,6470450617,6470450611,0,wed_01,2026-06-03T01:00:00+07:00,2026-06-03T01:00:00+07:00,wed,night,82.0360313268598,8.163585556428975,92,20,2.449903888647266,ok,,google
6470450617_6470450611_0,6470450617,6470450611,0,wed_07,2026-06-03T07:00:00+07:00,2026-06-03T07:00:00+07:00,wed,am,82.0360313268598,8.163585556428975,92,29,3.5523606385385356,ok,,google
6470450617_6470450611_0,6470450617,6470450611,0,wed_17,2026-06-03T17:00:00+07:00,2026-06-03T17:00:00+07:00,wed,pm,82.0360313268598,8.163585556428975,92,31,3.7973510274032622,ok,,google
6470450617_6470450611_0,6470450617,6470450611,0,thu_01,2026-06-04T01:00:00+07:00,2026-06-04T01:00:00+07:00,thu,night,82.0360313268598,8.163585556428975,92,21,2.5723990830796293,ok,,google
6470450617_6470450611_0,6470450617,6470450611,0,thu_07,2026-06-04T07:00:00+07:00,2026-06-04T07:00:00+07:00,thu,am,82.0360313268598,8.163585556428975,92,28,3.4298654441061722,ok,,google
6470450617_6470450611_0,6470450617,6470450611,0,thu_17,2026-06-04T17:00:00+07:00,2026-06-04T17:00:00+07:00,thu,pm,82.0360313268598,8.163585556428975,92,33,4.0423414162679885,ok,,google
6470450617_6470450611_0,6470450617,6470450611,0,fri_01,2026-06-05T01:00:00+07:00,2026-06-05T01:00:00+07:00,fri,night,82.0360313268598,8.163585556428975,92,21,2.5723990830796293,ok,,google
6470450617_6470450611_0,6470450617,6470450611,0,fri_07,2026-06-05T07:00:00+07:00,2026-06-05T07:00:00+07:00,fri,am,82.0360313268598,8.163585556428975,92,31,3.7973510274032622,ok,,google
6470450617_6470450611_0,6470450617,6470450611,0,fri_17,2026-06-05T17:00:00+07:00,2026-06-05T17:00:00+07:00,fri,pm,82.0360313268598,8.163585556428975,92,31,3.7973510274032622,ok,,google
6470450617_6470450611_0,6470450617,6470450611,0,sat_01,2026-06-06T01:00:00+07:00,2026-06-06T01:00:00+07:00,sat,night,82.0360313268598,8.163585556428975,92,22,2.6948942775119926,ok,,google
6470450617_6470450611_0,6470450617,6470450611,0,sat_07,2026-06-06T07:00:00+07:00,2026-06-06T07:00:00+07:00,sat,am,82.0360313268598,8.163585556428975,92,27,3.307370249673809,ok,,google
6470450617_6470450611_0,6470450617,6470450611,0,sat_17,2026-06-06T17:00:00+07:00,2026-06-06T17:00:00+07:00,sat,pm,82.0360313268598,8.163585556428975,92,30,3.674855832970899,ok,,google
6470450617_6470450611_0,6470450617,6470450611,0,sun_01,2026-06-07T01:00:00+07:00,2026-06-07T01:00:00+07:00,sun,night,82.0360313268598,8.163585556428975,92,22,2.6948942775119926,ok,,google
6470450617_6470450611_0,6470450617,6470450611,0,sun_07,2026-06-07T07:00:00+07:00,2026-06-07T07:00:00+07:00,sun,am,82.0360313268598,8.163585556428975,92,27,3.307370249673809,ok,,google
6470450617_6470450611_0,6470450617,6470450611,0,sun_17,2026-06-07T17:00:00+07:00,2026-06-07T17:00:00+07:00,sun,pm,82.0360313268598,8.163585556428975,92,31,3.7973510274032622,ok,,google
1900221419_1900221412_0,1900221419,1900221412,0,mon_01,2026-06-01T01:00:00+07:00,2026-06-08T01:00:00+07:00,mon,night,60.52903537787855,6.023377179066938,61,5,0.8300991041000249,ok,,google
1900221419_1900221412_0,1900221419,1900221412,0,mon_07,2026-06-01T07:00:00+07:00,2026-06-01T07:00:00+07:00,mon,am,60.52903537787855,6.023377179066938,61,5,0.8300991041000249,ok,,google
1900221419_1900221412_0,1900221419,1900221412,0,mon_17,2026-06-01T17:00:00+07:00,2026-06-01T17:00:00+07:00,mon,pm,60.52903537787855,6.023377179066938,61,7,1.1621387457400347,ok,,google
1900221419_1900221412_0,1900221419,1900221412,0,tue_01,2026-06-02T01:00:00+07:00,2026-06-02T01:00:00+07:00,tue,night,60.52903537787855,6.023377179066938,61,5,0.8300991041000249,ok,,google
1900221419_1900221412_0,1900221419,1900221412,0,tue_07,2026-06-02T07:00:00+07:00,2026-06-02T07:00:00+07:00,tue,am,60.52903537787855,6.023377179066938,61,5,0.8300991041000249,ok,,google
1900221419_1900221412_0,1900221419,1900221412,0,tue_17,2026-06-02T17:00:00+07:00,2026-06-02T17:00:00+07:00,tue,pm,60.52903537787855,6.023377179066938,61,8,1.3281585665600397,ok,,google
1900221419_1900221412_0,1900221419,1900221412,0,wed_01,2026-06-03T01:00:00+07:00,2026-06-03T01:00:00+07:00,wed,night,60.52903537787855,6.023377179066938,61,5,0.8300991041000249,ok,,google
1900221419_1900221412_0,1900221419,1900221412,0,wed_07,2026-06-03T07:00:00+07:00,2026-06-03T07:00:00+07:00,wed,am,60.52903537787855,6.023377179066938,61,6,0.9961189249200297,ok,,google
1900221419_1900221412_0,1900221419,1900221412,0,wed_17,2026-06-03T17:00:00+07:00,2026-06-03T17:00:00+07:00,wed,pm,60.52903537787855,6.023377179066938,61,7,1.1621387457400347,ok,,google
1900221419_1900221412_0,1900221419,1900221412,0,thu_01,2026-06-04T01:00:00+07:00,2026-06-04T01:00:00+07:00,thu,night,60.52903537787855,6.023377179066938,61,5,0.8300991041000249,ok,,google
1900221419_1900221412_0,1900221419,1900221412,0,thu_07,2026-06-04T07:00:00+07:00,2026-06-04T07:00:00+07:00,thu,am,60.52903537787855,6.023377179066938,61,6,0.9961189249200297,ok,,google
1900221419_1900221412_0,1900221419,1900221412,0,thu_17,2026-06-04T17:00:00+07:00,2026-06-04T17:00:00+07:00,thu,pm,60.52903537787855,6.023377179066938,61,8,1.3281585665600397,ok,,google
1900221419_1900221412_0,1900221419,1900221412,0,fri_01,2026-06-05T01:00:00+07:00,2026-06-05T01:00:00+07:00,fri,night,60.52903537787855,6.023377179066938,61,5,0.8300991041000249,ok,,google
1900221419_1900221412_0,1900221419,1900221412,0,fri_07,2026-06-05T07:00:00+07:00,2026-06-05T07:00:00+07:00,fri,am,60.52903537787855,6.023377179066938,61,6,0.9961189249200297,ok,,google
1900221419_1900221412_0,1900221419,1900221412,0,fri_17,2026-06-05T17:00:00+07:00,2026-06-05T17:00:00+07:00,fri,pm,60.52903537787855,6.023377179066938,61,10,1.6601982082000497,ok,,google
1900221419_1900221412_0,1900221419,1900221412,0,sat_01,2026-06-06T01:00:00+07:00,2026-06-06T01:00:00+07:00,sat,night,60.52903537787855,6.023377179066938,61,5,0.8300991041000249,ok,,google
1900221419_1900221412_0,1900221419,1900221412,0,sat_07,2026-06-06T07:00:00+07:00,2026-06-06T07:00:00+07:00,sat,am,60.52903537787855,6.023377179066938,61,5,0.8300991041000249,ok,,google
1900221419_1900221412_0,1900221419,1900221412,0,sat_17,2026-06-06T17:00:00+07:00,2026-06-06T17:00:00+07:00,sat,pm,60.52903537787855,6.023377179066938,61,10,1.6601982082000497,ok,,google
1900221419_1900221412_0,1900221419,1900221412,0,sun_01,2026-06-07T01:00:00+07:00,2026-06-07T01:00:00+07:00,sun,night,60.52903537787855,6.023377179066938,61,5,0.8300991041000249,ok,,google
1900221419_1900221412_0,1900221419,1900221412,0,sun_07,2026-06-07T07:00:00+07:00,2026-06-07T07:00:00+07:00,sun,am,60.52903537787855,6.023377179066938,61,5,0.8300991041000249,ok,,google
1900221419_1900221412_0,1900221419,1900221412,0,sun_17,2026-06-07T17:00:00+07:00,2026-06-07T17:00:00+07:00,sun,pm,60.52903537787855,6.023377179066938,61,9,1.4941783873800447,ok,,google
320093965_1013384626_0,320093965,1013384626,0,mon_01,2026-06-01T01:00:00+07:00,2026-06-08T01:00:00+07:00,mon,night,200.13568233715304,19.91594107159962,201,20,1.0042206857360234,ok,,google
320093965_1013384626_0,320093965,1013384626,0,mon_07,2026-06-01T07:00:00+07:00,2026-06-01T07:00:00+07:00,mon,am,200.13568233715304,19.91594107159962,201,21,1.0544317200228244,ok,,google
320093965_1013384626_0,320093965,1013384626,0,mon_17,2026-06-01T17:00:00+07:00,2026-06-01T17:00:00+07:00,mon,pm,200.13568233715304,19.91594107159962,201,25,1.255275857170029,ok,,google
320093965_1013384626_0,320093965,1013384626,0,tue_01,2026-06-02T01:00:00+07:00,2026-06-02T01:00:00+07:00,tue,night,200.13568233715304,19.91594107159962,201,20,1.0042206857360234,ok,,google
320093965_1013384626_0,320093965,1013384626,0,tue_07,2026-06-02T07:00:00+07:00,2026-06-02T07:00:00+07:00,tue,am,200.13568233715304,19.91594107159962,201,22,1.1046427543096256,ok,,google
320093965_1013384626_0,320093965,1013384626,0,tue_17,2026-06-02T17:00:00+07:00,2026-06-02T17:00:00+07:00,tue,pm,200.13568233715304,19.91594107159962,201,25,1.255275857170029,ok,,google
320093965_1013384626_0,320093965,1013384626,0,wed_01,2026-06-03T01:00:00+07:00,2026-06-03T01:00:00+07:00,wed,night,200.13568233715304,19.91594107159962,201,20,1.0042206857360234,ok,,google
320093965_1013384626_0,320093965,1013384626,0,wed_07,2026-06-03T07:00:00+07:00,2026-06-03T07:00:00+07:00,wed,am,200.13568233715304,19.91594107159962,201,20,1.0042206857360234,ok,,google
320093965_1013384626_0,320093965,1013384626,0,wed_17,2026-06-03T17:00:00+07:00,2026-06-03T17:00:00+07:00,wed,pm,200.13568233715304,19.91594107159962,201,24,1.205064822883228,ok,,google
320093965_1013384626_0,320093965,1013384626,0,thu_01,2026-06-04T01:00:00+07:00,2026-06-04T01:00:00+07:00,thu,night,200.13568233715304,19.91594107159962,201,20,1.0042206857360234,ok,,google
320093965_1013384626_0,320093965,1013384626,0,thu_07,2026-06-04T07:00:00+07:00,2026-06-04T07:00:00+07:00,thu,am,200.13568233715304,19.91594107159962,201,20,1.0042206857360234,ok,,google
320093965_1013384626_0,320093965,1013384626,0,thu_17,2026-06-04T17:00:00+07:00,2026-06-04T17:00:00+07:00,thu,pm,200.13568233715304,19.91594107159962,201,26,1.3054868914568303,ok,,google
320093965_1013384626_0,320093965,1013384626,0,fri_01,2026-06-05T01:00:00+07:00,2026-06-05T01:00:00+07:00,fri,night,200.13568233715304,19.91594107159962,201,21,1.0544317200228244,ok,,google
320093965_1013384626_0,320093965,1013384626,0,fri_07,2026-06-05T07:00:00+07:00,2026-06-05T07:00:00+07:00,fri,am,200.13568233715304,19.91594107159962,201,21,1.0544317200228244,ok,,google
320093965_1013384626_0,320093965,1013384626,0,fri_17,2026-06-05T17:00:00+07:00,2026-06-05T17:00:00+07:00,fri,pm,200.13568233715304,19.91594107159962,201,25,1.255275857170029,ok,,google
320093965_1013384626_0,320093965,1013384626,0,sat_01,2026-06-06T01:00:00+07:00,2026-06-06T01:00:00+07:00,sat,night,200.13568233715304,19.91594107159962,201,21,1.0544317200228244,ok,,google
320093965_1013384626_0,320093965,1013384626,0,sat_07,2026-06-06T07:00:00+07:00,2026-06-06T07:00:00+07:00,sat,am,200.13568233715304,19.91594107159962,201,20,1.0042206857360234,ok,,google
320093965_1013384626_0,320093965,1013384626,0,sat_17,2026-06-06T17:00:00+07:00,2026-06-06T17:00:00+07:00,sat,pm,200.13568233715304,19.91594107159962,201,26,1.3054868914568303,ok,,google
320093965_1013384626_0,320093965,1013384626,0,sun_01,2026-06-07T01:00:00+07:00,2026-06-07T01:00:00+07:00,sun,night,200.13568233715304,19.91594107159962,201,21,1.0544317200228244,ok,,google
320093965_1013384626_0,320093965,1013384626,0,sun_07,2026-06-07T07:00:00+07:00,2026-06-07T07:00:00+07:00,sun,am,200.13568233715304,19.91594107159962,201,20,1.0042206857360234,ok,,google
320093965_1013384626_0,320093965,1013384626,0,sun_17,2026-06-07T17:00:00+07:00,2026-06-07T17:00:00+07:00,sun,pm,200.13568233715304,19.91594107159962,201,24,1.205064822883228,ok,,google
2317306738_5356356911_0,2317306738,5356356911,0,mon_01,2026-06-01T01:00:00+07:00,2026-06-08T01:00:00+07:00,mon,night,256.9402559422041,25.5686888840047,257,26,1.0168687224422024,ok,,google
2317306738_5356356911_0,2317306738,5356356911,0,mon_07,2026-06-01T07:00:00+07:00,2026-06-01T07:00:00+07:00,mon,am,256.9402559422041,25.5686888840047,257,25,0.9777583869636561,ok,,google
2317306738_5356356911_0,2317306738,5356356911,0,mon_17,2026-06-01T17:00:00+07:00,2026-06-01T17:00:00+07:00,mon,pm,256.9402559422041,25.5686888840047,257,30,1.1733100643563874,ok,,google
2317306738_5356356911_0,2317306738,5356356911,0,tue_01,2026-06-02T01:00:00+07:00,2026-06-02T01:00:00+07:00,tue,night,256.9402559422041,25.5686888840047,257,28,1.095089393399295,ok,,google
2317306738_5356356911_0,2317306738,5356356911,0,tue_07,2026-06-02T07:00:00+07:00,2026-06-02T07:00:00+07:00,tue,am,256.9402559422041,25.5686888840047,257,26,1.0168687224422024,ok,,google
2317306738_5356356911_0,2317306738,5356356911,0,tue_17,2026-06-02T17:00:00+07:00,2026-06-02T17:00:00+07:00,tue,pm,256.9402559422041,25.5686888840047,257,30,1.1733100643563874,ok,,google
2317306738_5356356911_0,2317306738,5356356911,0,wed_01,2026-06-03T01:00:00+07:00,2026-06-03T01:00:00+07:00,wed,night,256.9402559422041,25.5686888840047,257,28,1.095089393399295,ok,,google
2317306738_5356356911_0,2317306738,5356356911,0,wed_07,2026-06-03T07:00:00+07:00,2026-06-03T07:00:00+07:00,wed,am,256.9402559422041,25.5686888840047,257,26,1.0168687224422024,ok,,google
2317306738_5356356911_0,2317306738,5356356911,0,wed_17,2026-06-03T17:00:00+07:00,2026-06-03T17:00:00+07:00,wed,pm,256.9402559422041,25.5686888840047,257,31,1.2124203998349337,ok,,google
2317306738_5356356911_0,2317306738,5356356911,0,thu_01,2026-06-04T01:00:00+07:00,2026-06-04T01:00:00+07:00,thu,night,256.9402559422041,25.5686888840047,257,26,1.0168687224422024,ok,,google
2317306738_5356356911_0,2317306738,5356356911,0,thu_07,2026-06-04T07:00:00+07:00,2026-06-04T07:00:00+07:00,thu,am,256.9402559422041,25.5686888840047,257,25,0.9777583869636561,ok,,google
2317306738_5356356911_0,2317306738,5356356911,0,thu_17,2026-06-04T17:00:00+07:00,2026-06-04T17:00:00+07:00,thu,pm,256.9402559422041,25.5686888840047,257,31,1.2124203998349337,ok,,google
2317306738_5356356911_0,2317306738,5356356911,0,fri_01,2026-06-05T01:00:00+07:00,2026-06-05T01:00:00+07:00,fri,night,256.9402559422041,25.5686888840047,257,26,1.0168687224422024,ok,,google
2317306738_5356356911_0,2317306738,5356356911,0,fri_07,2026-06-05T07:00:00+07:00,2026-06-05T07:00:00+07:00,fri,am,256.9402559422041,25.5686888840047,257,26,1.0168687224422024,ok,,google
2317306738_5356356911_0,2317306738,5356356911,0,fri_17,2026-06-05T17:00:00+07:00,2026-06-05T17:00:00+07:00,fri,pm,256.9402559422041,25.5686888840047,257,33,1.290641070792026,ok,,google
2317306738_5356356911_0,2317306738,5356356911,0,sat_01,2026-06-06T01:00:00+07:00,2026-06-06T01:00:00+07:00,sat,night,256.9402559422041,25.5686888840047,257,26,1.0168687224422024,ok,,google
2317306738_5356356911_0,2317306738,5356356911,0,sat_07,2026-06-06T07:00:00+07:00,2026-06-06T07:00:00+07:00,sat,am,256.9402559422041,25.5686888840047,257,25,0.9777583869636561,ok,,google
2317306738_5356356911_0,2317306738,5356356911,0,sat_17,2026-06-06T17:00:00+07:00,2026-06-06T17:00:00+07:00,sat,pm,256.9402559422041,25.5686888840047,257,30,1.1733100643563874,ok,,google
2317306738_5356356911_0,2317306738,5356356911,0,sun_01,2026-06-07T01:00:00+07:00,2026-06-07T01:00:00+07:00,sun,night,256.9402559422041,25.5686888840047,257,27,1.0559790579207486,ok,,google
2317306738_5356356911_0,2317306738,5356356911,0,sun_07,2026-06-07T07:00:00+07:00,2026-06-07T07:00:00+07:00,sun,am,256.9402559422041,25.5686888840047,257,26,1.0168687224422024,ok,,google
2317306738_5356356911_0,2317306738,5356356911,0,sun_17,2026-06-07T17:00:00+07:00,2026-06-07T17:00:00+07:00,sun,pm,256.9402559422041,25.5686888840047,257,31,1.2124203998349337,ok,,google
1787180514_306901687_0,1787180514,306901687,0,mon_01,2026-06-01T01:00:00+07:00,2026-06-08T01:00:00+07:00,mon,night,289.3499869790585,25.182987877737837,290,39,1.5486645265979984,ok,,google
1787180514_306901687_0,1787180514,306901687,0,mon_07,2026-06-01T07:00:00+07:00,2026-06-01T07:00:00+07:00,mon,am,289.3499869790585,25.182987877737837,290,45,1.786920607613075,ok,,google
1787180514_306901687_0,1787180514,306901687,0,mon_17,2026-06-01T17:00:00+07:00,2026-06-01T17:00:00+07:00,mon,pm,289.3499869790585,25.182987877737837,290,57,2.2634327696432286,ok,,google
1787180514_306901687_0,1787180514,306901687,0,tue_01,2026-06-02T01:00:00+07:00,2026-06-02T01:00:00+07:00,tue,night,289.3499869790585,25.182987877737837,290,35,1.389827139254614,ok,,google
1787180514_306901687_0,1787180514,306901687,0,tue_07,2026-06-02T07:00:00+07:00,2026-06-02T07:00:00+07:00,tue,am,289.3499869790585,25.182987877737837,290,50,1.9854673417923057,ok,,google
1787180514_306901687_0,1787180514,306901687,0,tue_17,2026-06-02T17:00:00+07:00,2026-06-02T17:00:00+07:00,tue,pm,289.3499869790585,25.182987877737837,290,58,2.3031421164790746,ok,,google
1787180514_306901687_0,1787180514,306901687,0,wed_01,2026-06-03T01:00:00+07:00,2026-06-03T01:00:00+07:00,wed,night,289.3499869790585,25.182987877737837,290,38,1.5089551797621523,ok,,google
1787180514_306901687_0,1787180514,306901687,0,wed_07,2026-06-03T07:00:00+07:00,2026-06-03T07:00:00+07:00,wed,am,289.3499869790585,25.182987877737837,290,48,1.9060486481206134,ok,,google
1787180514_306901687_0,1787180514,306901687,0,wed_17,2026-06-03T17:00:00+07:00,2026-06-03T17:00:00+07:00,wed,pm,289.3499869790585,25.182987877737837,290,58,2.3031421164790746,ok,,google
1787180514_306901687_0,1787180514,306901687,0,thu_01,2026-06-04T01:00:00+07:00,2026-06-04T01:00:00+07:00,thu,night,289.3499869790585,25.182987877737837,290,36,1.42953648609046,ok,,google
1787180514_306901687_0,1787180514,306901687,0,thu_07,2026-06-04T07:00:00+07:00,2026-06-04T07:00:00+07:00,thu,am,289.3499869790585,25.182987877737837,290,47,1.8663393012847673,ok,,google
1787180514_306901687_0,1787180514,306901687,0,thu_17,2026-06-04T17:00:00+07:00,2026-06-04T17:00:00+07:00,thu,pm,289.3499869790585,25.182987877737837,290,57,2.2634327696432286,ok,,google
1787180514_306901687_0,1787180514,306901687,0,fri_01,2026-06-05T01:00:00+07:00,2026-06-05T01:00:00+07:00,fri,night,289.3499869790585,25.182987877737837,290,38,1.5089551797621523,ok,,google
1787180514_306901687_0,1787180514,306901687,0,fri_07,2026-06-05T07:00:00+07:00,2026-06-05T07:00:00+07:00,fri,am,289.3499869790585,25.182987877737837,290,48,1.9060486481206134,ok,,google
1787180514_306901687_0,1787180514,306901687,0,fri_17,2026-06-05T17:00:00+07:00,2026-06-05T17:00:00+07:00,fri,pm,289.3499869790585,25.182987877737837,290,57,2.2634327696432286,ok,,google
1787180514_306901687_0,1787180514,306901687,0,sat_01,2026-06-06T01:00:00+07:00,2026-06-06T01:00:00+07:00,sat,night,289.3499869790585,25.182987877737837,290,37,1.4692458329263063,ok,,google
1787180514_306901687_0,1787180514,306901687,0,sat_07,2026-06-06T07:00:00+07:00,2026-06-06T07:00:00+07:00,sat,am,289.3499869790585,25.182987877737837,290,43,1.707501913941383,ok,,google
1787180514_306901687_0,1787180514,306901687,0,sat_17,2026-06-06T17:00:00+07:00,2026-06-06T17:00:00+07:00,sat,pm,289.3499869790585,25.182987877737837,290,55,2.184014075971536,ok,,google
1787180514_306901687_0,1787180514,306901687,0,sun_01,2026-06-07T01:00:00+07:00,2026-06-07T01:00:00+07:00,sun,night,289.3499869790585,25.182987877737837,290,37,1.4692458329263063,ok,,google
1787180514_306901687_0,1787180514,306901687,0,sun_07,2026-06-07T07:00:00+07:00,2026-06-07T07:00:00+07:00,sun,am,289.3499869790585,25.182987877737837,290,42,1.6677925671055367,ok,,google
1787180514_306901687_0,1787180514,306901687,0,sun_17,2026-06-07T17:00:00+07:00,2026-06-07T17:00:00+07:00,sun,pm,289.3499869790585,25.182987877737837,290,55,2.184014075971536,ok,,google
5344074301_3445438455_0,5344074301,3445438455,0,mon_01,2026-06-01T01:00:00+07:00,2026-06-08T01:00:00+07:00,mon,night,55.24377043921041,4.808029251412598,55,8,1.663883387907759,ok,,google
5344074301_3445438455_0,5344074301,3445438455,0,mon_07,2026-06-01T07:00:00+07:00,2026-06-01T07:00:00+07:00,mon,am,55.24377043921041,4.808029251412598,55,8,1.663883387907759,ok,,google
5344074301_3445438455_0,5344074301,3445438455,0,mon_17,2026-06-01T17:00:00+07:00,2026-06-01T17:00:00+07:00,mon,pm,55.24377043921041,4.808029251412598,55,13,2.7038105053501087,ok,,google
5344074301_3445438455_0,5344074301,3445438455,0,tue_01,2026-06-02T01:00:00+07:00,2026-06-02T01:00:00+07:00,tue,night,55.24377043921041,4.808029251412598,55,8,1.663883387907759,ok,,google
5344074301_3445438455_0,5344074301,3445438455,0,tue_07,2026-06-02T07:00:00+07:00,2026-06-02T07:00:00+07:00,tue,am,55.24377043921041,4.808029251412598,55,9,1.871868811396229,ok,,google
5344074301_3445438455_0,5344074301,3445438455,0,tue_17,2026-06-02T17:00:00+07:00,2026-06-02T17:00:00+07:00,tue,pm,55.24377043921041,4.808029251412598,55,12,2.4958250818616388,ok,,google
5344074301_3445438455_0,5344074301,3445438455,0,wed_01,2026-06-03T01:00:00+07:00,2026-06-03T01:00:00+07:00,wed,night,55.24377043921041,4.808029251412598,55,7,1.4558979644192893,ok,,google
5344074301_3445438455_0,5344074301,3445438455,0,wed_07,2026-06-03T07:00:00+07:00,2026-06-03T07:00:00+07:00,wed,am,55.24377043921041,4.808029251412598,55,9,1.871868811396229,ok,,google
5344074301_3445438455_0,5344074301,3445438455,0,wed_17,2026-06-03T17:00:00+07:00,2026-06-03T17:00:00+07:00,wed,pm,55.24377043921041,4.808029251412598,55,13,2.7038105053501087,ok,,google
5344074301_3445438455_0,5344074301,3445438455,0,thu_01,2026-06-04T01:00:00+07:00,2026-06-04T01:00:00+07:00,thu,night,55.24377043921041,4.808029251412598,55,7,1.4558979644192893,ok,,google
5344074301_3445438455_0,5344074301,3445438455,0,thu_07,2026-06-04T07:00:00+07:00,2026-06-04T07:00:00+07:00,thu,am,55.24377043921041,4.808029251412598,55,9,1.871868811396229,ok,,google
5344074301_3445438455_0,5344074301,3445438455,0,thu_17,2026-06-04T17:00:00+07:00,2026-06-04T17:00:00+07:00,thu,pm,55.24377043921041,4.808029251412598,55,12,2.4958250818616388,ok,,google
5344074301_3445438455_0,5344074301,3445438455,0,fri_01,2026-06-05T01:00:00+07:00,2026-06-05T01:00:00+07:00,fri,night,55.24377043921041,4.808029251412598,55,8,1.663883387907759,ok,,google
5344074301_3445438455_0,5344074301,3445438455,0,fri_07,2026-06-05T07:00:00+07:00,2026-06-05T07:00:00+07:00,fri,am,55.24377043921041,4.808029251412598,55,8,1.663883387907759,ok,,google
5344074301_3445438455_0,5344074301,3445438455,0,fri_17,2026-06-05T17:00:00+07:00,2026-06-05T17:00:00+07:00,fri,pm,55.24377043921041,4.808029251412598,55,13,2.7038105053501087,ok,,google
5344074301_3445438455_0,5344074301,3445438455,0,sat_01,2026-06-06T01:00:00+07:00,2026-06-06T01:00:00+07:00,sat,night,55.24377043921041,4.808029251412598,55,8,1.663883387907759,ok,,google
5344074301_3445438455_0,5344074301,3445438455,0,sat_07,2026-06-06T07:00:00+07:00,2026-06-06T07:00:00+07:00,sat,am,55.24377043921041,4.808029251412598,55,7,1.4558979644192893,ok,,google
5344074301_3445438455_0,5344074301,3445438455,0,sat_17,2026-06-06T17:00:00+07:00,2026-06-06T17:00:00+07:00,sat,pm,55.24377043921041,4.808029251412598,55,13,2.7038105053501087,ok,,google
5344074301_3445438455_0,5344074301,3445438455,0,sun_01,2026-06-07T01:00:00+07:00,2026-06-07T01:00:00+07:00,sun,night,55.24377043921041,4.808029251412598,55,7,1.4558979644192893,ok,,google
5344074301_3445438455_0,5344074301,3445438455,0,sun_07,2026-06-07T07:00:00+07:00,2026-06-07T07:00:00+07:00,sun,am,55.24377043921041,4.808029251412598,55,7,1.4558979644192893,ok,,google
5344074301_3445438455_0,5344074301,3445438455,0,sun_17,2026-06-07T17:00:00+07:00,2026-06-07T17:00:00+07:00,sun,pm,55.24377043921041,4.808029251412598,55,11,2.287839658373169,ok,,google
1665251112_3249461526_0,1665251112,3249461526,0,mon_01,2026-06-01T01:00:00+07:00,2026-06-08T01:00:00+07:00,mon,night,137.44947768872902,11.962635860381688,136,19,1.588278722327821,ok,,google
1665251112_3249461526_0,1665251112,3249461526,0,mon_07,2026-06-01T07:00:00+07:00,2026-06-01T07:00:00+07:00,mon,am,137.44947768872902,11.962635860381688,136,108,9.028110632179192,ok,,google
1665251112_3249461526_0,1665251112,3249461526,0,mon_17,2026-06-01T17:00:00+07:00,2026-06-01T17:00:00+07:00,mon,pm,137.44947768872902,11.962635860381688,136,34,2.842182976797153,ok,,google
1665251112_3249461526_0,1665251112,3249461526,0,tue_01,2026-06-02T01:00:00+07:00,2026-06-02T01:00:00+07:00,tue,night,137.44947768872902,11.962635860381688,136,18,1.5046851053631987,ok,,google
1665251112_3249461526_0,1665251112,3249461526,0,tue_07,2026-06-02T07:00:00+07:00,2026-06-02T07:00:00+07:00,tue,am,137.44947768872902,11.962635860381688,136,52,4.346868082160352,ok,,google
1665251112_3249461526_0,1665251112,3249461526,0,tue_17,2026-06-02T17:00:00+07:00,2026-06-02T17:00:00+07:00,tue,pm,137.44947768872902,11.962635860381688,136,31,2.591402125903287,ok,,google
1665251112_3249461526_0,1665251112,3249461526,0,wed_01,2026-06-03T01:00:00+07:00,2026-06-03T01:00:00+07:00,wed,night,137.44947768872902,11.962635860381688,136,18,1.5046851053631987,ok,,google
1665251112_3249461526_0,1665251112,3249461526,0,wed_07,2026-06-03T07:00:00+07:00,2026-06-03T07:00:00+07:00,wed,am,137.44947768872902,11.962635860381688,136,52,4.346868082160352,ok,,google
1665251112_3249461526_0,1665251112,3249461526,0,wed_17,2026-06-03T17:00:00+07:00,2026-06-03T17:00:00+07:00,wed,pm,137.44947768872902,11.962635860381688,136,31,2.591402125903287,ok,,google
1665251112_3249461526_0,1665251112,3249461526,0,thu_01,2026-06-04T01:00:00+07:00,2026-06-04T01:00:00+07:00,thu,night,137.44947768872902,11.962635860381688,136,19,1.588278722327821,ok,,google
1665251112_3249461526_0,1665251112,3249461526,0,thu_07,2026-06-04T07:00:00+07:00,2026-06-04T07:00:00+07:00,thu,am,137.44947768872902,11.962635860381688,136,52,4.346868082160352,ok,,google
1665251112_3249461526_0,1665251112,3249461526,0,thu_17,2026-06-04T17:00:00+07:00,2026-06-04T17:00:00+07:00,thu,pm,137.44947768872902,11.962635860381688,136,36,3.0093702107263973,ok,,google
1665251112_3249461526_0,1665251112,3249461526,0,fri_01,2026-06-05T01:00:00+07:00,2026-06-05T01:00:00+07:00,fri,night,137.44947768872902,11.962635860381688,136,19,1.588278722327821,ok,,google
1665251112_3249461526_0,1665251112,3249461526,0,fri_07,2026-06-05T07:00:00+07:00,2026-06-05T07:00:00+07:00,fri,am,137.44947768872902,11.962635860381688,136,51,4.26327446519573,ok,,google
1665251112_3249461526_0,1665251112,3249461526,0,fri_17,2026-06-05T17:00:00+07:00,2026-06-05T17:00:00+07:00,fri,pm,137.44947768872902,11.962635860381688,136,31,2.591402125903287,ok,,google
1665251112_3249461526_0,1665251112,3249461526,0,sat_01,2026-06-06T01:00:00+07:00,2026-06-06T01:00:00+07:00,sat,night,137.44947768872902,11.962635860381688,136,19,1.588278722327821,ok,,google
1665251112_3249461526_0,1665251112,3249461526,0,sat_07,2026-06-06T07:00:00+07:00,2026-06-06T07:00:00+07:00,sat,am,137.44947768872902,11.962635860381688,136,56,4.68124255001884,ok,,google
1665251112_3249461526_0,1665251112,3249461526,0,sat_17,2026-06-06T17:00:00+07:00,2026-06-06T17:00:00+07:00,sat,pm,137.44947768872902,11.962635860381688,136,42,3.5109319125141303,ok,,google
1665251112_3249461526_0,1665251112,3249461526,0,sun_01,2026-06-07T01:00:00+07:00,2026-06-07T01:00:00+07:00,sun,night,137.44947768872902,11.962635860381688,136,20,1.671872339292443,ok,,google
1665251112_3249461526_0,1665251112,3249461526,0,sun_07,2026-06-07T07:00:00+07:00,2026-06-07T07:00:00+07:00,sun,am,137.44947768872902,11.962635860381688,136,59,4.932023400912707,ok,,google
1665251112_3249461526_0,1665251112,3249461526,0,sun_17,2026-06-07T17:00:00+07:00,2026-06-07T17:00:00+07:00,sun,pm,137.44947768872902,11.962635860381688,136,31,2.591402125903287,ok,,google
6583477353_3115552767_0,6583477353,3115552767,0,mon_01,2026-06-01T01:00:00+07:00,2026-06-08T01:00:00+07:00,mon,night,359.60483340454283,31.297475610593178,361,53,1.6934273121395522,ok,,google
6583477353_3115552767_0,6583477353,3115552767,0,mon_07,2026-06-01T07:00:00+07:00,2026-06-01T07:00:00+07:00,mon,am,359.60483340454283,31.297475610593178,361,86,2.747825449886821,ok,,google
6583477353_3115552767_0,6583477353,3115552767,0,mon_17,2026-06-01T17:00:00+07:00,2026-06-01T17:00:00+07:00,mon,pm,359.60483340454283,31.297475610593178,361,96,3.0673400370829627,ok,,google
6583477353_3115552767_0,6583477353,3115552767,0,tue_01,2026-06-02T01:00:00+07:00,2026-06-02T01:00:00+07:00,tue,night,359.60483340454283,31.297475610593178,361,59,1.8851360644572375,ok,,google
6583477353_3115552767_0,6583477353,3115552767,0,tue_07,2026-06-02T07:00:00+07:00,2026-06-02T07:00:00+07:00,tue,am,359.60483340454283,31.297475610593178,361,65,2.0768448167749227,ok,,google
6583477353_3115552767_0,6583477353,3115552767,0,tue_17,2026-06-02T17:00:00+07:00,2026-06-02T17:00:00+07:00,tue,pm,359.60483340454283,31.297475610593178,361,88,2.811728367326049,ok,,google
6583477353_3115552767_0,6583477353,3115552767,0,wed_01,2026-06-03T01:00:00+07:00,2026-06-03T01:00:00+07:00,wed,night,359.60483340454283,31.297475610593178,361,54,1.7253787708591666,ok,,google
6583477353_3115552767_0,6583477353,3115552767,0,wed_07,2026-06-03T07:00:00+07:00,2026-06-03T07:00:00+07:00,wed,am,359.60483340454283,31.297475610593178,361,67,2.140747734214151,ok,,google
6583477353_3115552767_0,6583477353,3115552767,0,wed_17,2026-06-03T17:00:00+07:00,2026-06-03T17:00:00+07:00,wed,pm,359.60483340454283,31.297475610593178,361,102,3.259048789400648,ok,,google
6583477353_3115552767_0,6583477353,3115552767,0,thu_01,2026-06-04T01:00:00+07:00,2026-06-04T01:00:00+07:00,thu,night,359.60483340454283,31.297475610593178,361,52,1.661475853419938,ok,,google
6583477353_3115552767_0,6583477353,3115552767,0,thu_07,2026-06-04T07:00:00+07:00,2026-06-04T07:00:00+07:00,thu,am,359.60483340454283,31.297475610593178,361,66,2.108796275494537,ok,,google
6583477353_3115552767_0,6583477353,3115552767,0,thu_17,2026-06-04T17:00:00+07:00,2026-06-04T17:00:00+07:00,thu,pm,359.60483340454283,31.297475610593178,361,94,3.0034371196437344,ok,,google
6583477353_3115552767_0,6583477353,3115552767,0,fri_01,2026-06-05T01:00:00+07:00,2026-06-05T01:00:00+07:00,fri,night,359.60483340454283,31.297475610593178,361,61,1.949038981896466,ok,,google
6583477353_3115552767_0,6583477353,3115552767,0,fri_07,2026-06-05T07:00:00+07:00,2026-06-05T07:00:00+07:00,fri,am,359.60483340454283,31.297475610593178,361,67,2.140747734214151,ok,,google
6583477353_3115552767_0,6583477353,3115552767,0,fri_17,2026-06-05T17:00:00+07:00,2026-06-05T17:00:00+07:00,fri,pm,359.60483340454283,31.297475610593178,361,99,3.1631944132418055,ok,,google
6583477353_3115552767_0,6583477353,3115552767,0,sat_01,2026-06-06T01:00:00+07:00,2026-06-06T01:00:00+07:00,sat,night,359.60483340454283,31.297475610593178,361,55,1.7573302295787807,ok,,google
6583477353_3115552767_0,6583477353,3115552767,0,sat_07,2026-06-06T07:00:00+07:00,2026-06-06T07:00:00+07:00,sat,am,359.60483340454283,31.297475610593178,361,63,2.0129418993356945,ok,,google
6583477353_3115552767_0,6583477353,3115552767,0,sat_17,2026-06-06T17:00:00+07:00,2026-06-06T17:00:00+07:00,sat,pm,359.60483340454283,31.297475610593178,361,83,2.651971073727978,ok,,google
6583477353_3115552767_0,6583477353,3115552767,0,sun_01,2026-06-07T01:00:00+07:00,2026-06-07T01:00:00+07:00,sun,night,359.60483340454283,31.297475610593178,361,54,1.7253787708591666,ok,,google
6583477353_3115552767_0,6583477353,3115552767,0,sun_07,2026-06-07T07:00:00+07:00,2026-06-07T07:00:00+07:00,sun,am,359.60483340454283,31.297475610593178,361,60,1.9170875231768516,ok,,google
6583477353_3115552767_0,6583477353,3115552767,0,sun_17,2026-06-07T17:00:00+07:00,2026-06-07T17:00:00+07:00,sun,pm,359.60483340454283,31.297475610593178,361,69,2.2046506516533793,ok,,google
